Jahr,Wahlkreis,Wahlberechtigte,Wählende,Direkt gewählter Abgeordnete,Erststimmen CDU/CSU,Erststimmen SPD,Erststimmen Grüne,Erststimmen FDP,Erststimmen Linke,Erststimmen AfD,Erststimmen FW,Erststimmen BSW,Erststimmen Sonstige,Zweitstimmen CDU/CSU,Zweitstimmen SPD,Zweitstimmen Grüne,Zweitstimmen FDP,Zweitstimmen Linke,Zweitstimmen AfD,Zweitstimmen FW,Zweitstimmen BSW,Zweitstimmen Sonstige
2013,Flensburg - Schleswig,226944,162749,CDU/CSU,68235,59718,12491,3039,7436,5234,,,4373,61347,52396,15734,8065,9084,6563,1042,,6405
2013,Nordfriesland - Dithmarschen Nord,186177,131527,CDU/CSU,64678,41714,8465,3172,4653,3973,,,3224,56383,38590,10547,8321,5733,4994,755,,4721
2013,Steinburg - Dithmarschen Süd,176731,126409,CDU/CSU,56669,42476,6386,6324,4909,4468,,,3654,52408,37502,9485,7689,6286,5492,869,,5227
2013,Rendsburg-Eckernförde,198903,149583,CDU/CSU,66775,54397,10306,2754,4902,5084,,,3622,60349,46658,13707,8126,6447,6500,716,,5464
2013,Kiel,205243,146452,SPD,47925,62271,14435,3069,7622,4040,,,5416,43893,50262,20394,7708,10023,5379,473,,6837
2013,Plön - Neumünster,174746,127093,CDU/CSU,54833,47085,7979,2322,4708,4837,,,3648,48683,41094,11577,6722,5987,5901,711,,4898
2013,Pinneberg,235610,179055,CDU/CSU,80483,64006,11324,3303,6985,6766,,,4485,72006,55371,15291,9863,8910,8479,786,,6667
2013,Segeberg - Stormarn-Mitte,244240,183250,CDU/CSU,82471,63998,11141,3722,7003,6879,1565,,4736,74161,54691,15695,10449,9112,9034,1129,,7319
2013,Ostholstein - Stormarn-Nord,180022,131939,CDU/CSU,59783,48349,7145,2962,4469,4897,,,2783,53705,41134,10490,8036,5663,6471,709,,4279
2013,Herzogtum Lauenburg - Stormarn-Süd,241257,182982,CDU/CSU,81954,62749,12774,3901,6834,8351,,,4711,73603,53944,16579,10878,8962,10210,776,,6470
2013,Lübeck,181923,124711,SPD,44896,50119,9475,2958,6662,4152,1113,,3773,42218,42083,13638,5857,7970,5323,781,,5401
2013,Schwerin - Ludwigslust-Parchim I - Nordwestmecklenburg I,220166,148614,CDU/CSU,56966,37864,5205,2255,32404,,2920,,8494,59081,31566,6538,3303,29869,7736,1398,,6988
2013,Ludwigslust-Parchim II - Nordwestmecklenburg II - Landkreis Rostock I,208976,137171,CDU/CSU,57917,30711,4641,2125,30812,,1398,,7208,56922,26641,5448,3006,28803,7138,1106,,6121
2013,Rostock - Landkreis Rostock II,223885,152820,CDU/CSU,52661,27498,11216,1606,46160,,1385,,9625,57188,29010,9874,2911,35792,8196,1109,,6694
2013,Vorpommern-Rügen - Vorpommern-Greifswald I,244880,157402,CDU/CSU,87142,21688,4728,1227,29847,,1205,,9098,69683,22630,7372,4067,31930,10159,1466,,7669
2013,Mecklenburgische Seenplatte I - Vorpommern-Greifswald II,234110,148874,CDU/CSU,67069,22870,3359,2695,34972,,2781,,12350,65767,21603,4010,2910,31658,8850,1523,,10039
2013,Mecklenburgische Seenplatte II - Landkreis Rostock III,218688,136837,CDU/CSU,62852,25029,4083,1983,30284,,2024,,7387,60407,22981,4474,2771,28819,6806,1402,,6309
2013,Hamburg-Mitte,256862,168465,SPD,46753,64997,19943,2878,15693,5525,700,,9531,44947,55721,22645,6458,18124,7186,589,,10543
2013,Hamburg-Altona,182776,135857,SPD,43609,46918,18380,2627,13759,3094,497,,5519,39581,40009,22167,7353,14525,4321,384,,6124
2013,Hamburg-Eimsbüttel,189772,143084,SPD,47112,53105,18399,3264,9728,4034,427,,5369,43989,44492,22074,7308,12137,5197,397,,6046
2013,Hamburg-Nord,211824,163950,CDU/CSU,64459,56421,19343,3921,7626,5708,637,,4169,59244,49039,20357,10242,10615,6721,392,,5828
2013,Hamburg-Wandsbek,218797,147153,SPD,54002,58029,9320,2783,9594,6026,737,,4702,50641,50339,12667,6556,11078,7093,560,,6424
2013,Hamburg-Bergedorf - Harburg,221887,142704,SPD,50044,56867,9088,2234,10595,5448,727,,5612,47525,49302,12916,4952,11817,6624,534,,7046
2013,Aurich - Emden,190987,134256,SPD,42737,66348,12627,2085,6373,,1869,,0,43026,58080,11028,4323,6588,4136,713,,4638
2013,Unterems,232784,166959,CDU/CSU,90236,51409,8441,4288,6426,,1820,,2243,80616,51079,9506,6537,6771,4870,747,,5188
2013,Friesland - Wilhelmshaven - Wittmund,190034,134162,SPD,52275,58178,7362,3024,6736,,2538,,1680,50796,48011,9731,5670,6814,5479,1106,,4795
2013,Oldenburg - Ammerland,220409,163543,SPD,59525,60547,18552,3966,8794,5502,1147,,3762,57067,52856,20170,8210,10523,6833,923,,5559
2013,Delmenhorst - Wesermarsch - Oldenburg-Land,227719,162698,CDU/CSU,63832,63256,9784,5263,7273,5292,1299,,4640,62620,54848,13059,8035,8814,6359,1072,,5980
2013,Cuxhaven - Stade II,187640,137151,CDU/CSU,63431,49395,8326,1872,4904,4034,,,3699,59699,45534,9592,4924,6241,4753,586,,4638
2013,Stade I - Rotenburg II,194958,145131,CDU/CSU,68545,49111,9099,2505,4878,5632,758,,3442,64472,44598,11209,6023,6021,6531,620,,4710
2013,Mittelems,228051,170444,CDU/CSU,99705,48903,8393,2673,4543,3777,,,879,94923,44069,9160,7032,5107,4331,285,,4331
2013,Cloppenburg - Vechta,216300,153769,CDU/CSU,101015,32422,5702,2812,3821,3238,1451,,1892,96401,30168,6488,7073,4259,3576,799,,3800
2013,Diepholz - Nienburg I,193097,142350,CDU/CSU,66862,47067,10651,2797,4933,3571,903,,4070,61404,44431,11556,6929,6359,4840,673,,4943
2013,Osterholz - Verden,193643,144923,CDU/CSU,63174,53660,9729,1359,7195,4499,,,3805,57243,47413,13708,5235,8008,5487,392,,5729
2013,Rotenburg I - Heidekreis,167867,122823,CDU/CSU,54448,49301,6026,2097,4758,,1384,,3492,53163,38018,10332,4930,5572,4586,796,,4432
2013,Harburg,194856,152819,CDU/CSU,68458,47908,10754,5110,5472,8704,1509,,3488,64905,42915,14078,7382,6641,9069,1145,,5465
2013,Lüchow-Dannenberg - Lüneburg,179069,133574,CDU/CSU,52644,44491,15918,2112,7784,4925,,,4325,48756,38415,18892,5281,9202,5852,402,,5616
2013,Osnabrück-Land,197532,144853,CDU/CSU,76179,46365,8330,2546,5162,,816,,4065,68972,42214,11046,6599,5783,4060,478,,4581
2013,Stadt Osnabrück,194231,142840,CDU/CSU,64416,49059,12568,3934,5840,,828,,4276,60754,43099,15390,5874,7188,3765,472,,4657
2013,Nienburg II - Schaumburg,195948,141773,SPD,58349,62641,8173,1950,4649,,,,4547,56279,51043,11370,4993,6006,5514,436,,4976
2013,Stadt Hannover I,181122,129867,SPD,46650,55711,9876,1889,6435,4051,790,,2577,42910,45441,15718,6043,7993,4654,505,,4735
2013,Stadt Hannover II,193157,141215,SPD,47180,59686,14229,2050,8657,3802,,,3740,41684,48292,21559,5983,11129,4749,398,,5496
2013,Hannover-Land I,232941,176671,CDU/CSU,77509,67440,8735,4504,6220,5393,1109,,4103,72286,57922,14308,8725,7931,7038,937,,5994
2013,Celle - Uelzen,215285,157058,CDU/CSU,75369,53237,9563,2091,5655,6591,1313,,1677,68568,46931,12071,6478,7085,7722,982,,5860
2013,Gifhorn - Peine,217256,161941,SPD,67368,69259,7666,2266,6810,,934,,5850,64451,57875,11855,5648,7575,5786,671,,6607
2013,Hameln-Pyrmont - Holzminden,191980,137839,SPD,53726,57484,8202,2496,6308,4971,,,2577,50937,49411,11428,5985,7201,5550,461,,4923
2013,Hannover-Land II,240409,182963,SPD,75761,78433,9422,2567,7350,,1972,,5391,69644,65169,16212,7228,8669,6958,1044,,6367
2013,Hildesheim,219571,164796,CDU/CSU,68653,66986,13771,2489,7909,,,,2537,63041,59319,14587,5589,8120,5601,455,,6285
2013,Salzgitter - Wolfenbüttel,208990,152599,SPD,55720,70080,6630,1582,6524,4548,1248,,4059,53593,58881,11013,5142,8461,5938,1046,,5907
2013,Braunschweig,193799,143752,SPD,49710,61952,10117,3243,7119,3894,908,,5160,48419,47741,17614,6214,9527,5092,724,,6954
2013,Helmstedt - Wolfsburg,187425,133269,CDU/CSU,58760,50826,6666,1839,5731,,1049,,6471,54188,45837,9004,4796,6440,4892,643,,5975
2013,Goslar - Northeim - Osterode,208311,149429,SPD,61723,62209,7833,2249,6805,,1402,,4609,55775,55985,10141,6099,7475,5733,835,,5221
2013,Göttingen,222102,165814,SPD,62558,66192,16740,2633,8581,,2187,,4949,59000,54410,20076,6667,10432,6121,1427,,6170
2013,Bremen I,256547,184512,SPD,55198,69161,25342,4171,15186,5336,,,7990,55254,60502,25448,7168,18502,6263,398,,9161
2013,Bremen II - Bremerhaven,227276,148510,SPD,42067,64276,12325,2189,13335,5428,,,6807,41205,56702,14566,4036,14782,6044,416,,8965
2013,Prignitz - Ostprignitz-Ruppin - Havelland I,162624,103904,CDU/CSU,34115,30079,2790,1294,24519,,,,8951,37305,25638,3532,2299,23048,4761,772,,4867
2013,Uckermark - Barnim I,160234,100634,CDU/CSU,38394,23235,2825,1565,25673,,1233,,5830,36377,22475,3580,2069,23572,4776,877,,5193
2013,Oberhavel - Havelland II,250706,177378,CDU/CSU,65081,48668,8510,2571,34046,,2481,,12362,63199,41603,9861,5119,32023,11713,1577,,9426
2013,Märkisch-Oderland - Barnim II,251583,175093,CDU/CSU,58210,34745,5876,1887,56391,,2476,,11586,55340,37323,7213,3816,44996,10981,2135,,9519
2013,Brandenburg an der Havel - Potsdam-Mittelmark I - Havelland III - Teltow-Fläming I,191014,124176,SPD,39973,40306,2952,1911,28974,,,,7626,41489,32002,4578,2780,27921,5929,933,,6339
2013,Potsdam - Potsdam-Mittelmark II - Teltow-Fläming II,244812,182227,CDU/CSU,58399,57669,12903,3200,35914,,,,11054,56449,44723,16241,5900,37294,10282,1045,,7963
2013,Dahme-Spreewald - Teltow-Fläming III - Oberspreewald-Lausitz I,240784,169480,CDU/CSU,61487,45078,6324,1989,36284,,3670,,11170,57867,37780,7425,4526,36310,10605,2381,,9557
2013,Frankfurt (Oder) - Oder-Spree,199341,135293,CDU/CSU,44822,32291,5192,2252,37008,,,,10561,44301,29631,5266,2922,32862,8562,1219,,8067
2013,Cottbus - Spree-Neiße,187157,125920,CDU/CSU,44301,29510,3278,2498,24681,,,,18963,44230,26863,4382,2984,27965,8555,1355,,7379
2013,Elbe-Elster - Oberspreewald-Lausitz II,177689,118680,CDU/CSU,47454,26132,2899,2085,27137,,,,10305,46044,23136,3104,2950,25321,6911,1122,,7927
2013,Altmark,172378,107895,CDU/CSU,44686,18616,2998,1489,32164,,931,,5154,44655,20196,3542,2278,26180,3826,722,,4818
2013,Börde - Jerichower Land,228139,141814,CDU/CSU,61890,32118,3611,3686,29759,,2854,,4920,60207,27279,4281,3995,30235,5380,1630,,6319
2013,Harz,224917,132539,CDU/CSU,59779,24875,4928,1852,29860,,1111,,7539,56619,24407,4716,2961,29875,4924,929,,5768
2013,Magdeburg,244267,154404,CDU/CSU,55046,38153,6073,2090,38231,,1875,,10100,56982,31763,8490,3687,36473,6355,1256,,7020
2013,Dessau - Wittenberg,185954,120805,CDU/CSU,53048,20545,5196,1489,26015,5575,2234,,4867,50633,20354,4703,2892,27136,6050,1728,,5551
2013,Anhalt,236732,140667,CDU/CSU,56514,21244,2884,2778,39715,6314,2945,,5559,57357,23224,3572,3556,35425,6635,1848,,6552
2013,Halle,219667,143332,CDU/CSU,51206,32957,5286,2958,36006,4768,1307,,6659,53265,25259,10185,4418,34449,5879,1147,,6688
2013,Burgenland - Saalekreis,201043,123809,CDU/CSU,54544,18791,4760,1879,31300,,2581,,7784,52194,19850,3732,3374,28933,5234,1695,,6835
2013,Mansfeld,217783,132983,CDU/CSU,54705,23560,3193,2458,35982,,2232,,8281,53869,22399,3637,3837,33613,5378,1403,,6558
2013,Berlin-Mitte,204085,141574,SPD,33265,39360,25687,2088,23200,4212,239,,11241,31544,36403,23329,5134,26068,5443,304,,11175
2013,Berlin-Pankow,235344,175061,Linke,41295,36180,25442,1581,48926,7088,861,,11274,40617,38030,24300,4380,43472,8372,665,,12988
2013,Berlin-Reinickendorf,182934,133484,CDU/CSU,58845,38593,8790,2605,8508,5852,624,,7064,52545,34571,11427,5708,10394,7906,661,,7844
2013,Berlin-Spandau - Charlottenburg Nord,187363,130485,CDU/CSU,50071,47790,5942,1788,9199,5543,555,,6875,46757,36932,10542,4856,12146,7458,550,,8605
2013,Berlin-Steglitz - Zehlendorf,220007,175539,CDU/CSU,73460,50540,20416,4605,9102,7321,598,,6938,64500,44371,23487,11057,12426,9257,552,,7787
2013,Berlin-Charlottenburg - Wilmersdorf,197797,153420,CDU/CSU,56079,47619,22176,3801,9368,5649,478,,6164,49285,41058,23324,10347,13446,7276,457,,6472
2013,Berlin-Tempelhof - Schöneberg,235259,177205,CDU/CSU,60926,45659,35461,2585,12801,6391,905,,9431,55275,47834,26941,7134,17937,7988,759,,10564
2013,Berlin-Neukölln,205635,140825,SPD,42092,44528,16126,1861,16144,4140,794,,12038,40038,36211,19156,4122,19677,5832,689,,12232
2013,Berlin-Friedrichshain-Kreuzberg - Prenzlauer Berg Ost,226240,168048,Grüne,22723,29799,66056,1647,28441,3325,515,,13225,25474,39784,34420,3579,41639,4623,477,,15694
2013,Berlin-Treptow - Köpenick,201629,148406,Linke,33036,26093,7344,1429,61661,5788,855,,10013,37170,31204,10787,2904,43118,8106,894,,12098
2013,Berlin-Marzahn - Hellersdorf,203968,132817,Linke,33552,22341,4071,938,50866,6347,717,,11907,33947,25103,5068,2278,43026,8319,752,,12239
2013,Berlin-Lichtenberg,205457,138551,Linke,30988,26636,5748,939,54932,5827,997,,10225,31491,27886,7956,2117,47158,7480,771,,11542
2013,Aachen I,179933,134447,CDU/CSU,54175,46907,11931,2883,8225,2961,605,,5284,48728,36432,17485,8401,10212,4149,555,,7272
2013,Aachen II,228375,164576,CDU/CSU,73621,57635,9096,3827,9418,,,,7952,66328,52897,10220,7948,10538,5337,551,,8449
2013,Heinsberg,188266,134521,CDU/CSU,70649,37444,7511,2921,5720,3043,,,5028,65417,34895,7336,6543,6915,4652,437,,6444
2013,Düren,199550,145541,CDU/CSU,71903,48849,6951,2722,7288,,,,5063,63532,42549,8729,7102,8120,5732,344,,7363
2013,Rhein-Erft-Kreis I,247721,182970,CDU/CSU,83598,63676,9822,5390,7820,,,,6469,75521,55089,12264,10235,9266,6660,747,,8953
2013,Euskirchen - Rhein-Erft-Kreis II,245268,178218,CDU/CSU,88759,53703,10066,6101,8166,,,,7483,79055,46982,12544,11611,9075,7183,576,,8445
2013,Köln I,191277,132837,SPD,48232,48632,13513,3243,8583,3885,444,,4860,43863,40759,16056,7235,10709,5367,337,,7276
2013,Köln II,233118,184162,CDU/CSU,73011,59975,26426,4762,9521,3839,583,,4567,64909,48190,28642,14871,12689,5955,403,,7360
2013,Köln III,201922,141714,SPD,45999,55021,18046,3158,10883,,728,,6114,42902,44240,20905,6339,12960,4513,405,,8082
2013,Bonn,226487,175014,SPD,64778,65955,14797,10416,7523,4382,,,5020,62844,44909,23686,14418,10988,7389,309,,8696
2013,Rhein-Sieg-Kreis I,234377,172653,CDU/CSU,84556,50271,10895,4172,7946,5519,803,,6240,74187,46065,14000,10796,9496,7514,534,,8155
2013,Rhein-Sieg-Kreis II,213791,164635,CDU/CSU,85058,44098,11732,5058,5445,5058,1040,,4956,73860,39571,14122,13468,7433,7362,585,,6509
2013,Oberbergischer Kreis,209414,150899,CDU/CSU,77800,44773,7675,3226,6373,4455,,,4614,67437,40185,10347,8446,8055,7487,364,,6625
2013,Rheinisch-Bergischer Kreis,216414,169131,CDU/CSU,98017,41894,11472,2937,6884,4713,,,1687,73278,43721,15113,11676,8473,7945,463,,7051
2013,Leverkusen - Köln IV,214098,150030,SPD,58201,61172,10589,3447,8554,,1604,,4377,52884,48511,14283,7212,10615,5807,632,,8496
2013,Wuppertal I,213132,145925,SPD,52427,58407,10198,4314,10992,,,,7067,47470,46638,14318,8198,12499,5989,440,,8386
2013,Solingen - Remscheid - Wuppertal II,226117,160929,CDU/CSU,70269,52931,11334,4170,9222,5784,,,4862,62029,48123,12676,9650,10740,6853,347,,8603
2013,Mettmann I,205564,154473,CDU/CSU,75628,52832,7735,2964,5697,4683,,,3134,65696,43173,11699,9660,7808,7764,305,,6778
2013,Mettmann II,165493,123036,CDU/CSU,55307,45091,5987,2920,5166,3911,,,2997,50254,37580,8408,7421,6646,5730,197,,5418
2013,Düsseldorf I,218889,165028,CDU/CSU,78206,47731,13427,5825,8657,5021,,,4526,65978,43269,15445,14985,10505,6891,241,,6361
2013,Düsseldorf II,196250,139390,CDU/CSU,55990,48065,10315,3980,12538,,,,6519,51050,41737,13399,7979,10705,5845,256,,7071
2013,Neuss I,214614,154444,CDU/CSU,78712,46619,7226,3507,5983,4155,808,,5556,69480,42604,9363,9418,7606,6276,646,,7416
2013,Mönchengladbach,192676,127559,CDU/CSU,63843,36665,7638,2847,7827,4259,,,2527,55030,35447,7792,7414,8080,5255,316,,6608
2013,Krefeld I - Neuss II,202204,150999,CDU/CSU,73201,46148,8693,5447,6165,3633,529,,5325,66802,40968,10303,10901,7768,5753,457,,6468
2013,Viersen,227631,167490,CDU/CSU,87764,47198,8880,3857,7998,4182,575,,5150,76747,44103,11106,10493,8897,6806,457,,7188
2013,Kleve,225823,161873,CDU/CSU,81216,52778,9220,5003,,5316,,,5957,77833,43253,9856,9094,7322,6300,234,,6268
2013,Wesel I,207485,153981,CDU/CSU,66172,59709,7489,2781,7527,4510,,,4057,59970,53249,9780,7224,9091,5678,295,,7182
2013,Krefeld II - Wesel II,182593,131185,SPD,51835,53578,6888,3245,6994,,730,,5967,47806,44856,9485,7237,8546,5085,402,,6279
2013,Duisburg I,171223,121815,SPD,38477,55779,6107,1955,8802,,,,8534,36109,47165,8341,4044,9475,6211,207,,8763
2013,Duisburg II,166103,105682,SPD,30654,44759,5371,1680,8920,4299,,,7936,27665,44727,5376,2891,9160,5349,143,,8821
2013,Oberhausen - Wesel III,208991,147679,SPD,46889,65442,11396,2415,10627,,,,8441,43882,60222,9604,4802,11732,6145,225,,9155
2013,Mülheim - Essen I,191475,140961,SPD,49487,58741,8824,3412,7664,5383,,,5654,47247,53275,9837,6388,8968,6404,167,,7192
2013,Essen II,167962,108599,SPD,33243,51677,5382,1721,7752,,,,7210,30540,44684,7616,3627,8716,4556,212,,7329
2013,Essen III,195692,151040,CDU/CSU,59101,59008,11576,3007,7341,4015,,,5441,54310,49626,14550,8581,9855,5812,236,,6802
2013,Recklinghausen I,172167,122346,SPD,41383,54504,6178,2426,7410,3921,,,4723,40898,48070,7716,4100,8244,5464,185,,6250
2013,Recklinghausen II,191504,137426,SPD,49404,61748,6733,2122,7529,,,,7669,47082,54378,7860,4813,8501,5494,266,,7330
2013,Gelsenkirchen,181476,118452,SPD,33460,58967,4270,1933,7112,4405,701,,5996,32380,51514,6413,3468,8880,5553,448,,8292
2013,Steinfurt I - Borken I,201091,147449,CDU/CSU,75853,46459,7458,4075,5484,3272,,,3246,72802,41073,8936,7434,6420,4126,282,,5133
2013,Bottrop - Recklinghausen III,206061,148181,SPD,53354,66913,5277,2372,7827,5530,,,4898,51021,58800,7998,5095,9153,6034,177,,8210
2013,Borken II,198648,151387,CDU/CSU,86028,40643,9548,3389,4513,2849,,,3016,80352,38391,9138,7915,5447,4042,248,,4736
2013,Coesfeld - Steinfurt II,190611,149678,CDU/CSU,83175,39724,10346,3826,4929,3036,,,3345,74391,38075,12083,8328,6167,4216,267,,4958
2013,Steinfurt III,193909,146050,CDU/CSU,69385,52786,8464,2603,5533,2566,,,3377,62729,48324,10981,6822,6765,4028,279,,4826
2013,Münster,227762,180093,CDU/CSU,69352,63296,19767,10222,7620,3651,,,4658,67626,48579,27118,12119,11254,5236,195,,6675
2013,Warendorf,210355,158085,CDU/CSU,80272,50056,9300,3533,5488,3455,,,4297,73764,45609,11305,8486,6858,4571,378,,5562
2013,Gütersloh I,233596,168983,CDU/CSU,83869,56031,9069,3146,7133,4178,,,3477,77361,47962,13148,8236,8332,5286,454,,6364
2013,Bielefeld - Gütersloh II,247179,179625,SPD,66021,67464,19026,3523,12153,4398,,,4564,62698,57931,20711,7055,14869,6076,226,,7982
2013,Herford - Minden-Lübbecke II,230975,163815,SPD,65873,66637,8209,5651,8706,,1119,,5138,63755,56554,12297,6798,9409,5832,661,,6654
2013,Minden-Lübbecke I,206505,145637,CDU/CSU,66385,58186,5923,2738,5943,,593,,3756,59134,49536,10527,6640,7114,5170,358,,5547
2013,Lippe I,172330,125708,SPD,49783,50934,7070,2873,5186,3154,868,,4043,48776,43583,9123,5698,6369,4758,788,,5099
2013,Höxter - Lippe II,213488,155994,CDU/CSU,76882,48159,8757,2956,6328,4004,1086,,5562,70520,45707,10266,7423,7894,5545,807,,5836
2013,Paderborn - Gütersloh III,247138,176149,CDU/CSU,102867,40429,11254,3296,6969,3521,,,5710,89394,40630,12445,8774,9065,6296,500,,7044
2013,Hagen - Ennepe-Ruhr-Kreis I,212903,147183,SPD,49329,68044,6521,4978,8181,,,,7535,51328,53380,9806,6604,9820,6374,373,,7761
2013,Ennepe-Ruhr-Kreis II,181174,134749,SPD,47530,56197,10964,2666,6743,3993,,,4759,44028,50946,12071,5977,8498,5178,197,,6254
2013,Bochum I,210904,154030,SPD,53861,66851,10323,2069,10331,,,,7730,46448,58766,14667,5862,12022,5820,286,,8311
2013,Herne - Bochum II,184009,126927,SPD,37807,60610,7194,1894,9500,,,,7525,35149,54876,8275,3528,10162,4949,217,,7977
2013,Dortmund I,213946,149031,SPD,45310,67019,11042,2882,8835,5188,634,,6559,42712,56180,15827,6107,11653,6060,437,,8509
2013,Dortmund II,206701,137503,SPD,43688,63388,9228,2014,9340,,1218,,6777,39604,55683,11328,5139,10568,5571,609,,7500
2013,Unna I,200068,148119,SPD,52433,68287,8242,2514,7749,,1342,,5709,46794,60019,11567,5850,9127,5525,882,,6851
2013,Hamm - Unna II,238091,167338,SPD,64871,71174,8250,3439,9277,,1058,,6843,60984,63646,9990,6153,10399,5523,683,,8014
2013,Soest,232311,167911,CDU/CSU,82394,55127,9868,3870,8267,,,,5950,74380,50439,11565,8218,8721,5711,229,,6883
2013,Hochsauerlandkreis,205948,151727,CDU/CSU,83952,44682,6308,2878,6159,,637,,4988,74530,42054,7161,7625,7055,5140,533,,5948
2013,Siegen-Wittgenstein,215751,156569,CDU/CSU,70833,56510,7808,3383,6891,4744,,,4588,64307,49563,9937,7327,8920,7653,243,,6946
2013,Olpe - Märkischer Kreis I,210836,150469,CDU/CSU,76911,48711,5132,3586,5635,3931,545,,4386,71437,42002,7726,7694,7113,6151,505,,6287
2013,Märkischer Kreis II,206189,145197,SPD,59768,59821,4498,2792,6926,4709,,,4988,59536,46318,7971,6431,8463,7122,389,,7330
2013,Nordsachsen,168695,112071,CDU/CSU,49906,22316,3399,2276,23843,,,,7721,49473,16970,3144,2912,22696,6762,1158,,7048
2013,Leipzig I,210456,138427,CDU/CSU,54566,29511,7683,2307,31923,,,,10409,50481,25286,9466,4028,29122,8394,1309,,8708
2013,Leipzig II,219865,153935,CDU/CSU,52077,35515,13732,2237,37750,,,,10549,49553,28778,17075,4583,34302,7702,1137,,9057
2013,Leipzig-Land,220400,151537,CDU/CSU,76273,23542,4905,2890,31865,,,,9265,68348,22681,4899,4292,29716,9562,1485,,8222
2013,Meißen,207261,145679,CDU/CSU,76666,18090,4817,3461,25279,,,,14660,64622,18024,5721,5253,26735,10195,1887,,10752
2013,Bautzen I,223726,155255,CDU/CSU,74794,17268,3709,3948,32452,,4517,,15315,69335,18502,4249,4723,30290,10811,3470,,10633
2013,Görlitz,223614,152944,CDU/CSU,74204,22741,5045,2442,29550,,,,15701,66106,18839,5044,4185,29380,12331,2577,,11499
2013,Sächsische Schweiz - Osterzgebirge,207752,147427,CDU/CSU,72644,15442,4244,2628,27571,,8382,,13860,66673,15865,5158,4655,24848,11417,4705,,11654
2013,Dresden I,233382,173167,CDU/CSU,72537,25321,10429,3305,42599,,4316,,11858,68192,26440,13517,5243,32505,11814,2413,,11012
2013,Dresden II - Bautzen II,235691,173489,CDU/CSU,71227,25150,16650,3471,32588,,6216,,15096,66092,23943,16304,5405,31059,11930,3250,,13210
2013,Mittelsachsen,210677,145578,CDU/CSU,74209,22079,4583,3203,29079,,,,9833,64971,19070,4703,4933,29525,8997,1848,,9327
2013,Chemnitz,201249,135876,CDU/CSU,55909,28101,6475,2724,31992,,,,8974,52380,23558,7168,3865,31014,8138,1081,,7324
2013,Chemnitzer Umland - Erzgebirgskreis II,191550,134560,CDU/CSU,65157,20517,4874,3006,28783,,,,9108,59939,19178,4282,3594,26434,9636,1760,,7612
2013,Erzgebirgskreis I,232499,161718,CDU/CSU,79318,19143,5051,10246,32472,,,,11688,73098,20114,3964,5828,30741,12119,2551,,10335
2013,Zwickau,217679,148305,CDU/CSU,64857,23033,4334,3996,35847,,3823,,9692,64872,21686,4653,3924,31061,8878,2690,,8290
2013,Vogtlandkreis,201934,138790,CDU/CSU,65743,28172,3540,3533,26707,,,,8439,60466,21885,4569,3836,27617,9095,1537,,7690
2013,Waldeck,189728,138632,CDU/CSU,55444,55217,8486,3579,7253,,,,3722,49063,48420,10872,6452,7356,6774,1013,,4466
2013,Kassel,224555,160695,SPD,54674,62178,16559,3192,13066,,,,5794,48361,53232,19884,6259,13680,7977,839,,6247
2013,Werra-Meißner - Hersfeld-Rotenburg,180203,131446,SPD,51386,54630,6333,2513,7277,,,,4675,45872,46913,8868,5014,7584,7096,961,,4945
2013,Schwalm-Eder,191354,141665,SPD,54162,57944,7884,3005,6890,,2154,,4790,48747,50052,10498,6362,7442,7394,1592,,4894
2013,Marburg,184686,130945,SPD,50683,55982,7595,2229,6746,,,,4767,46993,42749,13443,5111,8720,5858,593,,4442
2013,Lahn-Dill,210867,146943,CDU/CSU,68666,49213,8647,3033,6603,,,,6673,59760,43406,10600,6323,7433,8315,1250,,6016
2013,Gießen,215246,156652,CDU/CSU,67587,54028,11186,4543,7802,,,,7156,59062,45299,14759,7553,9928,7444,1982,,6696
2013,Fulda,209960,154025,CDU/CSU,87263,37352,8125,3605,6869,,,,6382,76778,33218,10058,7313,6900,8711,1033,,6219
2013,Main-Kinzig - Wetterau II - Schotten,180491,131010,CDU/CSU,61911,41061,6815,2963,6739,,,,7284,52305,35313,9720,6516,6934,8098,1325,,6803
2013,Hochtaunus,182026,139886,CDU/CSU,66785,38435,10064,4866,5482,7748,,,3595,58822,33846,12690,10334,6358,9447,876,,4510
2013,Wetterau I,175085,131480,CDU/CSU,60118,40805,9497,3527,6174,,2422,,5227,52419,34937,11991,7586,6615,7608,1440,,5553
2013,Rheingau-Taunus - Limburg,220668,165788,CDU/CSU,84489,47152,9119,3726,6300,6913,,,4333,73599,40718,13955,10139,7290,9469,1126,,5628
2013,Wiesbaden,189698,132335,CDU/CSU,56466,45311,9784,3296,6097,5176,,,3500,50187,36041,15133,8801,7668,6550,665,,4638
2013,Hanau,177413,128280,CDU/CSU,54920,45184,7217,3053,7069,,,,6658,48828,35650,11183,6611,7630,7356,847,,6389
2013,Main-Taunus,196605,155145,CDU/CSU,79353,40927,12453,6472,6355,,,,5507,66598,34156,15057,13100,6406,10470,1212,,4920
2013,Frankfurt am Main I,195615,133575,CDU/CSU,52427,43124,12875,4125,10280,,1586,,6102,43883,35106,17398,9209,11684,6983,904,,5721
2013,Frankfurt am Main II,219357,159914,CDU/CSU,57004,47854,21184,5434,9547,5155,988,,9811,53198,41360,24165,10979,12778,7669,932,,5932
2013,Groß-Gerau,174002,127383,CDU/CSU,52087,46942,9502,2489,7645,,,,4639,45389,37781,13129,5762,7693,6939,1036,,5960
2013,Offenbach,221650,158240,CDU/CSU,69930,47984,12548,4376,9479,,2968,,6318,59905,40203,16503,9836,10205,8994,1461,,7143
2013,Darmstadt,240017,180790,SPD,63397,65820,20704,4306,9111,6789,,,6470,61677,50416,25149,8945,11866,9169,933,,8545
2013,Odenwald,234360,177273,CDU/CSU,80323,57586,11854,4581,8621,,,,8285,70211,48252,15560,8964,9459,9864,1307,,8215
2013,Bergstraße,199685,148381,CDU/CSU,70131,46099,8222,2795,5730,6129,1609,,4414,61337,39838,12520,7975,7025,8134,1602,,6128
2013,Eichsfeld - Nordhausen - Unstrut-Hainich-Kreis I,196621,134013,CDU/CSU,65784,21826,4129,1825,26091,,2606,,9744,59234,20182,5293,3661,26322,6995,2387,,8081
2013,Eisenach - Wartburgkreis - Unstrut-Hainich-Kreis II,192663,129904,CDU/CSU,55220,23564,4129,1927,30220,,3113,,9419,51442,21731,5121,3123,28787,6307,2509,,8895
2013,Kyffhäuserkreis - Sömmerda - Weimarer Land I,191261,127906,CDU/CSU,54350,21469,3948,2253,33239,,,,10160,49099,19365,4734,3672,30821,7199,1914,,8819
2013,Gotha - Ilm-Kreis,205859,141461,CDU/CSU,51861,34726,4117,1879,28015,8063,2067,,8345,53196,23815,6414,3280,30758,10309,2079,,9241
2013,Erfurt - Weimar - Weimarer Land II,224121,156367,CDU/CSU,56992,36694,9151,1781,35917,,2699,,10444,53123,27159,13125,4015,35421,9328,2012,,9923
2013,Gera - Jena - Saale-Holzland-Kreis,238320,168091,CDU/CSU,59731,30310,7863,2755,44657,9126,1356,,9723,57690,26279,11435,4653,42367,10988,1499,,10668
2013,Greiz - Altenburger Land,170746,115990,CDU/CSU,51013,15873,3211,1791,27627,6792,,,7394,47580,16213,3842,3032,26173,8523,1177,,7333
2013,Sonneberg - Saalfeld-Rudolstadt - Saale-Orla-Kreis,218597,147040,CDU/CSU,59153,28521,5674,3279,37908,,,,9328,54859,23002,5442,3552,35819,9807,2065,,10110
2013,Suhl - Schmalkalden-Meiningen - Hildburghausen,196071,130631,CDU/CSU,53979,23519,3704,1792,35147,,2033,,8358,51060,20968,5105,3113,32147,6557,1971,,7773
2013,Neuwied,240333,173536,CDU/CSU,79785,63453,6779,3906,7655,,3114,,5597,78005,48866,10661,8023,8965,8759,1657,,6220
2013,Ahrweiler,195077,142594,CDU/CSU,77379,39071,7813,3313,6221,,,,5694,68680,34660,9287,7897,6569,7328,929,,5310
2013,Koblenz,198113,142888,CDU/CSU,67046,43094,11184,3772,6901,,3745,,3953,63427,38221,10853,7595,7358,6625,1714,,5070
2013,Mosel/Rhein-Hunsrück,175441,129262,CDU/CSU,67658,35146,5083,3990,5647,,3918,,4709,62703,31202,7257,7948,6139,5323,1698,,4682
2013,Kreuznach,187473,132299,CDU/CSU,53324,48521,5733,3767,6688,,5194,,5663,53335,40708,8221,7236,7485,6180,1745,,4894
2013,Bitburg,166313,119298,CDU/CSU,65252,30613,5775,3807,3867,,2875,,4403,61192,26189,7165,7136,5134,4264,1925,,4262
2013,Trier,193803,141134,CDU/CSU,67281,42879,9555,2656,7687,,1653,,6102,60909,36410,13157,6841,8688,5736,1289,,5494
2013,Montabaur,211010,155100,CDU/CSU,74887,47097,9014,3714,7217,,3796,,6048,69119,42500,9646,7994,7724,7831,1945,,6072
2013,Mainz,256317,196076,CDU/CSU,77285,67169,19339,9633,8359,,2609,,8099,74392,51614,25339,12688,10652,8815,1422,,8631
2013,Worms,201931,148928,CDU/CSU,61337,53948,8111,3652,5359,6316,1810,,5442,57620,43670,12267,8657,7398,8188,1595,,6963
2013,Ludwigshafen/Frankenthal,217129,155005,CDU/CSU,65746,54003,7247,3773,7476,,3939,,9578,59425,45001,11042,7952,8538,9224,2162,,9076
2013,Neustadt - Speyer,220643,165435,CDU/CSU,77345,46217,13054,4355,7244,,4528,,8827,71072,41982,13915,9337,7871,7995,2835,,7796
2013,Kaiserslautern,232164,163010,SPD,59086,61253,8446,3584,11813,,4145,,10659,57376,52242,11430,7315,12107,7101,3031,,9266
2013,Pirmasens,180540,128753,CDU/CSU,57201,40180,5059,3446,7486,,3625,,7671,54877,35108,5960,6344,8172,5461,2046,,7626
2013,Südpfalz,216137,158661,CDU/CSU,75748,43385,11064,6217,6308,,3159,,9235,66523,40537,13172,9677,7538,7584,2166,,8647
2013,Altötting,167160,111846,CDU/CSU,72915,15921,6030,2293,2832,3669,3841,,3360,64998,16797,6394,4365,3241,4496,2884,,7686
2013,Erding - Ebersberg,192385,143626,CDU/CSU,78991,27233,11377,3125,3712,6385,5469,,6251,72850,23670,12587,7322,4178,7395,4443,,10252
2013,Freising,216717,155881,CDU/CSU,81729,27165,18169,3854,4440,5855,7123,,6107,78924,25243,14390,7248,5030,7424,5780,,10736
2013,Fürstenfeldbruck,251146,188417,CDU/CSU,103904,37575,14515,4196,5096,8672,6009,,7073,94458,34660,16586,9455,5711,9807,5051,,11525
2013,Ingolstadt,254661,174710,CDU/CSU,106668,28561,11340,3471,6755,4878,5205,,6454,96804,29880,10752,7407,6163,6089,5114,,10990
2013,München-Nord,225557,155942,CDU/CSU,66930,48625,15962,5749,5722,,2936,,8833,57100,38350,21174,12778,7088,7106,2193,,9455
2013,München-Ost,236523,168795,CDU/CSU,74745,48051,17100,6920,5713,,4978,,9933,66349,39187,21719,13775,7131,7807,2600,,9474
2013,München-Süd,215368,154146,CDU/CSU,66513,43571,17407,4650,6027,4661,2912,,7430,58097,36877,21440,10727,7341,7082,2493,,9340
2013,München-West/Mitte,239700,174322,CDU/CSU,73661,49419,22743,6984,7135,,3713,,9364,64221,41108,27068,12850,8312,7249,2387,,10338
2013,München-Land,247787,192033,CDU/CSU,100176,38786,21279,7429,3996,7606,5551,,6049,89504,37497,18960,16300,5380,9303,3986,,9930
2013,Rosenheim,231069,162958,CDU/CSU,93964,20229,15125,4272,3932,6571,4484,,13045,87569,23966,13631,8040,4688,7792,3653,,12472
2013,Starnberg,245379,182283,CDU/CSU,97383,31678,16031,13381,5041,,9150,,7440,93201,27345,16417,13346,4796,10160,4887,,10936
2013,Traunstein,206868,141456,CDU/CSU,87598,24570,11973,3313,4117,,,,8341,80351,20875,12334,6139,4193,4597,2843,,8998
2013,Weilheim,252724,184167,CDU/CSU,104236,30019,15559,5325,5321,,6429,,15327,95885,28342,16017,9461,5629,9665,4441,,13330
2013,Deggendorf,155082,93941,CDU/CSU,57145,14779,4187,1950,2802,3040,4462,,4733,52481,15438,4065,3557,3107,3787,4007,,6760
2013,Landshut,251273,171644,CDU/CSU,98703,27537,14085,5147,4920,,10042,,9562,92069,27160,11427,7989,5161,6111,9038,,11483
2013,Passau,186392,117391,CDU/CSU,69428,22845,5956,,3763,3616,4000,,6503,62765,21611,6895,5198,4399,4518,3365,,7691
2013,Rottal-Inn,163308,103874,CDU/CSU,62748,16619,4773,2070,2668,3129,5378,,5256,60501,15626,4996,4195,2753,3723,3602,,7576
2013,Straubing,173773,111537,CDU/CSU,67579,19400,3582,2596,2757,3662,3820,,6974,63887,17790,4324,4653,3297,4375,4171,,8052
2013,Amberg,215146,151021,CDU/CSU,87248,31253,7365,3148,4909,,5722,,9834,80073,29036,8997,5633,5052,5273,5681,,9991
2013,Regensburg,248820,171954,CDU/CSU,82648,37541,14202,6830,5839,6229,7799,,9472,82556,32902,15759,7835,6617,7000,6886,,11084
2013,Schwandorf,216389,141364,CDU/CSU,80840,34716,4516,2430,3820,,6524,,7271,76453,27066,5927,4701,4505,4575,6858,,9715
2013,Weiden,170403,118903,CDU/CSU,64930,25881,4531,1735,3117,2855,4165,,10575,62126,26484,5072,3953,3982,4243,4259,,7591
2013,Bamberg,179923,126869,CDU/CSU,65723,28794,10283,4252,4365,4222,3549,,4686,61546,24924,11267,6073,5143,5211,3559,,8226
2013,Bayreuth,164828,115659,CDU/CSU,63936,29344,7189,3133,3246,3569,,,4055,56846,26676,7803,5539,3783,4435,3524,,6198
2013,Coburg,160103,111378,CDU/CSU,55309,35785,4274,1835,3681,3143,2909,,3457,51567,30708,6309,4469,4415,4730,2435,,5737
2013,Hof,174569,118838,CDU/CSU,64888,33731,6449,1527,5264,4168,,,1722,55219,31406,6315,4418,5619,5109,2598,,6953
2013,Kulmbach,172449,122307,CDU/CSU,68903,27587,4845,1996,3616,3829,3533,,6773,63378,26030,6396,4513,4392,4800,3476,,8115
2013,Ansbach,243643,166555,CDU/CSU,87922,38331,9665,7454,6202,,6705,,8593,78640,36690,13771,7619,6368,5950,5208,,10851
2013,Erlangen,179506,135186,CDU/CSU,65151,35377,11980,2990,5611,4393,4079,,4742,55940,32638,15395,7440,5840,5590,3684,,7722
2013,Fürth,253603,178211,CDU/CSU,86997,47936,14595,3239,7524,5588,3924,,7038,75595,44485,16126,8251,8816,7824,4335,,11275
2013,Nürnberg-Nord,193031,132674,CDU/CSU,51829,41666,13336,3556,8099,4417,2134,,6584,45748,35310,17444,7150,9311,5906,1909,,8869
2013,Nürnberg-Süd,185799,121814,CDU/CSU,53519,38942,8165,2192,6038,4498,2378,,4925,48881,34363,9705,5087,6948,5737,2187,,7667
2013,Roth,226102,168765,CDU/CSU,84618,46200,11142,5371,6064,,7069,,6735,76181,41107,14247,7467,6394,6533,6192,,9332
2013,Aschaffenburg,184171,131310,CDU/CSU,67591,32308,10284,4199,3641,,3373,,7504,61741,28408,11135,7003,4691,5263,2902,,8203
2013,Bad Kissingen,217994,155355,CDU/CSU,88911,30564,12127,4391,6930,,4259,,6351,82760,27931,9874,7342,6946,4988,4129,,9652
2013,Main-Spessart,197762,143137,CDU/CSU,73001,32812,8810,3632,4426,4652,8045,,5735,69953,30486,9972,6413,4839,5583,5619,,8565
2013,Schweinfurt,200150,141275,CDU/CSU,76548,32190,8052,2921,7514,,4614,,7723,71264,28872,9903,5906,6940,4665,4041,,8268
2013,Würzburg,226597,166593,CDU/CSU,80776,42136,16454,5323,5374,4831,2859,,7476,74187,37225,19311,8485,6637,6388,2920,,10118
2013,Augsburg-Stadt,208231,133378,CDU/CSU,58622,33145,14568,4511,6408,6301,2764,,5705,57699,29328,13940,6187,7391,7136,1976,,8609
2013,Augsburg-Land,244203,176239,CDU/CSU,105841,30879,12067,3974,5177,7912,,,8789,93973,30126,12670,8134,5631,9040,3929,,11507
2013,Donau-Ries,189974,131055,CDU/CSU,78524,22858,8153,3170,5797,,5371,,5622,72065,21616,7773,5824,4260,5433,3964,,8823
2013,Neu-Ulm,237651,161614,CDU/CSU,91961,29420,12505,4377,5546,7521,,,8587,84598,29023,10417,7485,5958,8986,2985,,10914
2013,Oberallgäu,224278,155635,CDU/CSU,93494,26722,13011,5501,5530,,,,9846,80902,24776,14329,8749,5574,6695,3918,,9608
2013,Ostallgäu,244541,167668,CDU/CSU,99333,25009,10039,2847,4731,6842,5425,,11986,91664,24971,11785,7677,5270,7991,4537,,12445
2013,Stuttgart I,191191,152546,CDU/CSU,63465,25050,41522,3894,5824,4151,864,,6478,56794,31766,26534,12548,9432,6281,645,,7500
2013,Stuttgart II,183064,134355,CDU/CSU,58222,34690,18505,3594,6633,4497,1203,,5491,52323,30469,18341,8920,8902,6047,732,,7307
2013,Böblingen,247128,191149,CDU/CSU,102408,44676,17750,6501,7621,,2425,,7368,88734,37808,19613,13516,8234,9666,1291,,10415
2013,Esslingen,166975,129700,CDU/CSU,65825,32379,14236,2474,4788,3871,,,4852,57598,28205,15483,7859,5862,5835,647,,7047
2013,Nürtingen,205756,160053,CDU/CSU,80710,40013,15685,3997,5205,5055,1142,,6566,72844,31499,18435,10880,6533,7599,915,,9721
2013,Göppingen,179130,132632,CDU/CSU,64095,31646,14010,4393,4710,6891,,,4966,60058,28435,13275,7646,5569,8259,530,,7331
2013,Waiblingen,221739,171509,CDU/CSU,87082,38908,17838,6354,6211,6503,,,6503,77461,34086,17511,13327,7663,9160,564,,10087
2013,Ludwigsburg,209968,162815,CDU/CSU,80935,33977,21666,5126,7739,,3373,,7745,70982,34338,18842,11140,7594,8247,1380,,8748
2013,Neckar-Zaber,226751,177134,CDU/CSU,92693,45962,16474,5404,7697,,,,6050,79372,36849,18551,11799,7271,9703,1051,,10662
2013,Heilbronn,241656,173772,CDU/CSU,87777,46231,12771,6178,7554,,,,10376,78544,37933,14662,10927,8138,9271,771,,11344
2013,Schwäbisch Hall - Hohenlohe,224384,158389,CDU/CSU,81427,35728,15569,6128,6626,,,,10287,72835,31230,15641,10355,7535,7799,608,,10230
2013,Backnang - Schwäbisch Gmünd,175434,130255,CDU/CSU,70748,31673,10439,3541,5079,,,,6307,62236,26198,11657,7420,5454,7268,433,,7942
2013,Aalen - Heidenheim,222959,162969,CDU/CSU,92293,39464,12402,2857,7929,,,,5165,79409,35861,13532,7267,7483,7255,692,,9434
2013,Karlsruhe-Stadt,205735,150050,CDU/CSU,58452,43866,20337,4714,7254,5983,992,,6513,55791,33785,22263,8978,8933,8334,724,,9798
2013,Karlsruhe-Land,209733,159992,CDU/CSU,83848,40735,12298,4490,5896,,2537,,7451,73805,33416,15175,9553,6461,9473,1205,,9017
2013,Rastatt,207555,148159,CDU/CSU,77850,33482,12233,4527,5073,7021,,,5460,71752,30043,13223,8436,6055,8397,751,,7300
2013,Heidelberg,215943,168177,CDU/CSU,68061,50850,20392,5180,6892,8143,776,,6025,62331,38915,24601,11626,9413,10219,766,,8535
2013,Mannheim,198525,137796,CDU/CSU,53819,43736,16544,3772,8951,,,,8345,47598,37367,15047,7427,10227,8148,465,,9465
2013,Odenwald - Tauber,213424,155585,CDU/CSU,90624,32696,9019,2807,5158,6280,,,6701,79516,30269,10984,7956,6379,7994,911,,9237
2013,Rhein-Neckar,197424,147782,CDU/CSU,72271,37724,12031,3709,5824,6675,,,7320,63876,32456,13912,9444,6959,8786,932,,9382
2013,Bruchsal - Schwetzingen,195953,145107,CDU/CSU,73944,35252,9678,3966,5345,6277,1804,,6373,66656,30861,11696,8133,6357,8700,1364,,9268
2013,Pforzheim,219976,159491,CDU/CSU,77737,36059,12539,9064,6435,8045,1359,,5959,70997,31788,14081,11171,7248,11379,1014,,9718
2013,Calw,197679,145151,CDU/CSU,83514,28892,10036,4072,6094,,2270,,7831,73263,25285,10946,9194,5948,9013,1017,,8604
2013,Freiburg,219472,168260,CDU/CSU,58106,50004,34762,3182,8083,4207,1111,,7079,59007,36791,33044,8059,13105,6384,732,,9457
2013,Lörrach - Müllheim,229316,164341,CDU/CSU,81205,39902,19468,3856,6305,5819,,,5488,70888,35328,20593,9159,7856,8267,738,,9373
2013,Emmendingen - Lahr,215623,153869,CDU/CSU,78797,39772,17368,2742,7002,,,,4934,69272,32131,18293,7749,7016,6823,710,,9275
2013,Offenburg,205119,145259,CDU/CSU,80083,28862,14111,3063,6083,5563,801,,4307,68973,27448,15311,8140,6762,7743,852,,7593
2013,Rottweil - Tuttlingen,199241,143449,CDU/CSU,81517,25044,10546,4714,5290,7112,1992,,4715,72998,24757,10385,9025,5601,8214,1383,,8805
2013,Schwarzwald-Baar,166191,119181,CDU/CSU,66505,22211,8984,2946,4144,4603,1845,,6128,57912,22414,10613,6933,4860,6697,1084,,6832
2013,Konstanz,202393,147557,CDU/CSU,75524,27956,19322,5476,5980,5852,,,5540,63563,29504,18446,10735,7295,8027,649,,7597
2013,Waldshut,177313,128808,CDU/CSU,65009,35359,12768,4184,5613,,,,3508,62610,24130,13987,7307,5482,5979,890,,6651
2013,Reutlingen,199091,150014,CDU/CSU,76870,29859,18399,5665,5966,6435,1119,,3818,68394,28558,16195,10441,7089,8245,875,,8225
2013,Tübingen,193188,149768,CDU/CSU,69354,30160,24477,3358,9589,5081,,,5960,61889,30417,21978,8208,9820,6815,509,,8645
2013,Ulm,220702,167199,CDU/CSU,85984,39321,16041,4371,6012,5989,1660,,5668,80370,33432,17023,8662,7087,7839,1147,,9908
2013,Biberach,163772,121718,CDU/CSU,70540,23786,10754,2567,4013,,2558,,5369,67567,17814,10887,5851,4075,5072,1516,,7306
2013,Bodensee,171016,128696,CDU/CSU,68333,26105,14224,4955,5749,,1566,,5834,61961,23125,14955,8086,5629,5689,863,,6901
2013,Ravensburg,185006,135877,CDU/CSU,69312,26909,18298,3320,4424,3674,1192,,7118,67251,23266,16571,7047,5770,5200,901,,8500
2013,Zollernalb - Sigmaringen,184370,132905,CDU/CSU,78966,23684,10802,3069,5460,,3716,,4494,69176,22447,11008,7393,5359,6161,1222,,8295
2013,Saarbrücken,204905,142400,CDU/CSU,51324,50286,7422,2410,15202,5686,,,6721,46513,43329,10910,6246,16268,6575,849,,8645
2013,Saarlouis,211529,154287,CDU/CSU,66694,52303,5577,1872,10936,6418,,,6127,60052,46037,7873,5480,13458,7645,1075,,8310
2013,St. Wendel,181521,138097,CDU/CSU,60865,44868,3793,2221,10247,6365,,,5697,54911,40861,6088,4514,12139,7287,810,,7583
2013,Homburg,198117,142644,CDU/CSU,55250,52266,4954,1890,12592,6443,,,5520,50892,44365,7127,5266,14180,7784,930,,8558
2017,Flensburg – Schleswig,228471,171914,CDU/CSU,68120,47711,17911,11147,12144,10583,1947,,755,58320,40388,22304,18955,14002,11653,1195,,3648
2017,Nordfriesland – Dithmarschen Nord,186568,139194,CDU/CSU,62256,34685,13026,11105,7102,8117,1606,,0,52928,31120,15144,18050,8589,9030,867,,2343
2017,Steinburg – Dithmarschen Süd,176636,132017,CDU/CSU,54812,34219,8791,14440,7176,10006,1278,,161,47366,29756,12960,17298,8732,11180,1002,,2584
2017,Rendsburg-Eckernförde,200831,157354,CDU/CSU,66625,45070,13978,10077,8074,10656,1622,,0,56585,35766,19337,19071,9962,11578,1031,,2937
2017,Kiel,204650,153273,SPD,46560,46991,21743,11363,11114,9283,,,4625,40736,36208,26143,17804,15546,10504,540,,4588
2017,Plön – Neumünster,174937,131713,CDU/CSU,53109,37728,11736,9379,7009,10223,1305,,0,43778,31013,16350,16481,8503,11161,749,,2479
2017,Pinneberg,238533,187715,CDU/CSU,73816,56460,15379,14441,11270,14729,,,0,63863,42729,21336,24735,13111,15977,954,,3667
2017,Segeberg – Stormarn-Mitte,247296,193280,CDU/CSU,78824,52434,16004,15617,10838,15682,2373,,0,66367,43027,21010,26043,13237,17166,1532,,3563
2017,Ostholstein – Stormarn-Nord,181522,138439,CDU/CSU,56996,42232,9539,10047,6062,10790,1117,,506,48898,33764,13493,18147,8303,11782,870,,2038
2017,Herzogtum Lauenburg – Stormarn-Süd,244930,193334,CDU/CSU,75737,52171,18688,15775,9785,17435,2174,,0,66031,42815,20826,26163,12480,18792,1264,,3600
2017,Lübeck,181638,130961,CDU/CSU,45432,43578,16785,8312,,11137,2535,,954,38263,32919,16568,14097,12213,11539,1091,,3104
2017,Schwerin – Ludwigslust-Parchim I – Nordwestmecklenburg I,216800,157071,CDU/CSU,49733,34267,5837,7470,26655,24764,3874,,2502,51083,28947,6606,9879,25929,25692,1625,,5650
2017,Ludwigslust-Parchim II – Nordwestmecklenburg II – Landkreis Rostock I,205876,146768,CDU/CSU,43453,34705,5858,8290,23433,25262,2573,,1264,48841,25029,5521,9008,24409,25688,1216,,5399
2017,Rostock – Landkreis Rostock II,222913,164016,CDU/CSU,47923,29056,8333,7368,40202,23785,1453,,4119,49433,25650,10229,10661,33575,25171,955,,6648
2017,Vorpommern-Rügen – Vorpommern-Greifswald I,240887,169528,CDU/CSU,73746,19515,5081,5229,26650,32173,1576,,3692,55110,20405,8498,11490,30107,32881,1232,,7689
2017,Mecklenburgische Seenplatte I – Vorpommern-Greifswald II,226039,156965,CDU/CSU,48269,21493,3898,8909,29462,36273,1991,,4333,51789,19064,4068,8659,27246,35595,1092,,7300
2017,Mecklenburgische Seenplatte II – Landkreis Rostock III,212099,144239,CDU/CSU,53538,22401,4739,6633,24728,26199,2327,,1811,51007,20594,4592,8198,24102,27382,1423,,5143
2017,Hamburg-Mitte,243543,175731,SPD,42149,53795,22368,11202,24083,12728,1038,,6652,40909,41551,25164,16255,26109,13940,744,,9621
2017,Hamburg-Altona,185944,146090,SPD,37575,41947,20817,12482,19704,7425,490,,4489,36139,29680,26036,16306,22766,8028,341,,5930
2017,Hamburg-Eimsbüttel,192399,156013,SPD,44416,48920,23220,10537,16123,8777,,,2737,41826,34575,26372,17463,19290,9138,327,,6212
2017,Hamburg-Nord,217226,178760,CDU/CSU,59441,54695,24065,14911,13277,9701,1273,,0,55737,38150,25584,24652,16720,10963,556,,5512
2017,Hamburg-Wandsbek,235513,172574,SPD,50822,59086,12112,12007,15673,16208,1534,,3425,49482,45542,17773,17621,16847,16732,807,,6497
2017,Hamburg-Bergedorf – Harburg,222031,155758,SPD,43274,53446,11903,8039,16382,16688,1091,,2945,42219,40364,15442,13313,17344,17710,683,,7146
2017,Aurich – Emden,191541,142676,SPD,38531,69231,9787,6882,9403,,3326,,2424,39552,53353,10503,10079,10142,12877,760,,3805
2017,Unterems,235234,176342,CDU/CSU,87406,48959,8255,7758,7726,13387,,,1298,74173,48194,10258,13629,9459,14620,413,,4206
2017,Friesland – Wilhelmshaven – Wittmund,189344,139153,SPD,44537,54504,7542,8074,8127,11392,1236,,1931,45098,42207,9984,12958,9738,12490,880,,4241
2017,Oldenburg – Ammerland,226253,175967,SPD,52598,63235,19827,10635,14081,11592,1393,,809,53417,45514,21821,18136,16351,12625,687,,6130
2017,Delmenhorst – Wesermarsch – Oldenburg-Land,227696,170194,CDU/CSU,57390,55326,12933,15208,10262,15122,1987,,0,56526,47622,13525,17076,11567,16392,1094,,5017
2017,Cuxhaven – Stade II,187679,141726,CDU/CSU,59930,43077,8491,6984,8121,11862,1828,,0,54163,38923,9709,11483,9121,12650,907,,3763
2017,Stade I – Rotenburg II,197297,153044,CDU/CSU,67463,42829,10613,8797,7994,12590,,,1566,59229,37361,12511,14538,9564,13513,778,,4701
2017,Mittelems,230151,179811,CDU/CSU,95815,47107,8900,10089,6813,8949,,,951,88310,41983,10803,16181,8167,9701,271,,3436
2017,Cloppenburg – Vechta,220042,163669,CDU/CSU,93545,32997,7034,8306,6640,12683,914,,0,86301,28870,8207,15298,7145,13145,530,,3020
2017,Diepholz – Nienburg I,193934,148298,CDU/CSU,65465,40102,11252,10285,7759,11955,,,0,55833,37505,11992,15515,8951,12434,668,,4380
2017,Osterholz – Verden,196136,153036,CDU/CSU,59560,48505,10146,8273,10714,12995,1072,,503,53035,40047,14052,13464,11055,14675,631,,4839
2017,Rotenburg I – Heidekreis,168101,127071,SPD,45510,51938,6053,5659,5219,10331,1387,,0,47558,34211,10068,10699,7422,11671,770,,3705
2017,Harburg,199081,161837,CDU/CSU,65223,44017,14565,10458,8638,14826,2785,,0,57815,35377,16410,18839,10117,16047,1340,,4910
2017,Lüchow-Dannenberg – Lüneburg,180865,141000,CDU/CSU,46740,39169,20604,9245,11729,12131,,,0,43861,32865,18906,12959,12705,12498,552,,5793
2017,Osnabrück-Land,199131,151302,CDU/CSU,68379,42438,11613,9576,7908,9934,,,228,60737,38529,12346,14603,9156,10940,381,,3503
2017,Stadt Osnabrück,196720,152107,CDU/CSU,60185,47279,15108,13353,12521,,,,962,53977,37336,18353,14309,12759,9499,344,,4592
2017,Nienburg II – Schaumburg,194800,146673,CDU/CSU,59128,47615,11206,6539,6530,13292,,,1167,49896,43307,11831,12430,8289,14945,469,,4487
2017,Stadt Hannover I,179883,134805,SPD,39487,47549,12102,8734,9579,11364,668,,3932,36401,36645,16292,13658,12470,12226,409,,5748
2017,Stadt Hannover II,193433,149031,SPD,42713,49744,16486,8165,13775,10590,,,6151,36203,37964,22079,14735,17823,11241,355,,7691
2017,Hannover-Land I,232926,181650,CDU/CSU,72282,59552,10725,9325,8958,17217,2037,,0,62828,48783,14335,18869,10890,18366,830,,5475
2017,Celle – Uelzen,214612,162145,CDU/CSU,68655,48189,9266,8830,7901,16199,1756,,0,58858,40899,12478,16334,9297,17554,888,,4698
2017,Gifhorn – Peine,218556,168861,SPD,60345,63294,9342,8062,8827,16501,,,1002,56567,50445,12094,14004,10166,18289,581,,5427
2017,Hameln-Pyrmont – Holzminden,187377,139780,SPD,46181,54130,7511,8034,8220,13143,,,1250,44424,44190,9995,12531,9130,14054,390,,3959
2017,Hannover-Land II,239923,188495,SPD,65815,69104,10693,10092,10124,17570,1691,,1677,58984,55161,16290,17925,12305,19392,822,,6137
2017,Hildesheim,218349,169613,SPD,60457,62448,12691,9330,8502,14433,,,0,54871,52077,14806,13876,10932,15695,453,,5587
2017,Salzgitter – Wolfenbüttel,206133,157046,SPD,45310,66587,6680,7268,9290,18564,,,1780,45985,50482,10213,12450,11266,19115,531,,5677
2017,Braunschweig,192041,147712,SPD,45881,55641,11761,7877,11145,11377,,,2668,42534,38695,17295,14684,13673,12268,413,,7095
2017,Helmstedt – Wolfsburg,183961,137303,SPD,47416,51646,6096,7791,8128,13857,,,898,47037,40740,8064,10988,9050,14862,455,,4816
2017,Goslar – Northeim – Osterode,202963,150977,CDU/CSU,59391,51953,8128,7438,8525,13937,,,0,48131,48016,9929,13734,9521,15132,513,,4814
2017,Göttingen,220420,170547,SPD,56250,59032,19131,7734,9905,11870,1458,,3728,51177,47871,19676,15421,14748,13446,1063,,5922
2017,Bremen I,252496,188064,SPD,44912,55656,22117,20702,22666,14290,,,5094,48458,45729,23568,19138,26425,15539,488,,7031
2017,Bremen II – Bremerhaven,221655,147855,SPD,36363,49463,11269,9755,16739,16645,939,,4433,34951,43215,13165,11918,18204,17705,706,,6083
2017,Prignitz – Ostprignitz-Ruppin – Havelland I,176002,120228,CDU/CSU,36481,28061,3547,4226,20849,21296,1461,,2494,35215,24884,4231,6555,19447,22183,1171,,4722
2017,Uckermark – Barnim I,184716,129870,CDU/CSU,39102,24843,4714,4859,23589,25804,2361,,2604,36160,21650,5187,7021,23870,26605,1518,,6002
2017,Oberhavel – Havelland II,243108,185012,CDU/CSU,54455,41423,9685,9514,26839,32762,2684,,4928,51968,33856,11684,13912,26091,33987,1770,,9342
2017,Märkisch-Oderland – Barnim II,226424,170039,CDU/CSU,47594,26526,8972,7111,37721,33915,4617,,1149,42113,25908,7800,11007,34632,34701,2566,,8969
2017,Brandenburg an der Havel – Potsdam-Mittelmark I – Havelland III – Teltow-Fläming I,183182,128058,CDU/CSU,39991,31548,4293,5763,19038,21312,2559,,1294,35556,26055,5238,8194,20925,22633,1520,,6024
2017,Potsdam – Potsdam-Mittelmark II – Teltow-Fläming II,247441,195802,SPD,48095,50588,15549,14425,31840,23890,2484,,6639,48015,35773,19079,17768,35106,26133,1606,,10389
2017,Dahme-Spreewald – Teltow-Fläming III – Oberspreewald-Lausitz I,248708,187607,CDU/CSU,56607,36148,8127,8910,30278,37358,5032,,1918,49982,32565,8617,13718,29217,38915,2652,,9244
2017,Frankfurt (Oder) – Oder-Spree,194759,140051,CDU/CSU,37344,23598,4504,7008,26401,30261,2462,,6381,33888,22702,5896,9241,26202,30477,1764,,7828
2017,Cottbus – Spree-Neiße,178676,132113,CDU/CSU,36855,22019,4319,7426,20359,32776,,,5969,31366,19729,4093,9941,21456,34905,1106,,7432
2017,Elbe-Elster – Oberspreewald-Lausitz II,168543,123365,CDU/CSU,35633,20142,3543,6492,19583,29830,4887,,738,33576,18700,3146,8128,18775,30564,2089,,6176
2017,Altmark,165625,111193,CDU/CSU,35644,20900,3738,7388,20973,18031,1567,,1214,36022,18721,3648,7838,20346,18419,888,,3981
2017,Börde – Jerichower Land,220786,150499,CDU/CSU,55110,29174,3540,11080,29616,,7809,,9619,47566,24053,4236,11413,24555,27905,2074,,6286
2017,Harz,215607,143567,CDU/CSU,51386,24767,4462,6923,27104,22792,3253,,441,47574,22915,4968,9902,25069,23860,1648,,5595
2017,Magdeburg,238060,162894,CDU/CSU,44021,34877,6417,10796,30299,24509,1739,,7898,44616,27513,8564,12713,30056,26051,1282,,9982
2017,Dessau – Wittenberg,177005,123466,CDU/CSU,42781,14806,5607,6051,22086,23520,3717,,2831,38751,17360,4299,8940,21102,24327,2006,,4959
2017,Anhalt,224401,147946,CDU/CSU,45843,18687,2854,9213,30757,32281,3976,,1581,44620,20289,3455,10848,25887,32349,2197,,5894
2017,Halle,214668,152467,CDU/CSU,40690,32053,5475,10131,30530,26018,2607,,2771,39833,21196,10457,13533,28892,26727,1449,,8207
2017,Burgenland – Saalekreis,191636,131219,CDU/CSU,43254,16930,3198,8538,21819,30112,3495,,1569,38678,17098,3366,10132,21042,31781,1687,,5428
2017,Mansfeld,207103,140223,CDU/CSU,42725,20864,3647,11091,24863,32864,,,1603,39751,19835,3250,11236,23909,32982,1161,,5808
2017,Berlin-Mitte,206706,151412,SPD,27654,35036,26781,9017,30492,11782,648,,7661,27861,26788,25708,12972,32118,12289,336,,11371
2017,Berlin-Pankow,237071,188499,Linke,36429,30509,26376,7890,53618,22487,1339,,7665,36994,29185,26651,12321,43774,23315,692,,13720
2017,Berlin-Reinickendorf,182398,137240,CDU/CSU,49654,31882,10647,9688,10384,17738,,,4867,41912,27071,12305,15376,11516,18513,298,,8114
2017,Berlin-Spandau – Charlottenburg Nord,184608,133009,SPD,40372,41965,8031,8292,9861,17551,,,4502,36712,29733,11063,12927,12780,18481,377,,8674
2017,Berlin-Steglitz-Zehlendorf,221210,180720,CDU/CSU,63085,43801,22712,16159,13392,14549,,,4675,53281,34279,25361,25461,16352,15824,332,,8067
2017,Berlin-Charlottenburg-Wilmersdorf,198672,158034,CDU/CSU,47077,43123,21286,14426,14745,11722,,,3735,40085,30351,24770,23280,18367,12374,203,,7217
2017,Berlin-Tempelhof-Schöneberg,235250,181159,CDU/CSU,51708,39380,33763,11362,19356,16188,,,6909,44721,36179,27956,18569,23625,17108,373,,10550
2017,Berlin-Neukölln,202618,143553,SPD,34593,37777,15480,7255,23204,15105,,,7691,31592,27520,18446,10891,25752,15904,220,,11088
2017,Berlin-Friedrichshain-Kreuzberg – Prenzlauer Berg Ost,223427,173289,Grüne,20955,29028,45055,5263,42600,10558,627,,17263,23887,27391,35077,10147,49016,10863,323,,15040
2017,Berlin-Treptow-Köpenick,205106,157111,Linke,29384,21379,7755,5831,61881,23245,1096,,4621,31372,24109,12168,10067,39000,26278,777,,11417
2017,Berlin-Marzahn-Hellersdorf,200704,138992,Linke,30480,17172,4440,4852,46782,28167,2010,,2882,28620,19797,5621,7290,35698,29618,899,,9396
2017,Berlin-Lichtenberg,205300,149116,Linke,28905,20720,8609,5018,51249,23119,,,9452,27284,21850,9821,7745,43172,24603,524,,12127
2017,Aachen I,179273,140624,CDU/CSU,47011,45309,13104,10232,12282,7817,,,3602,38827,34663,17918,19795,14459,8271,251,,5617
2017,Aachen II,228248,173149,SPD,62405,63135,7782,11038,8785,15114,,,2917,52656,60539,8436,19213,10105,14853,351,,5454
2017,Heinsberg,190051,142330,CDU/CSU,64121,39301,6964,9334,6424,11652,1536,,1272,55605,36421,7281,16111,7909,12313,737,,4513
2017,Düren,199675,151595,CDU/CSU,62711,47543,8235,8788,6611,13404,1126,,1420,52412,43816,8198,17155,8809,14432,500,,4812
2017,Rhein-Erft-Kreis I,248982,191505,CDU/CSU,74207,58792,10354,17648,8590,17113,,,2635,63664,50014,12526,27398,11392,18091,508,,6275
2017,Euskirchen – Rhein-Erft-Kreis II,246753,187796,CDU/CSU,79493,48592,10689,18316,10835,17650,,,0,66503,43498,12447,27410,11403,18325,607,,6003
2017,Köln I,192574,139718,CDU/CSU,43683,42799,13535,10652,11898,11952,,,3677,36565,33666,15800,18067,15271,12290,356,,6616
2017,Köln II,240985,197979,CDU/CSU,68657,52880,28716,17816,15704,9057,,,3931,56165,38485,30630,33760,21100,9964,368,,6606
2017,Köln III,203647,150629,SPD,41106,48148,19621,10599,14431,11249,,,3944,36500,36849,20973,16850,19118,11731,317,,7187
2017,Bonn,227583,180439,SPD,57330,62377,15056,18724,10193,10882,806,,3573,53334,36119,25197,28113,17133,13136,412,,5764
2017,Rhein-Sieg-Kreis I,237415,184295,CDU/CSU,79987,49988,11762,18768,14684,,,,5374,62334,40922,13757,27267,13038,18237,509,,6693
2017,Rhein-Sieg-Kreis II,216020,174513,CDU/CSU,80441,39246,13643,14491,9543,14592,,,942,61425,34583,15192,30142,11116,15226,457,,5022
2017,Oberbergischer Kreis,208418,156593,CDU/CSU,67603,41305,9489,12123,7999,15648,,,464,56567,35078,9995,21353,9887,16413,386,,5355
2017,Rheinisch-Bergischer Kreis,217425,174420,CDU/CSU,68948,42098,11846,27049,8409,12476,1414,,0,61423,36221,15581,28787,11042,13777,802,,4896
2017,Leverkusen – Köln IV,212212,155139,SPD,47272,59373,8722,10114,9430,13408,,,5201,43175,41671,13472,18719,14284,14970,373,,7047
2017,Wuppertal I,208129,149950,SPD,43814,46657,10987,12910,13120,16339,,,4179,39341,38696,12754,18437,16100,16431,320,,6488
2017,Solingen – Remscheid – Wuppertal II,222845,164019,CDU/CSU,61871,49863,9403,12548,10105,15303,,,2669,51318,40743,11726,22947,12689,16221,331,,6494
2017,Mettmann I,205244,160315,CDU/CSU,70762,40819,11014,13202,8647,14106,,,0,54126,36596,11796,25757,10216,15053,344,,5277
2017,Mettmann II,163229,125496,CDU/CSU,48689,37468,7567,10795,6825,11143,,,1499,40601,30492,8599,19691,8458,11926,294,,4379
2017,Düsseldorf I,220764,172947,CDU/CSU,69273,41903,14408,21944,12611,10912,,,336,55052,33493,17148,33940,14675,12029,310,,5263
2017,Düsseldorf II,193175,143599,CDU/CSU,47950,38727,11778,13049,18499,11530,,,295,40606,33218,14379,21277,14111,12968,371,,5616
2017,Neuss I,214779,160050,CDU/CSU,69658,45314,8131,11471,8535,13675,1508,,0,56983,37438,9583,23585,9895,14887,553,,5851
2017,Mönchengladbach,190552,132006,CDU/CSU,57766,31766,7814,10225,8921,11910,,,2041,46786,30547,8169,17946,9627,12373,279,,5109
2017,Krefeld I – Neuss II,201450,155434,CDU/CSU,65228,39142,10140,17673,7815,11196,,,2479,54907,34051,10871,26859,9805,12104,371,,5222
2017,Viersen,227423,173280,CDU/CSU,82165,42932,11478,14233,8747,12035,,,0,65475,38368,11591,27576,10342,12841,433,,5392
2017,Kleve,226096,169057,CDU/CSU,75375,51197,8230,12692,7096,11019,1606,,168,69700,39316,10098,22687,9366,11621,614,,4256
2017,Wesel I,207178,160344,CDU/CSU,61849,52085,8763,12644,9461,13615,,,264,53623,45627,9743,19709,10637,14325,380,,5054
2017,Krefeld II – Wesel II,179118,133705,CDU/CSU,48817,42219,8063,10769,7418,11294,,,3517,40955,36714,9307,18032,10090,12186,319,,4927
2017,Duisburg I,167998,121638,SPD,34053,45455,6648,8289,8146,13648,,,2529,30746,37925,7844,12491,10369,13549,294,,6398
2017,Duisburg II,160204,103704,SPD,26522,34799,4622,7054,8885,16643,,,1783,22830,34695,4493,8369,8546,15794,262,,6803
2017,Oberhausen – Wesel III,204816,150312,SPD,43077,56987,8349,9357,11331,18197,,,823,39085,49165,8228,14890,12373,18560,362,,6198
2017,Mülheim – Essen I,187746,142858,SPD,44219,49226,8690,12729,9210,16221,,,769,39847,41731,9465,18337,10546,16200,274,,5251
2017,Essen II,163326,110369,SPD,28912,40601,5846,7207,8555,17153,,,480,25606,34727,6746,10583,9524,16339,239,,5451
2017,Essen III,192918,153336,CDU/CSU,56393,46829,12511,12639,9846,12306,,,1580,45826,37699,14312,23068,12574,12735,292,,5903
2017,Recklinghausen I,169267,123958,SPD,37792,47257,6079,8791,8043,13953,,,327,35108,38822,7132,12674,8970,14777,320,,5081
2017,Recklinghausen II,189376,140795,SPD,46982,56019,6363,13903,11502,,,,1378,41079,44224,7189,14759,9201,17387,365,,5306
2017,Gelsenkirchen,175210,119414,SPD,29768,45017,5444,7864,7614,19836,1276,,602,26452,39524,5489,10834,8703,20113,461,,6490
2017,Steinfurt I – Borken I,202192,154606,CDU/CSU,78579,39584,8118,10082,7554,9265,,,0,67425,35466,9142,19339,8433,9719,368,,3686
2017,Bottrop – Recklinghausen III,202793,151842,SPD,50334,55128,6522,9667,9505,17756,,,947,44967,47013,7248,15741,10292,18710,294,,6249
2017,Borken II,199978,158146,CDU/CSU,81496,39412,10496,14216,6969,,3182,,0,73881,33697,9220,20609,6540,9405,553,,3151
2017,Coesfeld – Steinfurt II,192946,156813,CDU/CSU,79677,36250,12680,16195,9577,,,,0,68636,32787,11667,21116,8394,9496,248,,3482
2017,Steinfurt III,195571,152541,CDU/CSU,67678,45797,9857,8533,8520,9530,1124,,138,57215,41815,11026,17205,9692,10342,421,,3667
2017,Münster,232294,191090,CDU/CSU,70606,54778,24248,13219,13024,8569,,,5410,62276,39714,27739,25684,19287,9393,246,,5787
2017,Warendorf,209604,163531,CDU/CSU,75017,45094,8968,11291,7738,11078,,,2400,65357,38992,10815,21175,8997,12025,472,,4311
2017,Gütersloh I,234272,176708,CDU/CSU,81298,48942,9992,11401,7582,13996,1415,,0,67175,40104,13817,22848,10595,15081,655,,4752
2017,Bielefeld – Gütersloh II,246216,186152,SPD,56485,61086,17728,13495,16489,15028,,,3766,50995,46883,20567,21364,20522,16514,388,,7383
2017,Herford – Minden-Lübbecke II,228976,168664,SPD,59571,61205,8444,9411,9353,16633,1975,,0,52994,47940,11485,19186,11589,18098,972,,4783
2017,Minden-Lübbecke I,204203,151181,SPD,53057,55868,7372,10575,7862,14796,,,0,49160,43966,9625,16865,9432,15829,448,,4348
2017,Lippe I,170501,128938,CDU/CSU,46526,40908,7671,10690,6870,13005,1607,,0,40214,35509,8869,15916,8399,14147,871,,3612
2017,Höxter – Lippe II,211026,159883,CDU/CSU,69910,42211,9400,10813,8724,14443,1482,,871,58939,39038,10194,19543,10188,15197,758,,4334
2017,Paderborn – Gütersloh III,249359,187479,CDU/CSU,99004,36983,11116,10228,9554,16891,,,1821,75628,35055,13612,24976,12292,18484,488,,5362
2017,Hagen – Ennepe-Ruhr-Kreis I,207384,150044,SPD,44948,58206,5752,11727,8045,16716,,,2905,42972,43548,8673,18722,10743,17622,410,,6104
2017,Ennepe-Ruhr-Kreis II,178506,137632,SPD,44273,49333,11538,14175,10804,,,,4253,37284,40767,11142,17270,11092,13190,291,,5388
2017,Bochum I,206460,156941,SPD,43773,57655,11937,10923,15462,14775,,,492,39580,46243,13862,17449,15953,15190,302,,7125
2017,Herne – Bochum II,179247,127974,SPD,30361,52672,6992,8448,10064,16799,,,408,29629,43312,7414,11560,10860,17001,321,,6393
2017,Dortmund I,211316,156097,SPD,44228,59990,11281,9063,11874,14644,993,,2453,37967,46424,14702,17193,15506,15197,437,,7497
2017,Dortmund II,203300,143834,SPD,39933,55038,9047,9031,12242,15074,1524,,0,34822,46513,10190,15403,12924,15510,527,,6527
2017,Unna I,197873,150831,SPD,47452,58019,9600,9635,8048,13558,941,,2132,40697,50205,10254,17196,10313,14689,561,,5665
2017,Hamm – Unna II,235213,171524,SPD,59700,61717,7409,9970,9949,17713,1239,,1871,51475,53467,8938,17678,11837,19068,605,,6667
2017,Soest,232301,174364,CDU/CSU,73595,50458,9459,13681,9756,15311,,,232,62764,43184,10723,23296,11702,16165,387,,4853
2017,Hochsauerlandkreis,202768,154014,CDU/CSU,73185,41047,6476,12893,6452,11115,1447,,0,63651,34865,7198,21919,8183,12216,841,,3941
2017,Siegen-Wittgenstein,212912,162306,CDU/CSU,64484,48560,6885,11742,9554,15728,,,3748,54648,42551,8857,19125,12624,17154,410,,5590
2017,Olpe – Märkischer Kreis I,206716,152542,CDU/CSU,72158,39699,5170,13230,7197,13306,,,0,61394,35269,6866,20758,8205,13847,371,,4579
2017,Märkischer Kreis II,200546,145474,SPD,53714,54890,5356,15221,11113,,,,1799,49061,37193,7060,19328,9427,16688,421,,5044
2017,Nordsachsen,163916,118170,CDU/CSU,38207,16248,3070,7641,20028,31244,,,0,34321,14519,3021,9189,17173,31301,1273,,5766
2017,Leipzig I,220654,161407,CDU/CSU,43919,26330,8735,9074,31132,32702,1876,,6013,37622,20674,11300,13565,31137,33291,1443,,10898
2017,Leipzig II,227718,175198,Linke,42778,23787,17273,10052,43948,25968,2034,,7796,38111,22725,18154,14866,39058,27774,1302,,11794
2017,Leipzig-Land,215616,161321,CDU/CSU,54152,18221,6219,10048,24801,45563,,,0,47944,18139,5157,12859,23368,42823,1580,,7521
2017,Meißen,201310,152988,CDU/CSU,55326,13486,5051,7991,19122,46765,,,3191,39406,13148,5531,13156,20111,49615,1585,,8361
2017,Bautzen I,213990,161319,AfD,48579,15836,3247,9247,24221,52770,3562,,1414,42995,14378,3768,12122,22597,52041,2569,,8372
2017,Görlitz,213021,156089,AfD,48256,16801,4995,7661,20853,49834,3521,,1722,41000,14249,4476,10810,21534,50551,2464,,8636
2017,Sächsische Schweiz-Osterzgebirge,202580,156342,AfD,44354,11100,4575,9933,22614,57554,,,3769,39581,12040,4643,12795,19708,54749,2186,,8673
2017,Dresden I,232636,182849,CDU/CSU,44388,23906,11765,13590,37936,40380,,,8682,44104,19246,13936,18610,31004,41812,1371,,11035
2017,Dresden II – Bautzen II,235464,186818,CDU/CSU,47185,20593,15839,12843,32397,41202,2768,,11866,42792,17977,16588,17684,32040,43126,1927,,13030
2017,Mittelsachsen,201629,150648,CDU/CSU,48230,17782,4626,8652,20785,46827,,,1772,41189,14487,4112,11767,21582,46522,1549,,7681
2017,Chemnitz,195929,147218,CDU/CSU,38653,22413,6157,9535,28213,34958,,,5624,36270,17373,6818,12184,28010,35456,1068,,8692
2017,Chemnitzer Umland – Erzgebirgskreis II,183483,138891,CDU/CSU,48012,14142,4609,10345,23174,36388,,,0,41947,14524,3850,10542,20972,36746,1838,,6764
2017,Erzgebirgskreis I,220917,166701,CDU/CSU,56716,14707,4334,11820,24808,49465,,,1702,50759,15452,3661,12106,23090,47952,2343,,8608
2017,Zwickau,207606,150950,CDU/CSU,48347,18219,6513,19181,36881,,,,14239,45106,16131,4327,11253,24665,38964,1674,,6709
2017,Vogtlandkreis,193081,142775,CDU/CSU,49104,15538,5292,7836,21809,36428,,,4348,42604,16043,4266,10154,22578,37217,1299,,6700
2017,Waldeck,186825,142852,SPD,47269,49341,8062,9930,8600,15438,1910,,88,42232,43446,9660,13918,9891,16411,1268,,3907
2017,Kassel,222451,167855,SPD,44425,58759,15466,9759,14472,16501,1311,,4585,41736,46769,18935,15046,18677,17288,1003,,5949
2017,Werra-Meißner – Hersfeld-Rotenburg,175992,133726,SPD,39302,54033,5236,6594,7281,16411,2375,,0,38531,42737,7843,11096,8746,17173,1229,,3712
2017,Schwalm-Eder,188074,145743,SPD,43514,53892,8003,9298,7852,17198,3330,,0,41795,44847,9436,13118,9270,18504,1968,,4114
2017,Marburg,183296,142365,SPD,46888,50214,8989,6044,11557,14378,2005,,491,42377,37202,13088,12191,14420,16125,950,,4433
2017,Lahn-Dill,208744,155002,CDU/CSU,58417,45375,8909,9590,7116,17874,1789,,3484,51125,37794,10768,14821,10210,20931,1564,,5588
2017,Gießen,217806,166621,CDU/CSU,57610,46216,13619,12641,10346,18918,3190,,1618,49518,39252,15898,16926,13798,20358,2170,,6393
2017,Fulda,209966,161981,CDU/CSU,71946,32150,8874,8437,7669,27990,1657,,576,61811,28745,10593,17122,9266,25145,1178,,4822
2017,Main-Kinzig – Wetterau II – Schotten,179307,138193,CDU/CSU,49479,38462,7346,8326,8007,20172,2865,,1212,43147,32069,9614,14144,8938,20927,1590,,5597
2017,Hochtaunus,181516,146315,CDU/CSU,57579,33201,12884,14954,8556,15075,2011,,0,48436,28947,14074,21713,9562,16132,1090,,4655
2017,Wetterau I,176435,138853,CDU/CSU,49891,39773,11368,11047,6719,14987,2417,,719,43951,31152,13002,17462,9249,15895,1299,,5210
2017,Rheingau-Taunus – Limburg,220342,173627,CDU/CSU,71555,43427,12020,13053,9394,17439,4450,,0,59346,35604,15273,22650,11069,20399,1794,,5490
2017,Wiesbaden,189372,139775,CDU/CSU,47309,39396,12321,9693,10558,14417,1467,,2804,40022,29247,16286,18400,13160,15496,943,,4675
2017,Hanau,177469,134190,CDU/CSU,46656,40185,8054,8418,7715,16907,1679,,2445,39126,31150,11345,15185,10006,18626,1024,,5861
2017,Main-Taunus,197291,160647,CDU/CSU,66490,34527,14458,17224,7887,15319,2620,,0,54902,28786,16752,26571,9504,16395,1293,,4656
2017,Frankfurt am Main I,199775,144841,CDU/CSU,43663,38704,15596,13185,13934,12892,1307,,3768,37221,29743,19475,19989,17179,13342,725,,5553
2017,Frankfurt am Main II,223942,172393,CDU/CSU,55221,44240,23026,13877,15523,13033,1026,,4623,45731,33511,26415,24336,20059,13737,736,,6248
2017,Groß-Gerau,174727,133318,CDU/CSU,45963,42342,8877,7358,8729,14805,2507,,276,39950,33318,11862,12645,10755,15943,1387,,5320
2017,Offenbach,220194,163580,CDU/CSU,58565,40106,14246,12420,12435,18047,3056,,2108,49302,34519,16421,20372,14261,19050,1363,,6006
2017,Darmstadt,242622,192508,CDU/CSU,58216,56442,26939,11739,16146,17227,2576,,490,52218,42638,27317,20893,19508,18654,1192,,7955
2017,Odenwald,234422,184974,CDU/CSU,65654,52761,14181,13139,11138,21347,2651,,960,59635,42516,16084,19948,13433,22258,1514,,6841
2017,Bergstraße,198418,156082,CDU/CSU,59781,41408,11747,11711,8511,19153,,,1428,51088,34435,13595,18196,10197,19923,1227,,5433
2017,Eichsfeld – Nordhausen – Kyffhäuserkreis,216673,158339,CDU/CSU,59318,22320,3992,7633,23848,33402,2869,,2693,52667,21652,4778,11974,22613,32854,2167,,7224
2017,Eisenach – Wartburgkreis – Unstrut-Hainich-Kreis,222558,163154,CDU/CSU,55378,24478,5066,8075,24899,34052,5010,,3882,48340,23206,5596,11545,25171,35824,3185,,8019
2017,Jena – Sömmerda – Weimarer Land I,203210,155210,CDU/CSU,44684,21668,7544,8939,32680,29451,5612,,2317,42092,19150,9497,13310,28312,30426,2815,,7754
2017,Gotha – Ilm-Kreis,198341,148065,CDU/CSU,42221,27120,4809,8775,22674,34798,5198,,0,40576,20391,5411,11218,22920,35091,2691,,7580
2017,Erfurt – Weimar – Weimarer Land II,221922,168235,CDU/CSU,45305,30257,11722,9975,30948,28960,1858,,6900,42168,23535,12666,14260,32239,30166,1598,,9526
2017,Gera – Greiz – Altenburger Land,240738,176933,CDU/CSU,52980,20627,3652,9712,32573,47558,3620,,3391,47690,19845,4709,14315,30402,47275,2508,,7648
2017,Saalfeld-Rudolstadt – Saale-Holzland-Kreis – Saale-Orla-Kreis,229126,171879,CDU/CSU,52311,19753,5726,10323,28926,44894,5717,,1702,47769,20427,5124,13209,28088,43740,3300,,8094
2017,Suhl – Schmalkalden-Meiningen – Hildburghausen – Sonneberg,234446,170237,CDU/CSU,56316,22579,4408,8147,30646,38351,3823,,3602,50956,22826,5559,11298,28467,38693,2867,,7432
2017,Neuwied,239284,181607,CDU/CSU,76933,50996,9449,10898,9521,16954,3285,,169,68357,45447,10738,18071,11338,19273,1982,,3854
2017,Ahrweiler,195618,151587,CDU/CSU,64006,40944,8616,12981,6790,13105,,,3153,60937,34113,10059,17397,8519,14437,1134,,3393
2017,Koblenz,196999,151153,CDU/CSU,61594,42777,9273,9732,7693,12153,2623,,3164,56616,35679,11862,16152,10332,13701,1627,,3660
2017,Mosel/Rhein-Hunsrück,172876,135519,CDU/CSU,58596,33477,6465,11544,7040,10834,3741,,1131,55606,30799,7487,14924,8143,11996,1708,,3041
2017,Kreuznach,185172,139908,CDU/CSU,50975,43373,6750,9342,7610,14914,3629,,1201,47189,37906,8629,13654,9493,16198,1910,,3232
2017,Bitburg,164480,126879,CDU/CSU,63719,32017,,8703,6786,8840,2927,,1390,55591,27255,7710,12888,7433,10058,1627,,2486
2017,Trier,192846,151551,CDU/CSU,56611,50283,9645,7910,9842,10414,1617,,3016,55882,36950,13512,13841,12934,11926,1418,,3418
2017,Montabaur,210114,163520,CDU/CSU,68727,47312,8225,14543,11098,,8792,,0,60594,39906,10058,17703,9576,17826,2445,,3651
2017,Mainz,248996,202534,CDU/CSU,71535,56184,21685,13813,12904,14542,2111,,7545,65713,44203,26415,22608,17148,16535,1506,,6751
2017,Worms,213627,169793,CDU/CSU,68685,44569,11280,10058,8539,18902,2687,,2456,54721,42471,13449,17543,10811,21978,2045,,4647
2017,Ludwigshafen/Frankenthal,215595,161867,CDU/CSU,51168,50740,8700,11910,8979,23109,4163,,412,49226,39822,11621,16321,10614,24641,2418,,4794
2017,Neustadt – Speyer,220550,176425,CDU/CSU,69504,44032,13156,11734,8207,20593,5929,,566,61407,37894,15389,19251,10537,22070,3683,,4106
2017,Kaiserslautern,229114,172316,SPD,53022,57482,8618,9256,12277,21378,4820,,2526,49400,47986,11360,15519,13548,23206,3558,,5187
2017,Pirmasens,177687,135065,CDU/CSU,48719,38028,5544,8846,8019,16989,3430,,2660,47455,32794,6156,11803,9511,18652,2388,,3957
2017,Südpfalz,217633,172369,CDU/CSU,68588,44224,13500,10209,8018,20932,4540,,0,59309,37293,14788,17560,10975,23191,2814,,4477
2017,Altötting,168221,126786,CDU/CSU,68435,15479,7584,7070,6060,16486,,,4424,55417,15511,8608,11209,6659,18330,3172,,7004
2017,Erding – Ebersberg,198198,163357,CDU/CSU,78212,24131,16607,11889,6418,16689,,,8302,63525,19943,17768,19407,8352,19366,4669,,9572
2017,Freising,235746,186647,CDU/CSU,79545,24916,17439,13400,9265,23222,11878,,5512,73650,23029,18036,19308,9506,25178,7076,,9849
2017,Fürstenfeldbruck,232125,190769,CDU/CSU,82602,35454,17244,13661,7699,19352,5882,,7406,75621,25929,20886,22005,9633,21934,4545,,9294
2017,Ingolstadt,238605,184059,CDU/CSU,90383,24799,11515,9310,8817,23720,7093,,6835,76236,24424,13205,17154,9830,27673,5562,,8761
2017,München-Nord,226436,174196,CDU/CSU,55811,45068,22726,16669,10351,13216,2752,,6528,49953,28903,29334,26241,14302,14982,1869,,7944
2017,München-Ost,239169,186913,CDU/CSU,68255,39621,28278,16451,11655,13822,3223,,4382,58483,29744,29866,27459,14124,15959,2111,,8422
2017,München-Süd,216725,170483,CDU/CSU,55894,39873,23343,15332,12611,12921,2803,,6620,50686,27500,29560,22587,14694,14578,1982,,8237
2017,München-West/Mitte,241282,193399,CDU/CSU,64014,44283,31385,17369,13569,12852,3450,,5155,57322,30617,35605,26356,16638,14895,1956,,9232
2017,München-Land,235172,197265,CDU/CSU,85347,31943,26890,18312,7708,16458,6250,,3228,73189,27490,24837,30054,9996,18470,3705,,8624
2017,Rosenheim,235170,186492,CDU/CSU,84981,21890,17307,13750,7036,23988,6177,,9819,75178,20967,18571,20311,9449,25697,4426,,10858
2017,Bad Tölz-Wolfratshausen – Miesbach,165527,132612,CDU/CSU,62465,14792,17786,10702,6922,13025,,,5562,54786,14457,13605,16343,6486,15391,3459,,7290
2017,Starnberg – Landsberg am Lech,213628,177013,CDU/CSU,73948,29308,20864,16893,6983,15607,4264,,7812,67512,22332,23111,24950,9594,17460,2863,,8444
2017,Traunstein,208466,160615,CDU/CSU,80056,25659,12972,9034,7144,16276,,,8084,71196,18916,14680,14614,8508,19191,3811,,8653
2017,Weilheim,167159,134333,CDU/CSU,63784,19722,12066,9370,6229,13383,,,8484,57254,15402,12753,13909,7214,16145,2876,,8014
2017,Deggendorf,166659,119455,CDU/CSU,52167,20612,5342,4707,4955,20438,6563,,3607,48182,16915,5528,8968,5892,22765,4785,,5719
2017,Landshut,249836,192966,CDU/CSU,75702,25970,12514,16297,6869,24080,22378,,7425,75521,25095,13856,19361,9270,28061,10631,,9905
2017,Passau,177387,131350,CDU/CSU,61835,24611,7248,7900,6246,18328,,,4003,52937,19709,8393,11918,7357,20967,3146,,6144
2017,Rottal-Inn,168642,124299,CDU/CSU,55364,17683,6061,8625,4851,18539,6030,,5907,52752,15765,6478,11215,5510,20401,4690,,6694
2017,Straubing,173953,129424,CDU/CSU,60976,21525,4602,5670,4766,19261,5875,,5375,53712,17512,5846,10308,5590,23576,5410,,6255
2017,Amberg,215876,169507,CDU/CSU,80075,25580,11612,8388,7461,18790,10184,,5760,71720,26080,11997,12854,8948,21550,7103,,7953
2017,Regensburg,252916,198780,CDU/CSU,78858,32862,18343,12254,11761,23275,12922,,6614,74720,28582,20332,17719,13259,25625,8374,,9050
2017,Schwandorf,216418,162549,CDU/CSU,77092,38461,6172,7392,7929,,15496,,6544,66827,26122,7302,10608,7339,28006,8278,,6799
2017,Weiden,168415,130514,CDU/CSU,59285,28614,4553,5269,5677,,7295,,17498,55691,24631,6426,8479,6204,17411,5061,,5439
2017,Bamberg,182513,145222,CDU/CSU,60675,29475,13194,9364,7504,16603,4203,,3115,56138,22529,14279,13776,9351,18392,3425,,6531
2017,Bayreuth,163934,127222,CDU/CSU,58665,26785,8936,8368,5476,11845,4434,,1662,53063,23198,9994,11369,7022,13566,3441,,4876
2017,Coburg,159654,123200,CDU/CSU,55078,32163,7129,5877,6305,12763,,,2378,48410,27553,8155,9967,6895,14208,2449,,4542
2017,Hof,167552,126918,CDU/CSU,59182,29641,5936,4716,5560,14893,3362,,2568,48772,27775,6989,9890,7185,16605,3301,,5275
2017,Kulmbach,170897,135072,CDU/CSU,74105,21494,5880,5381,5057,15497,4199,,2064,58112,23675,7966,10335,6431,17997,3560,,5836
2017,Ansbach,243760,185955,CDU/CSU,81431,33755,13946,7661,11179,19396,11980,,4555,74425,31464,16239,13825,12208,21734,6252,,8271
2017,Erlangen,180730,148048,CDU/CSU,62767,30965,16179,8713,8633,11670,4229,,4004,52414,25578,19862,14973,11115,13953,3235,,6242
2017,Fürth,255491,198742,CDU/CSU,78559,45055,19088,10618,13311,20968,8619,,809,69472,37089,20540,17545,15442,23033,5169,,9054
2017,Nürnberg-Nord,192214,146205,CDU/CSU,45340,37068,18463,10379,14511,13398,3058,,2706,40106,26456,21909,15412,16962,14503,1824,,8131
2017,Nürnberg-Süd,181809,132085,CDU/CSU,46511,34621,10163,7632,10772,17270,3706,,0,40882,27467,12166,11199,11640,18679,2192,,6753
2017,Roth,227560,185895,CDU/CSU,81874,37920,14465,8583,8887,18925,9191,,4341,69743,34040,18033,15990,11635,21317,6080,,7716
2017,Aschaffenburg,183362,144938,CDU/CSU,68708,23660,13144,11381,6833,14985,,,4179,55009,25198,13432,15610,8699,16642,2423,,6417
2017,Bad Kissingen,216030,171202,CDU/CSU,86603,32383,11980,9534,9071,17753,,,2083,75788,26904,11359,15084,10085,19650,4075,,6957
2017,Main-Spessart,196183,157206,CDU/CSU,72406,35148,11050,7708,7515,14075,5488,,1987,65245,28903,11939,13720,8562,16856,4511,,6232
2017,Schweinfurt,199041,156159,CDU/CSU,73901,26346,11466,9506,12091,17198,,,3761,63674,26163,11717,13789,10422,18905,3684,,6587
2017,Würzburg,225998,182961,CDU/CSU,76515,33929,25359,14592,10130,13872,,,6900,67585,32126,23719,18813,12931,15764,2633,,8336
2017,Augsburg-Stadt,210528,153228,CDU/CSU,52769,29285,21062,9191,12850,20170,3204,,3111,48420,24112,18782,15149,13649,21015,2302,,8625
2017,Augsburg-Land,248812,199077,CDU/CSU,94252,27813,14809,11976,7231,24279,13080,,3823,81831,25240,17447,20565,9737,27045,6579,,9402
2017,Donau-Ries,190782,147825,CDU/CSU,68770,26562,9436,7321,6198,18799,7379,,1991,63638,20289,10102,13440,6687,21585,5093,,5991
2017,Neu-Ulm,239647,182045,CDU/CSU,80503,26419,16519,10780,7855,24612,9222,,4466,72104,24828,14898,18627,9274,27327,5142,,8575
2017,Oberallgäu,226604,176437,CDU/CSU,88357,21451,16162,12262,8264,16825,7805,,4071,72855,21725,19792,18935,10130,18529,5156,,8223
2017,Ostallgäu,247539,191581,CDU/CSU,93430,21610,16537,10627,10153,24018,6445,,7069,79932,23044,16214,19898,10387,25384,5112,,10198
2017,Stuttgart I,194368,160834,CDU/CSU,51118,20512,47430,13399,10409,10646,,,6163,46243,23350,31283,26203,14830,11455,480,,6141
2017,Stuttgart II,182501,139180,CDU/CSU,46166,25469,21850,11903,12321,14345,,,5783,40109,23458,21071,19210,12553,14899,561,,6166
2017,Böblingen,245678,196557,CDU/CSU,75323,38053,23206,24867,9715,21842,,,1280,68991,30296,24746,29510,10434,22874,1429,,6620
2017,Esslingen,168715,135479,CDU/CSU,53665,25697,20501,11657,7853,14390,,,355,44748,22579,19565,18512,8361,14692,992,,4936
2017,Nürtingen,207044,168052,CDU/CSU,65566,31655,24540,16390,7978,19833,,,325,56105,25190,23673,24922,9132,20544,1189,,5854
2017,Göppingen,178409,137585,CDU/CSU,50892,29730,16420,12492,5994,19588,,,354,45290,23924,16749,17188,6882,19956,907,,5052
2017,Waiblingen,222891,178340,CDU/CSU,64958,33898,21542,23568,8626,21863,,,1952,58372,28146,21539,28617,9881,22870,1036,,6432
2017,Ludwigsburg,218074,175304,CDU/CSU,66430,30971,24702,17691,9487,20157,3644,,453,58003,28547,24000,25538,10451,19780,1503,,6165
2017,Neckar-Zaber,229280,186362,CDU/CSU,73689,36327,23092,16191,8453,23215,3128,,287,60898,30472,24282,27145,9719,24212,1818,,6291
2017,Heilbronn,242553,185705,CDU/CSU,64591,42455,14920,17566,8448,28575,1896,,4659,58755,32489,19016,23872,10520,30089,1281,,7264
2017,Schwäbisch Hall – Hohenlohe,225785,171760,CDU/CSU,68717,31406,21468,14252,7314,22894,,,3809,58215,27472,20512,21629,9594,24827,896,,6650
2017,Backnang – Schwäbisch Gmünd,176968,136717,CDU/CSU,55595,26971,15216,10882,7581,17788,,,768,47588,22298,15482,16717,7999,19438,690,,5099
2017,Aalen – Heidenheim,221853,170191,CDU/CSU,77752,35164,16123,10218,8678,18447,,,1204,64217,31341,18427,17707,9233,20616,1061,,5614
2017,Karlsruhe-Stadt,208868,162139,CDU/CSU,45821,37924,28268,13829,12155,16073,,,6436,44776,27044,29408,19251,15452,16741,600,,7639
2017,Karlsruhe-Land,209741,168801,CDU/CSU,67396,32886,19076,15138,7627,19512,2657,,2448,59137,28591,20489,21441,9119,20887,1475,,5987
2017,Rastatt,206484,157208,CDU/CSU,68259,29486,16954,11150,7123,18849,2809,,260,58798,26374,17766,17847,8369,19701,1496,,4897
2017,Heidelberg,217934,179138,CDU/CSU,58019,46219,29664,11769,10751,15803,1792,,3553,53138,32806,30491,22556,14812,16850,990,,6189
2017,Mannheim,197289,144078,CDU/CSU,41812,39795,18739,9835,10493,17833,1444,,2623,38746,30309,18803,16050,12989,18309,826,,6691
2017,Odenwald – Tauber,210876,163339,CDU/CSU,75531,30849,11090,11419,8422,21849,,,2063,64208,27175,13642,17564,8907,22289,1300,,6140
2017,Rhein-Neckar,198251,156402,CDU/CSU,57788,36886,14792,12571,8010,20177,2255,,1937,51797,28486,17687,18933,9738,20942,1381,,5690
2017,Bruchsal – Schwetzingen,196426,154622,CDU/CSU,63166,29684,12641,10255,7016,21960,2824,,4812,53147,26560,15500,18180,8674,22794,1667,,6168
2017,Pforzheim,219577,167977,CDU/CSU,60476,31611,16016,19760,7730,26172,,,4208,54364,27101,17869,22643,8952,27107,1138,,6906
2017,Calw,198021,153463,CDU/CSU,65676,25601,13284,14154,6832,21431,1596,,3150,56330,21832,14989,21646,7759,22715,1137,,5197
2017,Freiburg,222308,180854,CDU/CSU,50256,40647,46115,9546,13172,12984,,,6654,50423,31452,38002,16725,20168,14103,608,,8054
2017,Lörrach – Müllheim,232208,177399,CDU/CSU,69148,36986,26244,15271,8854,16854,,,2160,60513,31249,27014,19449,10898,18459,1187,,6935
2017,Emmendingen – Lahr,218287,168468,CDU/CSU,62476,39472,18537,14275,8691,18027,,,4878,59784,29738,22806,17626,9588,19139,1264,,6499
2017,Offenburg,205551,155724,CDU/CSU,73935,26532,19383,9593,8264,15899,,,0,57033,25406,21220,16940,8411,17800,1301,,5538
2017,Rottweil – Tuttlingen,199227,152001,CDU/CSU,64558,23855,14299,16255,5825,19543,1869,,3826,57060,21900,15329,20328,7141,20942,1418,,5932
2017,Schwarzwald-Baar,165041,125344,CDU/CSU,58149,20672,12085,10438,5347,14069,1405,,1525,46812,19337,15113,15124,6608,15350,992,,4393
2017,Konstanz,205135,158861,CDU/CSU,70355,26396,21052,11425,11003,15006,,,1872,52194,24529,25202,20758,11306,16215,988,,6191
2017,Waldshut,177806,136595,CDU/CSU,56528,32522,16030,8402,6767,12388,1414,,1008,53066,22122,18842,14647,7369,13299,1117,,4667
2017,Reutlingen,199934,157642,CDU/CSU,63494,23397,22309,15533,9711,18702,,,2657,53873,23321,21695,21425,9543,20171,856,,5175
2017,Tübingen,196488,159801,CDU/CSU,56446,27325,30197,12504,13862,13684,,,4168,48828,24865,28521,18718,15096,15887,758,,5737
2017,Ulm,222673,177460,CDU/CSU,74849,35456,20990,14173,8105,18734,,,3137,64988,27889,24160,20277,9976,20432,1275,,6866
2017,Biberach,167025,131693,CDU/CSU,57837,22034,17589,9775,4907,14640,1576,,1724,56162,16557,14729,14321,5997,16236,1201,,5072
2017,Bodensee,172782,137146,CDU/CSU,56165,24451,18811,11999,7185,14079,1338,,1766,50428,19321,20015,17954,8316,14164,1001,,4752
2017,Ravensburg,186958,146174,CDU/CSU,55758,17958,29216,14672,7860,13668,2085,,3440,56264,19398,21770,16441,8889,14901,1296,,5828
2017,Zollernalb – Sigmaringen,183588,139548,CDU/CSU,61694,19716,17489,12695,6450,18609,,,541,52284,19446,15798,18394,7061,18814,1018,,4912
2017,Saarbrücken,199885,147602,SPD,45664,46688,8782,7672,19262,12950,1592,,2688,41394,38322,11748,11753,21669,14042,1048,,5454
2017,Saarlouis,207501,160430,CDU/CSU,60102,50672,5532,6069,17142,14224,1352,,2922,52981,42476,8598,12059,20320,15506,1243,,4422
2017,St. Wendel,177468,141387,CDU/CSU,57987,42129,4674,6517,13584,11646,2232,,0,50660,38368,6662,9569,15686,12627,1261,,3865
2017,Homburg,192410,145992,CDU/CSU,48102,45022,7128,7369,15724,15767,1783,,2426,44538,39729,8109,11096,17773,16745,1273,,4262
2021,Flensburg – Schleswig,231536,180112,Grüne,41721,38927,50231,12299,6544,9768,2324,,16761,36421,45508,33300,19189,7475,10317,1715,,24700
2021,Nordfriesland – Dithmarschen Nord,188267,145387,CDU/CSU,43745,40026,20611,13958,4060,8274,1510,,11866,35511,37926,22588,18350,4437,8798,1081,,15454
2021,Steinburg – Dithmarschen Süd,176899,136299,CDU/CSU,39431,39379,16686,19315,4339,10429,2566,,2835,32842,37468,19237,18492,4524,11303,1713,,9530
2021,Rendsburg-Eckernförde,202226,162060,SPD,47688,49474,23832,12903,4416,10200,1651,,10486,38517,43148,28828,19322,5163,10564,1174,,14239
2021,Kiel,202482,155986,SPD,28416,45709,43532,11445,7275,7147,1144,,10148,23920,40338,44089,16110,9430,7654,954,,12573
2021,Plön – Neumünster,174908,133721,SPD,36870,41497,20740,12420,3718,9404,2386,,4927,30290,38670,23051,15901,4232,9741,1275,,9367
2021,Pinneberg,238388,191512,SPD,49710,59298,32109,20737,5659,12141,2380,,8035,42057,55693,34291,25663,6363,13080,1731,,11392
2021,Segeberg – Stormarn-Mitte,249202,199618,SPD,55265,63369,27109,20575,6202,14040,4670,,6688,44285,56658,33361,27675,6468,14527,2297,,12994
2021,Ostholstein – Stormarn-Nord,183138,143092,SPD,42991,47714,19025,13289,4122,9647,2582,,2421,35564,42520,22314,17986,4036,10073,1603,,7870
2021,Herzogtum Lauenburg – Stormarn-Süd,246277,196903,SPD,51872,60593,33949,20550,5168,14053,3517,,5625,45364,56422,32475,27725,6325,14682,2204,,10390
2021,Lübeck,179394,131455,SPD,28266,44315,27809,9700,4020,8538,1788,,5439,23628,39704,29229,13626,5785,8827,1296,,8142
2021,Schwerin – Ludwigslust-Parchim I – Nordwestmecklenburg I,214853,156565,SPD,31754,45189,12061,11769,17906,25393,3552,,5984,26383,49271,12419,13242,16604,24185,2476,,9583
2021,Ludwigslust-Parchim II – Nordwestmecklenburg II – Landkreis Rostock I,205042,146362,SPD,26208,50736,8163,10322,14949,24760,3531,,5377,24621,46846,10147,11638,14979,24673,2384,,8816
2021,Rostock – Landkreis Rostock II,222705,165329,SPD,27672,43932,16556,12242,29715,19882,2131,,10880,23103,47280,20941,14852,21491,20658,1871,,12781
2021,Vorpommern-Rügen – Vorpommern-Greifswald I,241066,168922,SPD,33903,40429,12199,11005,22767,33025,1835,,10990,30910,41583,14654,13776,18857,31303,1975,,12721
2021,Mecklenburgische Seenplatte I – Vorpommern-Greifswald II,221421,154240,SPD,31182,37392,6112,11165,16202,36597,2468,,9550,28684,40339,6616,11438,15370,35102,2183,,11306
2021,Mecklenburgische Seenplatte II – Landkreis Rostock III,209348,143622,SPD,29950,43730,7573,9825,14494,30320,4264,,445,26402,42049,7179,10609,14434,29421,2455,,8249
2021,Hamburg-Mitte,242078,179637,SPD,23231,59229,46326,14424,16195,8664,1340,,8789,19982,51170,49791,18723,15593,9100,974,,13222
2021,Hamburg-Altona,187705,152720,Grüne,25441,43427,45063,12380,14716,5191,756,,4909,22478,38865,46162,16543,13667,5036,524,,8820
2021,Hamburg-Eimsbüttel,193823,160970,Grüne,27462,47375,47734,12957,11351,5450,998,,6712,23843,44911,47983,18190,10847,5662,761,,8168
2021,Hamburg-Nord,219909,185457,SPD,43870,56594,47375,15786,9095,6259,1540,,3704,34387,51575,46531,26247,8741,6811,939,,9460
2021,Hamburg-Wandsbek,233483,174014,SPD,33085,66616,26599,15755,10629,11490,,,8162,29103,59298,32134,19225,8852,11290,1084,,11835
2021,Hamburg-Bergedorf – Harburg,221794,158246,SPD,26483,61590,24231,13301,10521,12774,2109,,5636,25427,52523,27931,15674,9878,12638,1319,,11627
2021,Aurich – Emden,191846,137847,SPD,24019,71596,12652,11798,4861,,4205,,6430,24066,59038,17668,12113,4671,11173,1769,,5696
2021,Unterems,238506,175826,CDU/CSU,77143,49440,16434,10763,4358,13584,,,2025,52067,59229,18576,17671,4650,14248,856,,6979
2021,Friesland – Wilhelmshaven – Wittmund,189047,134164,SPD,29286,60392,13504,9502,3460,10227,2611,,3994,28535,50448,17020,13874,4122,10951,1512,,6468
2021,Oldenburg – Ammerland,228705,173725,SPD,34294,65757,35119,12859,10183,8572,1416,,4128,32100,55231,40919,17674,8344,8903,1041,,8338
2021,Delmenhorst – Wesermarsch – Oldenburg-Land,226827,163753,SPD,40410,59377,21202,17278,4931,11999,2165,,4610,36649,55621,23973,18571,5046,12987,1555,,7756
2021,Cuxhaven – Stade II,188602,140739,SPD,42085,51417,15389,9622,2694,10227,2102,,6136,36586,48858,17553,14052,3672,11000,1535,,6460
2021,Stade I – Rotenburg II,198576,151821,CDU/CSU,52069,47763,19923,12019,4340,10735,,,3784,39969,48301,22091,16720,4301,11002,1620,,6882
2021,Mittelems,233253,180543,CDU/CSU,72523,52309,22562,17466,3996,8993,,,1364,60733,55461,22515,21101,3969,9235,723,,5702
2021,Cloppenburg – Vechta,223948,164507,CDU/CSU,80134,33825,17366,14397,3542,12674,,,1248,62837,40212,18093,19747,3549,12772,792,,5350
2021,Diepholz – Nienburg I,194371,146954,CDU/CSU,49116,46455,19702,13671,4029,9683,,,2838,36915,48196,21139,17628,3920,10372,1322,,6480
2021,Osterholz – Verden,197490,151308,CDU/CSU,50274,48574,21933,13764,6375,,4578,,3883,36183,49430,24183,15653,5253,11329,1494,,6694
2021,Rotenburg I – Heidekreis,168927,125100,SPD,32720,59131,10035,7354,3010,9182,2734,,0,31119,43196,16857,12526,3536,9945,1433,,5592
2021,Harburg,201740,161635,SPD,46711,49773,24120,14395,4230,11007,3515,,6762,39850,46765,26777,20426,4682,11671,2404,,8167
2021,Lüchow-Dannenberg – Lüneburg,182673,139183,SPD,34287,38784,34606,9513,5378,8603,1561,,4905,29032,41262,30585,13241,6328,9145,1161,,7352
2021,Osnabrück-Land,199960,151837,CDU/CSU,54535,44709,22011,13006,3596,9418,1262,,2049,42864,48352,22160,16653,3870,10069,824,,5666
2021,Stadt Osnabrück,195467,149541,SPD,43316,44876,34140,10090,6977,6695,,,2112,34462,44919,34546,14627,6224,6903,543,,6286
2021,Nienburg II – Schaumburg,193863,142895,SPD,43817,50017,18094,8804,3070,11695,1746,,4404,33968,49553,19968,14213,3842,12434,1335,,6479
2021,Stadt Hannover I,176770,128894,SPD,27303,44538,27851,9550,4662,7549,847,,5377,23410,39511,30360,13282,5768,7677,691,,6887
2021,Stadt Hannover II,190336,143712,SPD,26196,46929,37779,9538,7390,6476,875,,7345,22537,40116,41976,13288,8831,6753,698,,8251
2021,Hannover-Land I,231250,174581,SPD,55185,58297,22490,12557,3981,12942,,,7665,44529,55464,26219,19550,4504,13295,1077,,8064
2021,Celle – Uelzen,214482,158022,CDU/CSU,51504,50635,18773,13412,4357,14498,3399,,56,40993,48332,21882,17990,4680,14423,1578,,6952
2021,Gifhorn – Peine,219966,166592,SPD,40279,72113,15762,10738,3619,15346,2084,,5083,37839,58846,21960,16238,4147,16048,1627,,8125
2021,Hameln-Pyrmont – Holzminden,184471,132893,SPD,33575,56893,13259,9102,3676,11208,1979,,1856,29809,48438,17274,13624,3734,11590,1122,,6018
2021,Hannover-Land II,238323,181202,SPD,45721,73088,22283,11883,4095,13377,1978,,7123,40612,62024,29201,18320,4994,13850,1672,,8419
2021,Hildesheim,215131,161685,SPD,41230,61857,22973,11507,5481,11387,1420,,4154,36504,55439,26565,15397,5308,12161,1054,,7350
2021,Salzgitter – Wolfenbüttel,200922,147218,SPD,39541,56157,15353,9544,5675,14331,1651,,3172,33453,53411,18105,13463,4478,14415,1317,,7080
2021,Braunschweig,187721,140807,SPD,31276,51220,28214,9816,5352,8045,1194,,4436,25929,42377,33401,14046,6355,8238,844,,8104
2021,Helmstedt – Wolfsburg,180147,130671,SPD,34367,54349,11305,9766,3575,12339,2113,,1234,31827,45414,15481,13073,3496,12241,1128,,6544
2021,Goslar – Northeim – Osterode,197519,143611,SPD,47196,52129,14954,8827,3835,11240,2031,,1855,33614,53876,17118,14239,4251,11819,1228,,6170
2021,Göttingen,214542,161876,SPD,42958,51385,37060,15261,8057,,,,4756,34588,51180,32448,15638,8132,9785,1259,,7275
2021,Bremen I,245384,186308,SPD,39440,55934,39721,13929,15306,9099,1853,,9689,32375,53425,44414,18396,15739,9835,1473,,9580
2021,Bremen II – Bremerhaven,214365,144123,SPD,28552,52498,20769,8469,10617,12466,1799,,6916,24124,49799,24013,12085,9613,12740,1438,,8991
2021,Prignitz – Ostprignitz-Ruppin – Havelland I,172726,122512,SPD,23433,39853,5623,7355,10845,23799,4549,,5380,19414,41163,7677,9070,9754,23221,3060,,7649
2021,Uckermark – Barnim I,182836,130965,SPD,22991,38247,7528,10964,12316,26163,3811,,7130,19818,40543,9095,10422,11617,25748,3131,,8872
2021,Oberhavel – Havelland II,249331,195208,SPD,39996,50697,19026,17322,15501,30863,8282,,11051,33377,55193,20663,19802,12665,30793,5142,,15453
2021,Märkisch-Oderland – Barnim II,230391,177065,SPD,40804,43117,11742,12270,21700,31929,,,12647,26254,48712,13954,14939,18004,31820,6101,,14714
2021,Brandenburg an der Havel – Potsdam-Mittelmark I – Havelland III – Teltow-Fläming I,202955,147618,SPD,29236,46642,9474,9266,12672,23931,5521,,8637,22274,48423,12211,11934,12019,23845,3853,,11020
2021,Potsdam – Potsdam-Mittelmark II – Teltow-Fläming II,232797,190547,SPD,26050,64271,35452,16872,14701,17302,3439,,10758,26287,50965,35865,20210,19110,18658,3115,,14675
2021,Dahme-Spreewald – Teltow-Fläming III – Oberspreewald-Lausitz I,252744,194461,SPD,38080,50696,13523,15073,17417,33719,8065,,14940,31299,54650,16156,18893,14955,34411,5883,,15483
2021,Frankfurt (Oder) – Oder-Spree,191387,142414,SPD,22876,39350,8865,9975,15690,30182,5115,,8388,19890,41414,9992,12439,13436,28338,3749,,11332
2021,Cottbus – Spree-Neiße,171267,128323,SPD,21072,34882,4662,11400,11156,32530,3375,,7286,17502,36098,6939,13603,9670,30729,2818,,9196
2021,Elbe-Elster – Oberspreewald-Lausitz II,162410,120351,SPD,19130,29998,4110,10597,10630,29560,4872,,9386,17776,33412,4920,11114,8532,29849,3657,,9204
2021,Altmark,159998,108881,SPD,23433,29599,4674,9116,11218,20875,5584,,3081,22567,29537,5834,9396,10381,20629,3286,,6114
2021,Börde – Jerichower Land,215532,148520,SPD,36652,38520,6184,11817,12785,29843,3704,,7241,32720,39043,7267,13589,12426,29604,2737,,9577
2021,Harz,207942,138572,CDU/CSU,37884,34812,6320,10064,14413,24947,4972,,3432,30508,37330,7495,12532,12700,24790,2840,,8855
2021,Magdeburg,229198,156789,SPD,34177,39233,14381,12139,15137,23398,2430,,14397,28700,41022,16352,14673,16449,23446,2060,,12682
2021,Dessau – Wittenberg,169749,115204,CDU/CSU,39042,22178,7632,7591,9003,22002,3530,,2841,26740,29843,6531,10402,9635,21630,2543,,6645
2021,Anhalt,214563,139289,AfD,32295,28386,4587,10637,20246,33225,4845,,2975,29823,33055,5470,12705,14249,31003,2902,,8239
2021,Halle,209765,148576,SPD,30499,42335,12521,11867,19247,22517,3129,,4956,26282,34686,19915,15150,17180,21914,2349,,9748
2021,Burgenland – Saalekreis,184352,125866,CDU/CSU,32649,27165,4207,11764,12419,32328,,,3761,26535,28460,5002,12785,10630,31000,1629,,8538
2021,Mansfeld,198676,133064,AfD,32732,30969,3820,11089,13108,32930,3958,,2731,28411,32109,4835,12792,11680,31476,2163,,8115
2021,Berlin-Mitte,207010,140655,Grüne,19216,30611,42443,8448,19764,7632,,,10480,16526,28881,42486,11040,19610,7810,746,,11700
2021,Berlin-Pankow,233069,135593,Grüne,23439,21387,35919,4069,19048,19023,1132,,10117,22455,20245,34836,4932,19157,19426,1087,,12204
2021,Berlin-Reinickendorf,175195,114070,CDU/CSU,32972,26901,15523,8333,5194,12583,2154,,8049,29580,25740,17477,10331,5067,12731,1569,,9457
2021,Berlin-Spandau – Charlottenburg Nord,179896,122863,SPD,28647,39062,14004,9954,6484,12440,,,9224,26158,32853,17193,11798,6074,12780,1077,,12022
2021,Berlin-Steglitz-Zehlendorf,217506,171803,CDU/CSU,48530,41371,37751,14929,7196,9277,1398,,9090,39905,40677,38460,20813,8076,10036,1335,,10278
2021,Berlin-Charlottenburg-Wilmersdorf,195586,133235,SPD,33023,33723,33119,10222,7417,7062,1109,,6141,29035,28894,35201,13934,8638,7950,788,,7359
2021,Berlin-Tempelhof-Schöneberg,231477,172069,SPD,37902,45220,42680,12041,10177,10013,1567,,9856,31751,41215,42791,15633,12706,10921,1449,,12872
2021,Berlin-Neukölln,196593,134004,SPD,25173,33880,25790,8240,16943,10047,,,11005,22400,31498,29474,9325,15616,10089,961,,12161
2021,Berlin-Friedrichshain-Kreuzberg – Prenzlauer Berg Ost,218824,151276,Grüne,12706,24416,56602,6784,27024,6999,,,15101,11990,26326,55147,7834,27862,7379,650,,12581
2021,Berlin-Treptow-Köpenick,206999,156625,Linke,21016,23684,15806,8950,54548,17978,2331,,9862,20562,35690,24686,12190,24609,19322,2133,,14679
2021,Berlin-Marzahn-Hellersdorf,198002,133719,CDU/CSU,38914,18901,8064,5859,28572,20980,,,9771,21887,29991,11207,9372,20755,22665,1301,,13671
2021,Berlin-Lichtenberg,200461,143826,Linke,17696,27413,19179,8463,36409,17415,2443,,12089,16891,32403,21777,9796,25840,17916,1857,,14687
2021,Aachen I,176306,140020,Grüne,35562,33087,41942,10906,6161,5314,849,,5092,31772,30588,40421,15032,7453,5427,531,,8069
2021,Aachen II,226420,170670,SPD,54808,58189,19976,12055,4496,12632,2034,,4597,49838,53408,19918,17892,5259,12409,1131,,9232
2021,Heinsberg,192346,145368,CDU/CSU,57095,37249,15368,10691,3608,10965,2288,,6455,46466,38822,16858,16023,4529,11359,1375,,8539
2021,Düren,199656,153645,CDU/CSU,55719,46734,14174,11237,3449,12947,2196,,5482,46217,44058,16951,17104,4570,13171,1296,,8762
2021,Rhein-Erft-Kreis I,249035,194862,CDU/CSU,63635,58858,25409,17542,5889,13537,2132,,5951,55068,54714,27566,24227,5682,13417,1439,,11288
2021,Euskirchen – Rhein-Erft-Kreis II,249198,192814,CDU/CSU,65981,50892,25005,19805,4993,14999,2724,,6384,58081,50949,26161,23314,5730,14894,1628,,10517
2021,Köln I,190630,140901,SPD,31636,38985,33405,11490,7213,8789,1108,,7178,27695,36933,33501,15040,8267,8363,753,,9528
2021,Köln II,242483,204955,Grüne,50918,40103,70658,16950,8771,5587,1369,,9627,41834,43193,65240,26470,10399,5891,792,,10514
2021,Köln III,204539,155242,SPD,28674,46149,43600,10708,8435,8015,1100,,7454,27485,39901,44407,13845,9903,7876,684,,10301
2021,Bonn,230215,185557,Grüne,44872,46251,46467,23198,6675,7448,1183,,8016,41551,41641,50174,21902,10026,7750,897,,10503
2021,Rhein-Sieg-Kreis I,238627,188217,CDU/CSU,60776,53213,26270,16604,6242,13045,1929,,8387,51474,49529,29305,23122,6353,13604,1392,,12045
2021,Rhein-Sieg-Kreis II,216063,176637,CDU/CSU,70144,41004,26956,13914,4607,10385,1697,,6613,51795,41753,31027,23435,5687,10551,1303,,9870
2021,Oberbergischer Kreis,206640,160146,CDU/CSU,53757,42461,19015,15636,4587,15071,2246,,5734,44018,42413,19959,19796,5153,15211,1434,,10690
2021,Rheinisch-Bergischer Kreis,217193,176933,CDU/CSU,52714,39827,31626,29576,4845,9518,3632,,3846,48224,44429,32285,24373,5222,10051,1697,,9615
2021,Leverkusen – Köln IV,209102,154163,SPD,31197,69662,17290,11050,5657,10797,1479,,5628,33246,44586,29329,15931,7318,10966,918,,10706
2021,Wuppertal I,202528,146699,SPD,31960,54065,18932,13756,6742,11995,1544,,5964,30527,42421,25388,15970,8055,12090,964,,9984
2021,Solingen – Remscheid – Wuppertal II,220204,163495,SPD,44778,52852,20967,17406,5099,12335,1662,,6870,39413,48196,24296,20256,6076,12506,1086,,10389
2021,Mettmann I,203030,159457,CDU/CSU,47326,39326,36095,14873,4252,10704,1818,,3502,43354,42385,25430,21083,4956,10658,1117,,9325
2021,Mettmann II,160175,123769,CDU/CSU,38429,37635,17730,11158,3395,8894,1166,,4190,33254,34409,18112,16235,3887,9104,759,,7132
2021,Düsseldorf I,220827,175110,CDU/CSU,54158,38955,36926,24242,5094,7002,1089,,6482,44892,38195,39452,27743,6741,7495,851,,8934
2021,Düsseldorf II,190102,142287,SPD,34801,41169,30201,14143,5418,8214,1307,,5881,31639,35671,31524,17335,6931,8503,859,,8970
2021,Neuss I,213250,162167,CDU/CSU,57445,51391,18051,12932,4153,10801,,,5789,48166,43760,21951,20333,4771,11298,861,,9826
2021,Mönchengladbach,185185,129646,CDU/CSU,45550,37548,17302,10957,,9915,1422,,5245,36555,34877,18166,15459,4927,9641,850,,7930
2021,Krefeld I – Neuss II,200048,155726,CDU/CSU,51500,39253,24383,18781,4319,9150,1980,,4840,45635,39407,24014,22069,4680,9342,981,,8466
2021,Viersen,227166,175085,CDU/CSU,62123,47806,24394,15140,5558,10312,2253,,5759,52896,46375,25673,22281,5203,10357,1327,,9640
2021,Kleve,225463,171093,CDU/CSU,63701,48142,23477,14821,4235,9788,3409,,1892,54793,47837,23587,19542,4728,9632,1488,,8160
2021,Wesel I,206270,160625,SPD,47448,54488,19928,14452,4598,10842,1376,,6033,42544,53277,20629,17302,5103,10994,966,,8682
2021,Krefeld II – Wesel II,175852,131664,SPD,37033,45852,17398,10954,4100,9077,1186,,4686,32316,41476,19539,14899,4703,9189,818,,7676
2021,Duisburg I,163394,118600,SPD,24299,47314,16777,8203,5500,11101,1470,,2616,23166,41308,17912,10593,5580,9802,780,,8453
2021,Duisburg II,155265,98339,SPD,19404,38162,10518,6901,4889,13361,1263,,2311,18168,35842,10287,7913,4508,11834,674,,7940
2021,Oberhausen – Wesel III,199156,145232,SPD,32277,55790,17171,10132,4908,13601,1378,,8497,30770,53034,17945,13573,5613,13099,847,,9135
2021,Mülheim – Essen I,182895,139658,SPD,33090,50168,19547,11884,3663,11704,1105,,6994,32698,46084,20232,15188,4494,11135,677,,8081
2021,Essen II,156298,105472,SPD,23735,39410,12647,6976,4325,12015,1202,,3888,21039,35363,13971,9531,4525,11521,639,,7820
2021,Essen III,190335,152860,CDU/CSU,46635,45612,28745,10871,5030,8225,1685,,5044,37053,42629,30764,17995,6117,8398,845,,8262
2021,Recklinghausen I,165193,121640,SPD,30845,49437,12833,8481,3605,11087,,,4231,27988,42552,15180,11989,4239,10927,594,,7268
2021,Recklinghausen II,186413,137841,SPD,38325,51050,14836,11283,3881,13108,,,3891,33610,48563,15627,13571,4084,12522,634,,8127
2021,Gelsenkirchen,168496,112317,SPD,21954,44965,11286,9014,3559,15555,1054,,3697,22091,41326,11170,9721,3853,14204,723,,8196
2021,Steinfurt I – Borken I,202388,156894,CDU/CSU,62322,44047,18743,14515,3699,8482,1473,,2437,52625,44788,20525,17783,4469,8385,937,,6407
2021,Bottrop – Recklinghausen III,199344,148734,SPD,39834,57560,15144,11352,3887,14075,,,5504,36814,51637,16434,14647,4484,13899,661,,9047
2021,Borken II,201103,162159,CDU/CSU,70334,40851,20028,13404,3928,7909,1650,,2795,59102,42303,21738,19081,3914,7724,1056,,6358
2021,Coesfeld – Steinfurt II,194695,161064,CDU/CSU,65402,40145,27069,12409,4242,7241,1858,,1580,55230,42647,25506,17927,4093,7339,998,,6442
2021,Steinfurt III,195513,155635,CDU/CSU,52445,48068,23978,11394,4611,8785,986,,4076,42528,50555,23996,16113,4723,9253,813,,6551
2021,Münster,233953,196276,Grüne,51096,47047,63160,13038,7078,5234,966,,7676,43790,45844,60036,20786,9746,5603,691,,8960
2021,Warendorf,208754,165808,CDU/CSU,59631,50685,21245,12768,4074,10211,,,5751,51722,47648,23309,18193,4525,10533,1014,,7678
2021,Gütersloh I,234177,179726,CDU/CSU,71185,45878,22851,13507,4284,12812,2083,,5522,52421,47371,28308,21211,5173,13299,1441,,9124
2021,Bielefeld – Gütersloh II,243059,185345,SPD,40928,55234,40015,17793,9905,12294,,,7695,37355,50009,40161,20658,11462,12448,697,,11373
2021,Herford – Minden-Lübbecke II,226894,170464,SPD,45138,61554,18090,14021,5332,15855,1967,,6861,39769,53359,22732,19884,6038,16144,1352,,9778
2021,Minden-Lübbecke I,201888,152935,SPD,39679,58168,15886,12494,3940,13445,2098,,5806,35814,49351,19762,17486,4857,13892,1378,,9032
2021,Lippe I,224415,172402,SPD,44650,52359,26932,16648,5283,16221,2171,,6241,39001,53130,23276,20221,6414,16789,1348,,10692
2021,Höxter – Gütersloh III – Lippe II,172435,134346,CDU/CSU,53294,37210,12685,9462,3345,11244,1529,,4161,43265,36253,14717,15488,3762,11533,1024,,7046
2021,Paderborn,231534,178377,CDU/CSU,84669,33513,22926,9845,5532,13152,1443,,5757,58419,39089,26981,21877,5858,14360,1137,,9261
2021,Hagen – Ennepe-Ruhr-Kreis I,201594,144751,SPD,37718,47581,17954,13531,4552,14419,2122,,5223,34210,47400,17237,16179,4857,13760,1031,,8935
2021,Ennepe-Ruhr-Kreis II,175283,136706,SPD,33357,47993,21734,11530,3715,9731,1466,,5928,29855,45664,21941,14432,5029,9654,843,,8282
2021,Bochum I,202393,154691,SPD,32962,58235,28288,13657,9361,,,,9564,29811,50162,30795,14583,8225,10232,636,,9144
2021,Herne – Bochum II,173939,123045,SPD,24027,52792,14262,8455,4667,11863,1423,,4021,23164,46578,15383,10623,5029,11882,818,,8364
2021,Dortmund I,206727,155814,SPD,30051,51037,26308,10416,5908,10577,935,,19484,27797,50117,31867,14550,7566,10746,758,,11473
2021,Dortmund II,199317,143855,SPD,28897,55695,21028,10270,5823,11816,1318,,7710,27650,51080,21714,13629,6361,11290,839,,10227
2021,Unna I,194493,148083,SPD,36810,59869,20340,9137,4731,11736,1967,,2171,31995,53490,20022,15286,5154,11428,1088,,8473
2021,Hamm – Unna II,231226,168760,SPD,44266,67774,16958,12058,6285,15562,2610,,1539,40444,59227,19149,16764,5694,15497,1242,,9411
2021,Soest,231811,179003,CDU/CSU,58791,54614,22154,17826,5548,13992,2017,,2507,51697,51061,24089,21005,5520,14206,1176,,9075
2021,Hochsauerlandkreis,200496,156518,CDU/CSU,62810,50056,12478,10806,2685,10068,2224,,4290,52017,44640,15473,18712,3989,11532,1583,,7548
2021,Siegen-Wittgenstein,207672,162162,CDU/CSU,54042,48897,16624,13586,4900,14424,1868,,6485,42161,50327,17842,18597,5726,14709,1340,,10296
2021,Olpe – Märkischer Kreis I,203350,154830,CDU/CSU,56879,45366,13645,15944,3935,13104,2269,,2242,50364,42362,15243,19227,4150,13100,1251,,7974
2021,Märkischer Kreis II,195816,143689,CDU/CSU,47937,43346,12866,12749,4668,12933,2004,,5957,40368,42230,14880,17125,4804,13082,1228,,8891
2021,Nordsachsen,161279,119206,AfD,26883,22257,5883,10251,9446,32702,4707,,5536,23000,24732,5462,12476,8868,32066,3346,,7807
2021,Leipzig I,224100,167696,CDU/CSU,34107,33588,19778,13397,25436,26450,3296,,10075,24953,34748,25848,17660,20884,25891,2645,,13790
2021,Leipzig II,231178,180880,Linke,29538,29731,32995,13271,40938,20667,2591,,9728,23561,37634,38264,17439,26472,20213,2188,,14066
2021,Leipzig-Land,212853,162283,AfD,39066,31989,8056,15698,12672,39348,6081,,7331,32711,34104,9381,18322,12362,38458,3973,,11136
2021,Meißen,197004,149341,AfD,32924,22771,7590,13727,10344,45705,7271,,7105,25912,26045,8872,17212,10725,43940,4312,,10576
2021,Bautzen I,206895,159233,AfD,40929,21006,4090,12634,14134,52492,5341,,6509,29213,26674,6247,17187,12272,50050,4157,,11288
2021,Görlitz,204105,153057,AfD,39299,18928,6182,11222,11835,53970,4588,,4799,27630,25441,7358,15039,11327,49123,3645,,11430
2021,Sächsische Schweiz-Osterzgebirge,199703,154159,AfD,29176,17505,6830,12920,15215,50203,8450,,11740,26028,23545,8023,17814,11653,48580,5039,,11472
2021,Dresden I,228643,181120,CDU/CSU,37811,26271,17137,18588,33872,33780,,,12084,27710,34125,27369,21989,18910,32122,2967,,14534
2021,Dresden II – Bautzen II,234432,189409,CDU/CSU,35014,28700,25527,20711,22160,34979,3309,,17360,26037,30620,31265,22884,20913,36003,3464,,16819
2021,Mittelsachsen,193828,147733,AfD,34638,25727,5398,14420,12164,48725,,,4656,25603,27000,6822,16897,11687,43821,3206,,10956
2021,Chemnitz,188691,140700,SPD,25801,34958,9934,13934,15229,30502,,,8971,20713,32616,12680,15781,15008,30089,1997,,10695
2021,Chemnitzer Umland – Erzgebirgskreis II,177211,137423,AfD,32111,23181,5617,11872,11330,39264,6642,,5742,24662,27518,6138,15117,11166,37181,4477,,9723
2021,Erzgebirgskreis I,210941,161756,AfD,40550,23650,4001,11914,12787,50571,8210,,7812,31340,28848,5194,16210,12078,48794,5079,,12092
2021,Zwickau,197831,147142,AfD,30798,24094,5988,13991,22583,37135,6105,,4594,27024,30718,7134,15431,13629,36601,4004,,11005
2021,Vogtlandkreis,184973,137816,CDU/CSU,37637,26413,6378,11512,12655,36388,,,4768,26782,30436,6263,13708,12058,34112,2155,,10629
2021,Waldeck,184073,138130,SPD,35734,51613,13581,12062,4208,12536,3763,,2493,30392,49064,14775,15288,4441,12899,2791,,6393
2021,Kassel,218474,162809,SPD,32765,57919,27744,12966,9357,11348,2563,,5934,28183,51812,30348,16448,10518,12141,1824,,9555
2021,Werra-Meißner – Hersfeld-Rotenburg,171886,130905,SPD,34527,56383,8032,7135,3890,14204,3160,,1709,27867,48579,11595,12807,4524,14899,2734,,6021
2021,Schwalm-Eder,185944,141494,SPD,33443,54792,12360,12234,3761,14380,4112,,4172,29913,50100,14089,15422,4411,15047,3440,,6749
2021,Marburg,181588,141581,SPD,36528,51630,18709,9334,6588,12591,2178,,2520,31042,42098,22347,14789,8089,12558,1767,,7579
2021,Lahn-Dill,206532,153384,SPD,45441,49923,13754,12060,4756,15816,4579,,4716,37725,44546,16957,17327,5102,17513,3051,,9179
2021,Gießen,217514,161919,SPD,47283,48514,21249,12109,6339,14496,4595,,5190,36201,44046,26109,17106,8028,14836,3697,,9679
2021,Fulda,208542,163560,CDU/CSU,61573,35168,13833,13894,4648,24508,4442,,3599,50312,36343,16324,20528,4447,21443,3136,,9171
2021,Main-Kinzig – Wetterau II – Schotten,178307,137070,SPD,37118,41160,12691,15098,4078,17586,4939,,2214,32685,36943,15009,17046,4308,17079,3435,,8532
2021,Hochtaunus,179842,144012,CDU/CSU,44549,38424,21769,16132,3772,10709,3369,,3732,37331,35171,22486,21996,4441,11156,2246,,7855
2021,Wetterau I,176897,138935,SPD,38807,40618,18996,15000,3904,11318,4238,,4044,32419,35909,21917,19043,4905,11680,2812,,8572
2021,Rheingau-Taunus – Limburg,220466,172247,CDU/CSU,51318,48441,24418,18126,4563,13547,6103,,3464,44413,43708,25328,23745,5395,14523,3466,,9904
2021,Wiesbaden,186735,136214,CDU/CSU,35375,34750,25811,13995,6652,9192,1602,,7230,28523,33546,26818,18947,7128,9588,1411,,8905
2021,Hanau,176271,131412,SPD,36019,40291,15995,13106,4462,13364,3308,,2831,29223,35739,18258,17158,4948,13257,2180,,8889
2021,Main-Taunus,195514,157718,CDU/CSU,51985,35493,26373,20295,4272,10588,4179,,2751,42260,34468,26771,26335,4708,10427,2471,,8841
2021,Frankfurt am Main I,201216,145010,SPD,31163,41604,26922,16369,12562,7909,2094,,4880,25915,32499,33821,21361,10384,7846,1184,,10753
2021,Frankfurt am Main II,227207,175004,Grüne,38995,40431,50230,19766,10629,7990,2478,,2733,31660,38777,44370,25530,11901,8188,1512,,11713
2021,Groß-Gerau,174082,129261,SPD,35334,42598,14890,10726,5047,10880,3470,,4391,27301,37973,18928,14999,5394,11246,2478,,9265
2021,Offenbach,219511,158052,CDU/CSU,43347,41035,26229,14828,7497,11851,3733,,7201,35754,38799,27062,20625,7787,12098,2336,,11353
2021,Darmstadt,240763,188916,SPD,42351,51046,44364,17192,9332,11210,3237,,7722,34472,49273,41948,22256,10764,12194,2139,,13982
2021,Odenwald,233901,179830,SPD,49367,57172,21630,17110,5991,14963,5003,,5574,42857,49518,24694,22433,6333,15983,3322,,11986
2021,Bergstraße,197782,153176,CDU/CSU,46125,41124,20955,16175,4149,14351,4287,,4084,37064,41124,21457,20432,4629,14377,2723,,9637
2021,Eichsfeld – Nordhausen – Kyffhäuserkreis,209203,154488,CDU/CSU,40599,34010,5901,10348,16586,34645,3981,,6420,33662,37282,7176,13695,15166,34296,2826,,8575
2021,Eisenach – Wartburgkreis – Unstrut-Hainich-Kreis,212267,156113,AfD,35415,36729,5447,8869,17216,38166,5529,,6637,28249,38363,7469,13258,15872,37737,3882,,9391
2021,Jena – Sömmerda – Weimarer Land I,198697,154163,SPD,28170,30673,14656,10686,25741,29578,6018,,6729,23869,34195,16709,14070,19505,30263,3712,,10252
2021,Gotha – Ilm-Kreis,190519,142566,AfD,25918,33085,6498,9494,15579,37249,5622,,7139,21820,33437,8100,12126,15454,36522,3810,,9379
2021,Erfurt – Weimar – Weimarer Land II,217944,166604,SPD,28639,40185,19483,12309,26972,27235,,,9839,23580,39378,21831,15504,23055,26803,2162,,12685
2021,Gera – Greiz – Altenburger Land,229588,168147,AfD,33067,36760,6293,14273,19421,48034,,,7782,27303,36326,7331,16212,18666,46659,2433,,11113
2021,Saalfeld-Rudolstadt – Saale-Holzland-Kreis – Saale-Orla-Kreis,219437,166531,AfD,34489,30791,6292,12343,19968,48177,5143,,7291,27008,35019,7383,15428,18489,46381,4079,,10836
2021,Suhl – Schmalkalden-Meiningen – Hildburghausen – Sonneberg,230071,171108,SPD,37729,56791,3615,10686,14135,35887,4897,,5222,27923,42446,7221,13990,18486,44572,4247,,10240
2021,Neuwied,238118,181837,CDU/CSU,57430,54320,16559,15931,5005,16810,8032,,5692,48338,54018,18930,20751,5417,17504,5860,,9475
2021,Ahrweiler,195109,148466,CDU/CSU,50281,44325,15553,12124,3537,10823,6942,,3020,41942,42303,17685,17484,3851,11322,4908,,7592
2021,Koblenz,193035,147127,CDU/CSU,46073,43416,17980,11179,4054,9753,7028,,5829,37958,42817,21007,16371,4804,10426,4928,,7592
2021,Mosel/Rhein-Hunsrück,171102,134717,CDU/CSU,45364,35570,12833,15664,,10646,7609,,4683,38664,38015,12230,16664,3725,11061,5820,,7083
2021,Kreuznach,182380,138109,SPD,39589,44976,9958,9753,4294,12972,7648,,6911,33433,44259,12903,15704,4454,13510,4616,,7779
2021,Bitburg,163493,124449,CDU/CSU,46340,33632,8512,9011,2875,7947,10566,,3714,37086,34343,11411,13997,3265,8794,8460,,5698
2021,Trier,190530,147171,SPD,40299,47942,18939,10135,5126,8230,7521,,7241,34578,44123,22708,16206,5712,9001,5379,,7924
2021,Montabaur,210816,164165,SPD,48607,50975,14176,15101,4483,14090,8954,,5607,43125,49346,16832,19021,4690,14565,6432,,8700
2021,Mainz,249630,202670,SPD,47153,49878,37319,14408,24863,10360,4751,,11269,42659,53889,46183,23178,9418,10833,3605,,11523
2021,Worms,212943,166636,CDU/CSU,52827,49748,15949,12966,5070,16043,5762,,5780,37548,49656,20799,20095,5068,17033,4749,,9874
2021,Ludwigshafen/Frankenthal,210969,154911,SPD,38193,50108,17061,13688,4648,17740,7411,,3940,33726,45895,18128,18421,4651,18075,4789,,9573
2021,Neustadt – Speyer,219416,173828,CDU/CSU,51770,48158,20869,14624,4535,17204,9698,,4792,41322,47121,23949,21823,4880,17499,6380,,9348
2021,Kaiserslautern,224701,169206,SPD,35803,56523,14589,11870,6753,20002,12225,,9032,33226,54460,17611,17242,6383,20702,8042,,9798
2021,Pirmasens,174093,132470,SPD,39236,39711,7891,9895,3678,16512,5990,,7553,33507,38261,9877,14374,4207,17178,4935,,8384
2021,Südpfalz,217000,171259,SPD,47860,47901,19058,17011,5222,16658,6388,,9534,39421,47028,22882,21120,5598,17702,5493,,10432
2021,Altötting,168656,129441,CDU/CSU,55693,14620,11145,9245,3155,14220,13049,,7434,44060,18309,12248,13298,2769,13940,14857,,9279
2021,Erding – Ebersberg,200569,168337,CDU/CSU,70656,24205,24840,13226,3355,11448,12157,,7318,55992,25693,24620,20228,3648,12228,13865,,11329
2021,Freising,237250,194002,CDU/CSU,69689,25950,24058,14687,3898,18042,23223,,13218,62930,29085,26055,21738,4456,17515,18779,,12561
2021,Fürstenfeldbruck,231905,192779,CDU/CSU,72721,36831,25363,16029,3216,13056,13085,,10989,63944,31141,30537,23046,4192,13209,12325,,13458
2021,Ingolstadt,238384,187395,CDU/CSU,83663,25954,18182,10877,4648,17806,15515,,9583,64577,31592,20833,19797,4450,18694,15580,,11016
2021,München-Nord,223683,175551,CDU/CSU,44854,38172,42319,19477,6216,7591,3969,,12073,39986,33241,44861,25953,7044,8250,4396,,11171
2021,München-Ost,242591,193958,CDU/CSU,61159,38243,42367,18104,4907,8066,5041,,15165,49286,36106,47647,27112,7080,8978,5052,,12010
2021,München-Süd,214606,172970,Grüne,46059,33924,47256,16437,6236,7641,4464,,10112,40585,33117,45562,21495,7669,7910,4724,,11309
2021,München-West/Mitte,242252,198272,CDU/CSU,53311,39182,53174,19153,6975,7594,5058,,12870,45540,37513,54303,26401,8219,8403,5036,,12210
2021,München-Land,234912,199333,CDU/CSU,77523,30237,40475,18180,3685,9816,7791,,10585,64669,34189,36817,28696,4449,10489,7612,,11689
2021,Rosenheim,237390,191410,CDU/CSU,68670,22869,26183,17682,4091,15764,16869,,17936,59126,27406,25962,23049,4607,16570,18261,,15580
2021,Bad Tölz-Wolfratshausen – Miesbach,166662,136106,CDU/CSU,55501,15428,20829,11636,2643,,14146,,14158,46304,18276,18138,17048,2908,10835,12531,,9316
2021,Starnberg – Landsberg am Lech,214828,180978,CDU/CSU,68617,23985,35809,16585,3701,10715,9035,,11373,57906,28584,32663,23893,4446,11066,9026,,12680
2021,Traunstein,208815,163876,CDU/CSU,59555,27644,17219,12268,3537,12671,18572,,11128,51421,25190,19985,15747,3943,14027,21369,,11377
2021,Weilheim,168473,138039,CDU/CSU,57179,19682,16300,8553,2718,9686,10100,,12377,48178,19927,18397,14311,3124,10873,11462,,10888
2021,Deggendorf,166186,127193,CDU/CSU,47267,19527,6890,6325,1895,17432,19718,,7448,42154,19873,8516,10778,2301,17911,18206,,6905
2021,Landshut,246854,195589,CDU/CSU,70685,22468,21811,22774,3955,19184,20072,,13001,64383,30931,20087,20204,4186,19973,23747,,11255
2021,Passau,177563,136625,CDU/CSU,41530,28341,12098,10513,2681,16215,17180,,6922,44215,23892,12645,12782,3093,16023,16475,,6927
2021,Rottal-Inn,173632,133885,CDU/CSU,46493,15794,10188,10210,1912,16808,22158,,8884,45687,19108,9495,12904,2487,16384,19910,,7271
2021,Straubing,173772,132955,CDU/CSU,58487,16312,8613,6895,1936,16794,15115,,7926,46742,19938,8964,11603,2468,17402,17869,,7257
2021,Amberg,216071,173297,CDU/CSU,69278,27476,13908,10213,4158,17822,20855,,8287,60430,31547,16191,15067,4095,17958,16332,,10738
2021,Regensburg,248192,198937,CDU/CSU,69842,32850,30333,13754,6023,16557,17906,,10447,61187,34563,32094,18773,6798,17343,16618,,10799
2021,Schwandorf,222424,174957,CDU/CSU,60924,39615,7934,7341,3043,23142,27381,,4375,59430,31209,11179,12650,3394,23508,25114,,7661
2021,Weiden,165807,132247,CDU/CSU,50575,29573,6633,6303,2315,13523,9306,,13196,46451,29461,9170,9601,2830,14898,12067,,6878
2021,Bamberg,182586,148660,CDU/CSU,54726,28123,22728,9821,3625,13279,8708,,6785,49463,25698,21898,14336,4676,14284,9184,,8529
2021,Bayreuth,162430,129136,CDU/CSU,54465,24840,14064,9182,2577,10777,7754,,4671,43768,26584,15647,12020,3294,11636,8857,,6724
2021,Coburg,156571,123864,CDU/CSU,44890,32056,10581,6369,2337,11878,9235,,5597,39343,31087,11459,10683,3118,12836,7524,,7110
2021,Hof,162872,125334,CDU/CSU,51312,29763,7941,6493,2651,14705,7202,,4388,41308,30426,9628,10552,3004,14560,7955,,7126
2021,Kulmbach,168923,137178,CDU/CSU,65163,22103,10165,6480,2448,14416,10430,,5192,49389,27009,11966,11399,2982,15774,10420,,7568
2021,Ansbach,243174,192508,CDU/CSU,73312,33819,21343,13016,3798,18418,16592,,10696,63299,37642,22325,16213,4904,19142,14738,,13223
2021,Erlangen,187299,155377,CDU/CSU,54223,32036,29923,10382,,10669,7888,,9310,44664,30146,31222,16062,5817,10872,7081,,8844
2021,Fürth,250730,197939,CDU/CSU,65876,47153,27111,12883,6221,16858,10340,,10059,58976,42329,29778,18765,6946,17692,9669,,12788
2021,Nürnberg-Nord,188283,145212,CDU/CSU,41027,31616,32541,10882,7726,8485,4286,,7643,34349,30232,34055,14692,8627,8887,3621,,10023
2021,Nürnberg-Süd,177316,129560,CDU/CSU,44192,31098,15566,8777,5184,13123,5897,,4586,38663,29195,17687,11495,4893,12901,4433,,9446
2021,Roth,229279,189675,CDU/CSU,71478,31806,25140,12596,5076,14944,16528,,10715,60980,38786,26197,16974,4950,16043,12601,,12199
2021,Aschaffenburg,182652,146772,CDU/CSU,59269,24893,19588,11683,3536,13954,5087,,7528,45739,30232,20642,16199,4068,13716,5718,,9406
2021,Bad Kissingen,214061,174164,CDU/CSU,67458,32844,16467,12206,4475,17130,14102,,7858,65063,30540,15874,15211,4820,18434,12639,,10524
2021,Main-Spessart,194408,158133,CDU/CSU,60489,33700,15813,9514,4070,12576,15774,,4849,54097,32771,17806,14151,3685,13918,10496,,10143
2021,Schweinfurt,196710,157357,CDU/CSU,63697,29037,14747,12408,6552,15468,7761,,6133,54441,30482,17085,15039,4928,15687,9119,,9571
2021,Würzburg,224907,185659,CDU/CSU,67651,33125,36295,19414,7522,,9440,,10057,55957,37079,35634,19230,7027,12220,6871,,10684
2021,Augsburg-Stadt,207543,153315,CDU/CSU,42780,27453,31347,12880,7168,13431,6540,,10712,38653,29200,28971,16969,6952,13888,6446,,11381
2021,Augsburg-Land,249372,204737,CDU/CSU,82423,29435,24806,16032,3573,19660,19230,,7928,67883,33405,26207,22301,4176,19481,16595,,13619
2021,Donau-Ries,195774,157033,CDU/CSU,64045,29872,11076,9915,3048,15723,14834,,7411,54929,25784,14911,15593,2855,17135,14973,,10035
2021,Neu-Ulm,241919,188813,CDU/CSU,69676,29960,20621,14542,3466,22517,13964,,12588,59028,31900,20764,22019,4410,22293,13772,,13528
2021,Oberallgäu,228803,181755,CDU/CSU,53566,28401,27817,23604,4911,14473,16181,,11185,55017,29910,27393,20953,5043,14350,14970,,13105
2021,Ostallgäu,250575,198667,CDU/CSU,76399,24288,24128,14258,6667,20021,17819,,13545,62635,30914,23712,21561,5007,19779,17985,,16050
2021,Stuttgart I,191811,157514,Grüne,36605,20012,62594,16504,6447,6295,1281,,6944,31536,31003,44559,26036,8127,6591,1088,,7898
2021,Stuttgart II,178958,133588,CDU/CSU,34312,27224,31446,14678,6294,9603,1833,,7074,28403,30198,28221,20273,6739,9541,1206,,8115
2021,Böblingen,245553,195335,CDU/CSU,57504,40844,30211,32184,4548,16175,4790,,7538,50675,39955,32594,35082,5141,16810,3306,,10551
2021,Esslingen,166628,131888,CDU/CSU,41976,28501,24058,16011,3477,9123,2844,,5030,33175,29852,23902,20901,4063,9733,1969,,7526
2021,Nürtingen,205967,165777,CDU/CSU,49506,34617,29619,22765,3970,13597,3948,,6453,42826,33995,27702,28807,4357,14327,2704,,9852
2021,Göppingen,177107,135606,CDU/CSU,41558,31824,15932,16481,2958,15818,4394,,5042,35079,31422,16916,21723,3338,15412,2525,,8008
2021,Waiblingen,221775,175841,CDU/CSU,50566,39642,26224,27123,4464,15196,3280,,7912,44987,37753,27098,30999,5001,15474,2452,,10985
2021,Ludwigsburg,215312,171843,CDU/CSU,50297,31409,34663,23891,4886,14392,3803,,7202,42297,37284,31433,27611,5275,14313,2765,,9864
2021,Neckar-Zaber,230738,186673,CDU/CSU,56249,41708,29015,22792,4357,18478,4218,,8234,46315,41369,29048,30783,4851,18702,3248,,11120
2021,Heilbronn,240951,182804,CDU/CSU,50299,43887,23018,24748,4237,23093,4595,,7064,43325,40961,23476,29386,5137,23828,3278,,11664
2021,Schwäbisch Hall – Hohenlohe,225874,172687,CDU/CSU,54894,33568,25825,19941,4090,20579,3460,,8769,41947,37272,22734,27850,4980,21787,2941,,11719
2021,Backnang – Schwäbisch Gmünd,177062,136436,CDU/CSU,41176,32904,15587,16198,3929,15802,3286,,6119,34991,29341,18579,21397,3927,15979,2026,,9184
2021,Aalen – Heidenheim,220686,168655,CDU/CSU,61832,36501,20364,15708,3905,16988,4477,,7158,45852,39468,21226,24562,4538,17937,3610,,10052
2021,Karlsruhe-Stadt,205608,159591,Grüne,30921,33630,47473,15793,7956,10811,1723,,9934,27998,33828,44011,20615,8910,10774,1438,,10894
2021,Karlsruhe-Land,209147,167946,CDU/CSU,50581,37948,27755,19066,4040,14963,4358,,7548,42831,38474,26969,24660,4483,15869,3001,,10346
2021,Rastatt,204890,155331,CDU/CSU,50988,34847,19962,17764,4212,16455,4477,,4890,41495,36442,21926,21250,4280,16333,3000,,9074
2021,Heidelberg,218431,177868,Grüne,42582,35602,53288,15906,6987,10823,2839,,8610,36783,40275,45314,23240,8624,10821,2011,,9736
2021,Mannheim,196863,142132,SPD,27986,37102,31723,14879,6811,13773,3205,,5303,25682,35651,29814,18515,7066,12846,1871,,9522
2021,Odenwald – Tauber,209418,162058,CDU/CSU,57391,33083,17695,15549,3722,19374,7329,,6109,48866,35578,17748,20943,4084,19208,4701,,9366
2021,Rhein-Neckar,196882,154085,CDU/CSU,43487,41205,22696,17769,4006,15296,3979,,4059,38871,35847,24072,21941,4320,15701,2620,,9310
2021,Bruchsal – Schwetzingen,195755,152231,CDU/CSU,44465,32836,22154,17635,3854,17352,5054,,6853,38866,34434,20858,21978,4125,17462,3258,,9795
2021,Pforzheim,217126,163982,CDU/CSU,46291,33957,20679,20632,3772,22943,4407,,9860,39324,34262,21213,26504,4342,22028,2914,,12030
2021,Calw,199092,152863,CDU/CSU,51208,26111,17712,22685,2998,18668,4202,,7929,42841,28571,17301,26770,3656,19473,3076,,9900
2021,Freiburg,224392,180976,Grüne,37111,47198,51777,13835,9604,8107,2769,,9368,31296,38183,56861,19145,12429,8854,1821,,11284
2021,Lörrach – Müllheim,231076,174064,CDU/CSU,43509,37496,35558,24430,4580,13981,3530,,9260,38501,41834,32817,24669,5532,14195,2784,,12237
2021,Emmendingen – Lahr,218872,168004,CDU/CSU,46406,46316,23345,16620,4921,14396,3963,,10688,41323,39727,28724,22136,5209,14971,3146,,11336
2021,Offenburg,205893,156776,CDU/CSU,54148,29003,21717,16692,4254,13876,5881,,9582,40210,33043,23083,22799,4423,15320,3729,,12593
2021,Rottweil – Tuttlingen,198182,149664,CDU/CSU,46535,23989,18184,24784,3177,20293,3733,,7143,40818,27523,16036,26768,3320,19747,2726,,10875
2021,Schwarzwald-Baar,162800,122862,CDU/CSU,44188,21996,14692,16747,2757,12795,3306,,5011,32309,25814,16181,19696,3062,13097,2390,,8973
2021,Konstanz,206009,157563,CDU/CSU,53362,31486,28142,17047,5591,13487,2809,,4362,36209,32657,32913,23509,5804,13341,2204,,9763
2021,Waldshut,177275,136195,CDU/CSU,45335,34449,20679,10217,3606,11420,3482,,5689,35595,30782,23294,18422,3895,11265,2534,,9235
2021,Reutlingen,199189,153820,CDU/CSU,49631,27236,25399,20411,6169,15356,3139,,5136,39504,31535,24197,25288,5081,15652,2434,,8884
2021,Tübingen,198791,160835,CDU/CSU,43024,28982,40978,15059,7526,12484,2789,,8786,34775,32576,37424,22678,8231,12548,1978,,9571
2021,Ulm,223376,177537,CDU/CSU,57608,32176,33012,19745,4604,15932,4961,,7960,46805,36418,31238,25389,5377,16046,3808,,11084
2021,Biberach,169147,133345,CDU/CSU,46458,24567,17912,13045,2064,13469,4431,,10225,40472,23152,18070,19163,2967,14308,4155,,9943
2021,Bodensee,174430,137838,CDU/CSU,41624,28501,23385,16751,3705,12584,3047,,7158,36571,26989,23635,21611,3905,11916,2526,,9695
2021,Ravensburg,187817,147020,CDU/CSU,44597,20128,30743,20934,4365,11727,4441,,9005,38927,27750,25536,21740,4735,12650,3751,,10889
2021,Zollernalb – Sigmaringen,182648,138084,CDU/CSU,41106,24970,23118,18678,2848,15554,3359,,6763,39332,26716,15503,23200,3540,16477,2617,,9155
2021,Saarbrücken,192929,142697,SPD,35252,51749,11143,11647,8711,12569,2604,,6723,28797,53537,,16438,13484,13006,2191,,13021
2021,Saarlouis,203279,159170,SPD,43671,57354,7383,12777,8405,15111,4352,,7070,38085,56920,,18872,10512,15651,3315,,12924
2021,St. Wendel,173074,139808,SPD,43928,48135,5739,11354,5783,12346,3562,,6133,36248,51229,,14916,7887,12904,2881,,10967
2021,Homburg,185941,142288,SPD,36472,51091,6826,11015,7312,16210,4418,,6268,32004,52091,,15719,9247,16068,3359,,11395
2025,Flensburg – Schleswig,232131,192882,CDU/CSU,50838,28376,43298,4487,10375,28827,1547,,24037,47686,30558,30595,7067,15912,29272,1137,6050,23617
2025,Nordfriesland – Dithmarschen Nord,186019,153755,CDU/CSU,49866,31169,16628,5750,7920,24474,1484,,15426,45302,26639,18764,7618,9442,24564,1099,4907,14580
2025,Steinburg – Dithmarschen Süd,175948,146393,CDU/CSU,50887,30702,14449,5625,8665,29674,3111,,2134,42561,25602,16071,7435,9656,29653,1542,5357,7715
2025,Rendsburg-Eckernförde,202649,172504,CDU/CSU,56163,36266,20473,8170,8675,26417,1367,,13836,50231,30418,25226,7956,10890,27498,992,5463,12972
2025,Kiel,201508,167176,Grüne,34944,36690,43281,4828,15953,17811,777,,11912,32842,32088,38148,6567,22781,17884,575,5451,9973
2025,Plön – Neumünster,173740,143576,CDU/CSU,46370,33977,18852,4693,7623,25249,3022,,1927,40815,27342,19957,6150,9657,25683,1160,5042,6849
2025,Pinneberg,236767,200304,CDU/CSU,63232,49714,25395,7675,12683,30417,2190,,7796,57531,40326,28967,10087,15091,31098,1313,7122,7784
2025,Segeberg – Stormarn-Mitte,249219,211551,CDU/CSU,67880,51437,24800,9417,12636,36071,3261,,4545,61180,40174,28808,10974,14888,36208,1722,7772,8783
2025,Ostholstein – Stormarn-Nord,181112,150786,CDU/CSU,52024,38070,15636,5423,8232,25929,2636,,1722,46722,29511,19093,7656,8935,26495,1355,4642,5586
2025,Herzogtum Lauenburg – Stormarn-Süd,245473,208042,CDU/CSU,67642,48275,29009,7445,12161,35418,3784,,2897,61517,39862,28850,11090,14255,35556,1774,7664,6433
2025,Lübeck,178245,142999,SPD,33695,39809,27477,4028,10175,21972,1960,,2636,32037,30026,25444,5547,14921,22254,1006,5307,5628
2025,Schwerin – Ludwigslust-Parchim I – Nordwestmecklenburg I,212978,171841,AfD,35455,34100,5532,4870,21570,60865,4753,,2613,32209,24693,9495,5613,19560,54975,1977,17653,4249
2025,Ludwigslust-Parchim II – Nordwestmecklenburg II – Landkreis Rostock I,202532,162855,AfD,32832,34657,5748,4422,18099,59419,6054,,0,29804,23010,7744,4921,17342,56238,1880,17075,3710
2025,Rostock – Landkreis Rostock II,221164,179109,AfD,34403,30034,9400,5037,45518,47597,3431,,2148,29910,25368,15929,6057,30743,45612,1502,17624,5275
2025,Vorpommern-Rügen – Vorpommern-Greifswald I,237125,186435,AfD,39237,26885,9066,4814,24633,68848,4982,,6199,32674,19150,11467,6205,23214,65651,2130,18773,5821
2025,Mecklenburgische Seenplatte I – Vorpommern-Greifswald II,215874,168212,AfD,33049,22871,3782,5883,18009,75078,4768,,2636,28879,16305,4721,5251,15823,71488,1695,19008,3660
2025,Mecklenburgische Seenplatte II – Landkreis Rostock III,205056,160586,AfD,30810,31000,3370,4313,16949,65039,3583,,3362,28480,18161,5363,4631,16377,63397,1630,17739,3381
2025,Hamburg-Mitte,243955,189443,SPD,31834,51554,40350,6541,31019,19903,1468,,5125,29570,41788,38160,7756,35781,19821,655,8529,6296
2025,Hamburg-Altona,188984,158855,Grüne,33415,36941,43372,5283,25285,11911,1029,,408,30874,32518,37470,7381,28476,11602,362,5245,4258
2025,Hamburg-Eimsbüttel,194730,165712,Grüne,34521,42765,45674,6578,20739,12752,1563,,0,33383,36923,39401,8103,23968,12524,476,5395,4890
2025,Hamburg-Nord,222169,190250,CDU/CSU,53108,50363,42875,7028,14921,15271,1376,,4175,49442,42706,39946,11096,19320,15780,589,5706,4987
2025,Hamburg-Wandsbek,230501,179963,SPD,43981,57629,23211,5707,18956,25894,2458,,449,39959,44511,25967,7341,20522,25279,930,8484,5972
2025,Hamburg-Bergedorf – Harburg,218950,166582,SPD,35208,53073,19139,4162,19075,28983,1820,,3406,33707,39294,20769,5438,23048,28602,854,8560,5206
2025,Aurich – Emden,189800,155699,SPD,34070,63557,7790,3581,8939,31160,,,5327,36007,44278,12748,5052,11652,32547,1317,6448,4634
2025,Unterems,237527,198273,CDU/CSU,79775,44288,13738,4981,10839,40010,3213,,0,64643,42893,14267,7717,12955,41176,1433,7356,4783
2025,Friesland – Wilhelmshaven – Wittmund,185864,150806,SPD,40095,52918,8630,3974,8246,29533,2535,,3718,39620,38213,12573,5962,10897,30283,1233,6122,5015
2025,Oldenburg – Ammerland,229344,193988,SPD,46172,66280,28728,5996,15672,25046,2071,,2750,46076,46023,31857,8555,21700,24922,945,7359,5750
2025,Delmenhorst – Wesermarsch – Oldenburg-Land,225017,185056,CDU/CSU,53762,48627,18021,10208,12645,35331,3925,,1025,48103,43836,18435,9048,13615,35955,1917,7655,5526
2025,Cuxhaven – Stade II,187074,155165,CDU/CSU,50395,46915,11029,4167,7968,30471,3087,,0,45963,37040,13656,5824,9281,30931,1232,5730,4732
2025,Stade I – Rotenburg II,197893,167138,CDU/CSU,60307,42400,16205,4665,10351,29891,,,2101,51058,36580,18204,6693,11789,30502,1111,5513,4923
2025,Mittelems,233785,199529,CDU/CSU,86995,48325,14462,6904,10169,27995,2832,,632,78007,42166,17256,8921,12611,28484,1271,5814,4080
2025,Cloppenburg – Vechta,225099,187176,CDU/CSU,85241,32516,11281,6135,9485,38364,2955,,0,73616,29053,13277,8432,11518,38354,1704,6221,4001
2025,Diepholz – Nienburg I,194011,162094,CDU/CSU,56921,44317,13005,5318,9614,27351,4449,,0,49088,36829,16558,7375,10981,28344,1947,5924,4294
2025,Osterholz – Verden,196082,166168,CDU/CSU,59337,40965,18452,4952,11072,28057,,,2254,46328,38015,20452,6943,12057,29183,953,6531,4958
2025,Rotenburg I – Heidekreis,168109,139371,SPD,37774,58183,7411,3260,,26671,2923,,2036,38939,34350,12794,5118,9774,27470,1335,4765,4054
2025,Harburg,202671,175135,CDU/CSU,57718,45738,18423,6047,10310,28905,3142,,3672,53030,35733,22501,8478,12298,29323,1599,6218,5249
2025,Lüchow-Dannenberg – Lüneburg,182679,155019,SPD,40563,42910,25297,3894,10937,23895,3710,,2870,37140,32389,25647,5632,15998,25059,1878,5962,4638
2025,Osnabrück-Land,199476,167747,CDU/CSU,60952,40394,16758,4914,9516,29985,2850,,1241,53512,37108,16444,7190,10900,30209,1483,6157,3903
2025,Stadt Osnabrück,192267,161535,CDU/CSU,47727,45259,21954,4178,18862,18266,1843,,2430,42264,39355,25671,6650,17803,18542,847,5512,4225
2025,Nienburg II – Schaumburg,191029,157513,SPD,44793,49658,11725,4384,8669,31470,2635,,3090,42911,38093,15550,5936,10235,32252,1583,5745,4387
2025,Stadt Hannover I,175419,143749,SPD,32819,48667,22397,3994,12047,18719,1081,,2959,30596,33839,25753,6177,17020,18413,526,6422,4207
2025,Stadt Hannover II,189782,159053,SPD,28168,57217,30166,3769,18042,16190,863,,3651,29688,34908,33650,6136,26103,16411,529,6145,4701
2025,Hannover-Land I,227327,192232,CDU/CSU,66485,52313,18120,5102,10431,33139,2523,,2857,56899,43419,21751,8731,13212,33246,1277,7450,5266
2025,Celle – Uelzen,212447,174872,CDU/CSU,61127,40066,16099,5920,10278,34968,3442,,1751,51640,36325,17790,7504,12193,35378,1691,6315,5128
2025,Gifhorn – Peine,216950,183851,SPD,50990,61983,11761,4716,9066,38897,2664,,2569,50234,43665,17421,6809,11876,38992,1404,6986,5545
2025,Hameln-Pyrmont – Holzminden,179071,145350,SPD,41181,47556,10314,4628,7757,30078,2623,,0,39012,35552,13596,5683,9618,30612,1059,5437,3893
2025,Hannover-Land II,234055,197778,SPD,59010,62406,17552,4926,10888,33774,2208,,5732,53988,47504,24000,7843,14606,34337,1383,7551,5502
2025,Hildesheim,211156,176681,SPD,51421,53926,16511,4369,12021,31963,2120,,3046,47276,42610,20303,6534,14749,31742,991,6580,4977
2025,Salzgitter – Wolfenbüttel,195221,159593,SPD,44809,48410,10911,3934,11137,33787,2294,,3000,42084,38651,13825,5618,12355,33838,1131,6408,4691
2025,Braunschweig,186358,155402,SPD,38158,51553,21984,4462,12660,20472,1671,,3312,34958,34994,27788,6151,17978,20624,799,5966,5312
2025,Helmstedt – Wolfsburg,176276,144199,CDU/CSU,44217,40859,9909,4621,8826,31590,,,2915,39740,33303,12224,5424,9600,31215,749,6447,4655
2025,Goslar – Northeim – Göttingen II,191421,155587,SPD,46699,46875,11922,4000,9187,30494,2556,,2435,43210,38453,13464,6116,10716,30930,1170,6035,4523
2025,Göttingen I,210202,175553,CDU/CSU,50736,44623,26771,6321,15935,24753,2217,,2849,44788,38346,27390,6911,19429,25266,1131,6602,4772
2025,Bremen I,239863,194761,SPD,46309,48663,36571,5594,25810,22752,,,7428,41189,42457,35812,7420,30832,22793,588,8007,4683
2025,Bremen II – Bremerhaven,210701,155605,SPD,32364,46604,16716,4070,18598,29886,1758,,3957,30384,38147,18468,4875,20629,29703,1030,7107,4132
2025,Prignitz – Ostprignitz-Ruppin – Havelland I,169648,133142,AfD,25868,29296,4033,2847,13871,51213,4596,,0,22935,21026,5789,3356,12913,48294,1915,14083,1799
2025,Uckermark – Barnim I,180128,142115,AfD,25664,27211,5459,3322,17198,53912,5177,,2640,22698,19510,6831,3745,15479,50766,2207,17499,2355
2025,Oberhavel – Havelland II,251733,211139,AfD,52000,41825,13889,6039,19832,64557,6805,,4369,45593,32268,17620,7579,19602,61546,2968,18363,4304
2025,Märkisch-Oderland – Barnim II,231598,193015,AfD,34599,35789,7625,4692,25447,69020,6648,,7305,32399,25136,11133,5551,21637,64891,3330,23635,4117
2025,Brandenburg an der Havel – Potsdam-Mittelmark I – Havelland III – Teltow-Fläming I,201899,161157,AfD,30938,41062,5956,3717,17349,53611,4803,,1915,29339,27517,9602,4627,17229,50225,2319,16250,2799
2025,Potsdam – Potsdam-Mittelmark II – Teltow-Fläming II,234264,200726,SPD,40956,43332,31629,7959,27522,37796,3905,,6012,38291,34038,29116,8600,29407,36922,1852,16658,4752
2025,Dahme-Spreewald – Teltow-Fläming III,241186,200748,AfD,47405,35055,10248,4967,22422,66815,5510,,6369,39081,29308,12431,6970,20400,63993,2852,20398,3917
2025,Frankfurt (Oder) – Oder-Spree,187968,149773,AfD,27858,30831,4463,3528,16788,56620,5726,,2390,24741,20169,7068,4677,15772,52665,2154,18733,2702
2025,Cottbus – Spree-Neiße,165945,132378,AfD,22712,30552,,3558,12818,54980,2882,,3408,20932,18349,5275,4249,12144,51313,1615,15134,2395
2025,Elbe-Elster – Oberspreewald-Lausitz,169170,134488,AfD,24331,22087,2704,3822,15935,57194,7005,,0,22039,16689,3733,4113,11641,54660,2757,15652,2202
2025,Altmark – Jerichower Land,227996,178476,AfD,38820,28276,4852,6047,22147,69054,7010,,0,34164,20660,5917,5369,18648,66175,2844,20585,2804
2025,Börde – Salzlandkreis,217023,170433,AfD,37609,22895,3745,4608,17753,72651,4738,,4206,32353,17573,4462,4942,15342,70160,2199,19060,2871
2025,Harz,200219,154033,AfD,35708,21243,4958,3405,18076,59302,4379,,4950,29904,17598,5858,4178,15487,56490,2179,17960,3168
2025,Magdeburg,222983,174468,AfD,39726,29617,10305,4647,25560,55457,3984,,2752,32205,21865,12271,5231,23224,52629,1793,19460,4549
2025,Anhalt – Dessau – Wittenberg,227853,176302,AfD,51474,18255,8426,3715,17745,67245,7458,,0,37580,18383,6829,5113,16654,65551,3270,18951,2691
2025,Halle,224552,173599,AfD,38174,30798,9366,5045,27804,52546,2866,,4891,31132,20794,15182,6059,26440,49347,1616,17546,4162
2025,Burgenland – Saalekreis,203597,157343,AfD,37721,15653,3752,4612,17034,69074,6315,,1429,29391,14170,4584,5128,13524,66137,2381,18103,2799
2025,Mansfeld,210496,163183,AfD,34087,17214,3195,5524,19699,70305,5613,,5029,29809,15492,3974,5231,14488,69621,2167,18746,2127
2025,Berlin-Mitte,207445,161865,Grüne,22933,26816,40672,4586,38521,13706,471,8012,5105,21678,24189,34920,6422,43614,14291,297,9794,5781
2025,Berlin-Pankow,235392,199072,Grüne,31918,26106,50854,5407,45010,33179,2357,,1982,28628,26046,38819,6555,43180,31087,762,15126,7937
2025,Berlin-Reinickendorf,172428,134126,CDU/CSU,40867,28956,17136,4737,15584,23866,,,1204,35169,22997,17074,5986,15729,23124,455,7083,5453
2025,Berlin-Spandau – Charlottenburg Nord,176536,133309,SPD,34305,36200,12217,4283,15044,25931,,,3540,31440,24296,14625,5208,17071,25305,409,7913,5903
2025,Berlin-Steglitz-Zehlendorf,214757,181883,CDU/CSU,55398,40355,39843,7382,15823,18539,1905,,944,48500,32989,35848,10750,20722,18678,656,7070,5851
2025,Berlin-Charlottenburg-Wilmersdorf,195504,162287,CDU/CSU,42273,38187,38681,7063,17861,13870,,,3052,37332,28929,35122,10335,23469,14329,260,6995,4787
2025,Berlin-Tempelhof-Schöneberg,229238,186838,Grüne,45573,37934,45639,4986,22399,20626,,,7861,38864,32850,36909,7145,32120,20986,458,9521,6830
2025,Berlin-Neukölln,192506,146236,Linke,28487,27266,16136,2791,43413,18893,831,,7020,26183,22853,22260,4033,36686,18874,425,8186,5669
2025,Berlin-Friedrichshain-Kreuzberg – Prenzlauer Berg Ost,218729,180869,Linke,17940,23519,54771,4277,62049,13854,,,2647,16722,24138,46620,5010,57057,12986,286,10643,6672
2025,Berlin-Treptow-Köpenick,206841,169802,Linke,23747,14472,8081,2961,70572,34646,892,9494,3815,25858,21403,20226,4949,36609,36410,761,15471,7096
2025,Berlin-Marzahn-Hellersdorf,195867,149493,AfD,43262,12926,6093,1871,24895,43729,1834,12754,841,24495,16161,8913,3806,24761,46285,1038,16236,6748
2025,Berlin-Lichtenberg,196799,155397,Linke,27190,13926,8108,2231,52378,33707,851,11527,4242,21230,18331,16699,3877,36204,34635,595,15613,7149
2025,Aachen I,172442,143853,CDU/CSU,45548,27722,39377,5916,13162,,3338,,5889,34179,25206,34769,6869,18399,13889,403,5058,4210
2025,Aachen II,224835,182361,CDU/CSU,70541,53747,13269,8191,13330,,12919,,4001,57089,37900,17002,7599,12306,34595,1284,7376,5834
2025,Heinsberg,192359,157150,CDU/CSU,64624,29813,11797,4679,8959,30784,2804,,2095,54971,26663,13623,6516,9856,31408,1208,6077,5710
2025,Düren,199301,164552,CDU/CSU,64996,35854,12153,4591,9105,33137,3264,,0,54483,30306,13843,7006,10498,33517,1179,6931,5656
2025,Rhein-Erft-Kreis I,247391,207151,CDU/CSU,71833,53545,20977,7550,13218,34348,2567,,1318,65147,40603,23850,10284,14817,34398,1091,8790,7007
2025,Euskirchen – Rhein-Erft-Kreis II,248663,207572,CDU/CSU,78883,42466,19549,8498,11457,37837,2885,,3945,69740,36497,22512,9905,12960,37881,1433,8216,7230
2025,Köln I,190951,153110,SPD,37261,37717,30496,4672,16894,20022,1488,,3045,33934,29775,27274,6407,22716,18853,580,7170,5525
2025,Köln II,243912,214600,Grüne,59925,35124,72858,8061,18454,12775,881,,5309,53426,37916,55085,12933,28762,13444,432,6017,5906
2025,Köln III,206670,169136,Grüne,32639,43307,43697,4773,18806,19459,1322,,3819,32523,33495,36769,5715,27502,18861,503,7190,5796
2025,Bonn,228194,193699,CDU/CSU,63973,41577,46819,4737,14776,15681,935,,3554,50413,34078,44136,9995,23994,17186,419,6911,5591
2025,Rhein-Sieg-Kreis I,238140,199347,CDU/CSU,70350,44274,22219,8438,11331,34564,3319,,3101,63303,35483,24783,9908,13446,34453,1256,8503,7144
2025,Rhein-Sieg-Kreis II,214269,183163,CDU/CSU,79639,32287,23157,5879,9768,25832,2139,,3034,63717,30333,26800,10261,11888,26036,900,6636,5710
2025,Oberbergischer Kreis,204353,169819,CDU/CSU,62100,34869,14813,5476,10064,36265,2914,,1759,53407,29960,16035,7771,10598,35722,1189,7768,6159
2025,Rheinisch-Bergischer Kreis,214554,184312,CDU/CSU,77301,34424,25245,9054,9309,22758,1692,,3374,61975,33928,27583,10199,11972,24339,999,6305,6150
2025,Leverkusen – Köln IV,206279,165366,SPD,41855,53574,18081,5102,14848,25439,1984,,2888,40450,34871,23355,6418,19137,25392,695,7786,6230
2025,Wuppertal I,196546,153114,SPD,36841,50907,13033,4563,13852,27707,1805,,2964,35829,30704,19165,6286,18608,27299,670,8248,5342
2025,Solingen – Remscheid – Wuppertal II,216618,173656,CDU/CSU,55860,47237,14997,5555,12886,31911,,,3699,49129,34679,19322,8171,14540,31539,668,8115,6411
2025,Mettmann I,200860,167587,CDU/CSU,60813,37459,20705,7482,10713,26187,,,2863,53516,31482,21284,9419,11506,25921,680,6983,5913
2025,Mettmann II,156872,129847,CDU/CSU,46152,32169,14237,5007,8542,22097,,,422,41357,25094,14517,6817,9159,21731,500,5533,4387
2025,Düsseldorf I,224445,187057,CDU/CSU,67108,39356,32269,9883,13321,18227,1026,,4475,56461,32067,34053,14546,17731,18536,469,6791,5640
2025,Düsseldorf II,188875,151908,CDU/CSU,43282,34739,27347,6250,14024,19574,934,,4455,38006,28535,25780,8236,17800,19606,484,7246,5459
2025,Neuss I,210819,173161,CDU/CSU,62250,46410,14559,7267,12035,29039,,,0,56600,32057,18439,9019,12781,29147,706,7389,6043
2025,Mönchengladbach,181209,140063,CDU/CSU,50331,36259,13648,4555,,25280,1478,,6896,42525,26041,13844,6324,13206,25125,657,6399,4995
2025,Krefeld I – Neuss II,196586,164150,CDU/CSU,61543,36512,17840,8910,10838,23769,3268,,0,55630,29572,20007,10107,11477,23886,1033,6285,5247
2025,Viersen,223739,185834,CDU/CSU,73676,38071,19438,7317,11337,29425,2510,,2378,64228,33644,21085,10039,11875,29312,1170,6873,6496
2025,Kleve,223650,182375,CDU/CSU,74631,39191,16447,6098,10755,28974,2429,,2499,66214,34003,18986,8100,11625,29096,1338,6094,5859
2025,Wesel I,204087,170433,CDU/CSU,58854,47432,13786,6123,10275,29375,2154,,1036,53361,39287,16091,7205,11150,29406,934,6304,5754
2025,Krefeld II – Wesel II,173314,140222,CDU/CSU,44412,41999,12133,4841,8552,23421,1829,,1782,40194,31212,15368,6629,11210,23203,729,6128,4718
2025,Duisburg I,159961,127170,SPD,27748,49116,9830,3081,10805,22224,1378,,1691,28994,32468,13470,4228,13149,21867,582,6412,5138
2025,Duisburg II,152391,111847,SPD,21791,36731,7599,2394,9976,29445,1575,,919,21520,28032,7268,2948,12272,27428,539,6472,4273
2025,Oberhausen – Wesel III,193877,155814,SPD,41519,48434,12638,4456,12062,32461,,,2737,38607,38967,13759,5245,12770,31565,561,7331,6004
2025,Mülheim – Essen I,177448,145633,SPD,41707,47047,13280,4958,9854,25140,2370,,0,40689,34203,15927,6189,11360,24695,730,6214,4866
2025,Essen II,152295,114166,SPD,27842,34227,9316,2683,10655,26058,1681,,461,25277,26237,10174,3360,12072,24911,529,6290,4470
2025,Essen III,186492,157566,CDU/CSU,55807,38546,24617,4835,11667,18563,1751,,380,46387,33184,25317,7710,14179,19029,516,5416,5155
2025,Recklinghausen I,161611,129034,SPD,36875,42356,8686,3278,7544,25912,1096,,2296,35131,29886,12446,4581,9622,25875,559,5656,4555
2025,Recklinghausen II,182424,147462,CDU/CSU,46217,42454,10574,3419,8501,30367,1891,,2733,42173,34273,12821,5171,9721,30724,790,5908,4986
2025,Gelsenkirchen,164673,122676,SPD,28051,38118,7379,4038,10246,31302,1720,,599,27665,29342,7944,3682,11485,30032,626,6174,4826
2025,Steinfurt I – Borken I,201685,168635,CDU/CSU,70066,38037,15800,5775,10029,25233,2633,,0,65100,31174,17571,7070,10636,24879,1122,5420,4780
2025,Bottrop – Recklinghausen III,195336,157959,CDU/CSU,49625,46276,10249,4185,8927,32869,1810,,2678,45953,36280,13164,5422,10512,32770,862,6710,5304
2025,Borken II,200973,172498,CDU/CSU,82000,33511,16486,5043,8742,22179,3362,,0,72745,29836,18303,7571,9358,22829,1352,5065,4620
2025,Coesfeld – Steinfurt II,194072,169671,CDU/CSU,76819,34152,21571,5338,7708,20615,,,2326,67891,30231,22841,7159,9221,21368,766,4776,4670
2025,Steinfurt III,194178,165562,CDU/CSU,62253,41397,19383,4874,9868,25484,,,1209,54549,36478,19906,6572,10612,24959,798,5969,4846
2025,Münster,237654,207991,Grüne,58996,42553,64528,6779,14083,13426,,,6450,53313,37437,55144,9629,25927,14210,408,5525,5630
2025,Warendorf,207690,175926,CDU/CSU,72720,36247,18940,5119,9798,27935,3768,,0,64092,32533,19715,7133,10946,27955,1357,6315,4882
2025,Gütersloh I,232757,192669,CDU/CSU,79373,40229,17268,5942,10489,32673,2489,,2439,63902,34664,22189,8477,12239,35112,1124,8065,5600
2025,Bielefeld – Gütersloh II,240475,196973,SPD,50742,53130,31274,5930,19802,27995,,,6521,45714,39839,32374,8168,25810,28143,517,8918,6401
2025,Herford – Minden-Lübbecke II,223060,181750,CDU/CSU,54253,52576,12899,5867,10740,38341,2222,,3197,50128,38801,17508,7449,12853,38433,1124,8711,5527
2025,Minden-Lübbecke I,199147,163423,CDU/CSU,51975,39931,15008,5432,9061,35399,2975,,1911,44594,35926,15379,6784,10761,35284,1312,7259,4920
2025,Lippe I,221604,182679,CDU/CSU,56640,42552,21911,5474,10896,39427,3857,,0,49204,37926,19245,7713,12324,39517,1440,8069,5917
2025,Höxter – Gütersloh III – Lippe II,169491,141885,CDU/CSU,60581,26226,10482,4391,7421,28854,2482,,0,51320,23881,11757,6076,7905,29045,1067,5563,4165
2025,Paderborn,231585,192337,CDU/CSU,86833,29097,20143,4528,11949,34928,,,3392,71373,26308,21998,8049,13550,36233,667,7567,5520
2025,Hagen – Ennepe-Ruhr-Kreis I,195958,154267,CDU/CSU,44170,39188,12584,5216,9095,32643,1784,6515,1677,43479,32775,13493,5910,11904,32094,779,7399,5462
2025,Ennepe-Ruhr-Kreis II,170960,142858,CDU/CSU,43775,42576,14587,4265,8617,23488,1408,,2969,38804,33730,17813,5787,10660,23813,672,5687,5075
2025,Bochum I,200128,163505,SPD,39925,53007,22181,4680,15273,22797,,,4265,38257,39364,24221,5941,19653,22483,477,6374,5861
2025,Herne – Bochum II,170434,132167,SPD,31032,43832,11111,2948,10878,28088,,,2792,29840,33909,11719,3893,12576,27453,484,6110,5180
2025,Dortmund I,203655,165438,SPD,38929,50260,22994,4857,15048,26057,,,5942,36346,37861,25180,5913,19460,25852,476,7091,6316
2025,Dortmund II,195508,154308,SPD,37891,49553,15742,4047,13794,28240,,,3503,36025,37511,17291,5406,15616,27597,491,7330,6063
2025,Unna I,190464,157467,SPD,46509,49685,14059,3974,9491,29070,,,3271,42845,38638,16276,5437,11269,29405,716,6286,5623
2025,Hamm – Unna II,227760,181924,SPD,54186,58097,11476,4786,12865,38828,,,0,51259,41849,14777,6098,13545,38093,740,8266,6152
2025,Soest,229384,190466,CDU/CSU,70487,42544,18133,7449,11144,36727,2537,,0,66361,34834,19038,7681,11577,35823,1007,7406,5743
2025,Hochsauerlandkreis,196716,165006,CDU/CSU,78259,35080,10024,4120,7655,26087,2773,,0,71614,26875,12025,6237,8773,27453,1144,5314,4749
2025,Siegen-Wittgenstein,202346,168074,CDU/CSU,56827,40824,12486,5300,10735,34138,2344,,4138,52767,33315,14338,6630,12099,33907,1297,7526,5333
2025,Olpe – Märkischer Kreis I,198932,163294,CDU/CSU,68241,33640,10191,5650,8231,32358,2102,,1519,63117,26688,11716,6416,8901,33289,1001,6642,4537
2025,Märkischer Kreis II,191152,153042,CDU/CSU,58968,34522,9878,4578,9917,31658,,,2279,51785,27788,11434,6027,10287,32473,650,6553,5151
2025,Nordsachsen,158475,126905,AfD,31398,12554,3090,2684,10502,55024,7092,,3382,26171,10560,4308,4012,10081,53911,2753,10945,3313
2025,Leipzig I,225020,183932,AfD,39286,21472,13796,3828,39377,45730,2186,11727,5560,31901,18456,19747,5826,38513,46288,1675,14207,6387
2025,Leipzig II,232750,195980,Linke,31270,16615,19954,3987,71811,36549,2005,10113,2859,30753,21933,31717,6130,46694,36425,1482,13823,6286
2025,Leipzig-Land,210845,172244,AfD,42046,18676,6053,4395,14944,65318,8207,10899,486,38113,15098,7869,5854,15004,65867,4369,14708,4298
2025,Meißen,193052,157184,AfD,37049,11413,6529,8223,14695,70572,5610,,1607,31183,11025,7129,5919,12236,68151,2328,13866,4399
2025,Bautzen I,200639,161774,AfD,38643,11384,3484,4199,15654,77339,8050,,1463,32190,10373,4692,5002,12468,73912,3058,14694,4238
2025,Görlitz,196873,155057,AfD,37197,9626,4659,2952,9795,75147,3588,9832,981,30407,9815,5160,4484,11900,71855,2354,13824,4141
2025,Sächsische Schweiz-Osterzgebirge,196612,160372,AfD,35961,12766,4751,4478,14523,77901,7008,,1354,30820,9505,6318,5170,11716,74174,2852,14643,4219
2025,Dresden I,225103,184922,AfD,50040,21457,19899,6229,26085,53853,,,5502,36585,18241,22545,7082,25445,50386,1508,15474,6810
2025,Dresden II – Bautzen II,233483,196333,AfD,47107,18245,22140,5130,31961,58238,3253,,8704,35306,16601,25517,6947,31001,55900,1883,15249,7052
2025,Mittelsachsen,188107,148354,AfD,39665,13321,3680,4284,13234,66688,6156,,0,30403,11145,5172,4676,11800,64094,2966,13924,3307
2025,Chemnitz,183295,144921,AfD,30868,24128,6554,3314,14349,46401,2066,13190,3277,28001,15988,9579,4524,17648,47112,1404,15511,4462
2025,Chemnitzer Umland – Erzgebirgskreis II,172020,140055,AfD,38304,16139,3828,4655,14229,61027,,,0,29538,11899,4523,4416,10864,57239,2813,14547,3366
2025,Erzgebirgskreis I,202990,164320,AfD,40716,10741,2597,3579,11121,75876,5544,10288,2175,33584,10740,3646,4798,11360,75153,3780,16031,3725
2025,Zwickau,189565,150838,AfD,35506,14837,3485,4279,11214,59725,4712,13507,2375,31886,13377,4910,4500,12797,60795,2568,15256,3789
2025,Vogtlandkreis,177951,141586,AfD,37770,13975,4526,3413,13336,60672,6298,,0,30406,12388,4437,4096,10935,57139,2346,15555,3425
2025,Waldeck,180475,150082,CDU/CSU,46166,41883,10559,4863,8462,31701,4806,,0,42777,33995,12718,5921,9116,31360,2494,6505,3826
2025,Kassel,214132,175165,SPD,42004,47900,24338,4735,20203,28126,2934,,2855,38989,38766,25226,6238,21330,27359,1518,9192,4976
2025,Werra-Meißner – Hersfeld-Rotenburg,167770,138607,CDU/CSU,44173,38010,7357,3326,7246,30926,3961,,1969,38984,30447,9948,5252,8570,31857,2779,5742,3609
2025,Schwalm-Eder,182420,153589,CDU/CSU,45647,42943,8705,4329,7974,36357,5763,,0,41679,34063,11875,6171,8625,36110,3073,6522,3923
2025,Marburg,179872,152353,SPD,44014,45774,13738,3481,11452,27633,2642,,2433,39799,31104,19599,5910,16006,27521,1877,5923,3647
2025,Lahn-Dill,203567,166049,CDU/CSU,56424,39533,11201,4544,8677,37998,3807,,2210,49667,31084,14467,6700,10932,37485,2415,7064,4862
2025,Gießen,215142,178656,CDU/CSU,53851,49204,15276,4906,12444,33541,5122,,2594,47076,33234,21926,7410,17359,33917,3043,7913,5370
2025,Fulda,206544,174948,CDU/CSU,75039,23675,11460,5969,7262,39790,6093,,4209,65243,22300,13195,8517,9093,40951,3943,6243,4193
2025,Main-Kinzig – Wetterau II – Schotten,175443,146914,CDU/CSU,49611,29795,10738,4755,7064,36231,4511,,2599,44471,23747,12824,6775,8357,36171,2769,6058,4455
2025,Hochtaunus,178433,152705,CDU/CSU,57261,29458,18418,7275,8108,25045,3299,,2495,50934,25251,19814,9963,9353,24855,1828,5645,4061
2025,Wetterau I,176870,149796,CDU/CSU,49929,38192,14407,5766,7726,25930,3830,,2575,45704,26144,19686,7963,10598,25828,2377,5714,4619
2025,Rheingau-Taunus – Limburg,217091,182782,CDU/CSU,66648,40101,19472,7660,9026,31379,3890,,2888,60697,30840,22141,10177,11453,31947,2174,6731,5421
2025,Wiesbaden,186038,148215,CDU/CSU,44997,32697,21876,5944,15408,20406,2317,,3117,39190,25711,23494,8234,16939,20737,1244,7250,4410
2025,Hanau,175243,143429,CDU/CSU,45346,35906,12134,5177,10745,27150,3340,,2101,40878,26049,15482,7024,12169,27409,1715,7122,4412
2025,Main-Taunus,193390,165885,CDU/CSU,65495,29238,23001,8847,9860,21541,2962,,3620,57897,25838,23889,12190,10901,21894,1661,6033,4554
2025,Frankfurt am Main I,202372,160179,CDU/CSU,41232,40832,25756,7418,20329,17067,1465,,4533,37384,27189,28697,10541,24476,17092,856,8273,4512
2025,Frankfurt am Main II,230870,191532,CDU/CSU,52010,35101,50207,8773,18780,17449,1500,,6245,47445,32751,39455,12531,25761,17794,963,8485,5247
2025,Groß-Gerau,172314,140680,CDU/CSU,42181,40121,11195,4667,12390,22816,3442,,2186,37900,27976,15831,6267,13876,23608,1815,7888,4266
2025,Offenbach,218352,174373,CDU/CSU,53821,38384,25416,6606,17841,26300,4159,,0,47974,30178,22646,9360,19893,26232,1839,9769,5074
2025,Darmstadt,239490,202987,CDU/CSU,53802,42398,43629,6626,15384,27391,2038,,9993,48720,37368,38495,9664,22541,27443,1388,8991,7125
2025,Odenwald,230672,194831,CDU/CSU,65470,47730,17327,6825,11704,35564,5264,,2740,59338,35036,21756,9540,13739,36237,2736,8578,6254
2025,Bergstraße,195419,164877,CDU/CSU,59209,34219,14917,6289,8822,33328,3650,,2767,51096,28439,18346,8475,9971,32971,2060,7012,5277
2025,Eichsfeld – Nordhausen – Kyffhäuserkreis,206544,165873,AfD,45728,14361,3000,3815,19527,65033,,12712,342,38445,14094,4429,4885,21894,64146,1702,14085,1033
2025,Eisenach – Wartburgkreis – Unstrut-Hainich-Kreis,201183,159955,AfD,35936,18892,3882,2345,16030,61095,3765,12824,3880,31218,14826,4733,4053,20763,64061,2912,14853,1289
2025,Jena – Sömmerda – Weimarer Land I,194202,161207,AfD,29661,18734,9587,3655,31247,52003,3415,11453,333,27799,14496,12157,4921,29918,52020,2238,14704,2028
2025,Gotha – Ilm-Kreis,184279,147985,AfD,29345,14681,4403,2998,18753,60354,3236,11660,1202,25908,12958,5151,3904,21965,59557,2449,13596,1340
2025,Erfurt – Weimar – Weimarer Land II,214387,175940,Linke,28587,13900,5458,3350,64390,46612,1918,10299,353,30714,18407,15313,5035,38667,46999,1760,15686,2264
2025,Gera – Greiz – Altenburger Land,220281,173700,AfD,34406,18698,3323,3918,20441,77161,3416,10915,0,30630,13622,4924,5136,22450,74761,2276,17065,1497
2025,Saalfeld-Rudolstadt – Saale-Holzland-Kreis – Saale-Orla-Kreis,211519,172602,AfD,35224,14261,4340,3835,21114,76204,3941,12415,0,30756,12907,5056,4811,23079,73577,2824,17013,1418
2025,Suhl – Schmalkalden-Meiningen – Hildburghausen – Sonneberg,220067,176212,AfD,33940,18315,2829,4205,18445,73608,6140,14697,2681,30595,14605,4334,4547,21952,75406,4460,17758,1326
2025,Neuwied,236097,194324,CDU/CSU,68501,42314,11921,6858,9689,40365,4345,6445,1955,62296,35679,15674,8488,11695,41999,3234,9017,5022
2025,Ahrweiler,191196,159650,CDU/CSU,62011,30537,14413,5283,8220,28335,5584,,3566,55289,28429,15725,7563,9070,29074,3170,6137,4231
2025,Koblenz,189667,155931,CDU/CSU,55097,37659,15001,4703,9028,24836,5858,,2110,48758,30233,18026,7405,11900,25417,2959,6197,4056
2025,Mosel/Rhein-Hunsrück,168705,142248,CDU/CSU,53505,27079,10039,7588,6494,27060,6009,,2411,49310,25144,10918,7521,7408,27721,3669,5594,3938
2025,Kreuznach,179523,146442,CDU/CSU,46768,38082,7765,4714,6352,30688,4404,4722,1441,44076,29492,11570,6425,8584,32452,2712,6291,3852
2025,Bitburg,161542,134533,CDU/CSU,53459,27098,7362,4155,4893,22265,11825,,1918,48897,22635,10070,6041,6626,23936,7030,4983,3398
2025,Trier,187569,156721,CDU/CSU,47826,46951,12843,6148,7791,22088,4125,5351,2176,47830,31092,19020,7256,11983,24079,3192,6841,4516
2025,Montabaur,209443,174499,CDU/CSU,61574,40294,10832,5462,8709,35321,5923,,4209,56239,31397,14652,7971,10346,36380,3777,7367,4987
2025,Mainz,251074,214618,CDU/CSU,57966,50411,40617,8024,19474,21665,3013,4963,6559,56648,39496,44047,10914,23601,23043,2046,7044,6394
2025,Worms,211986,178184,CDU/CSU,62290,39042,13996,5171,8638,35866,3857,4401,2994,50920,33740,18870,8242,11218,38744,2888,6946,5134
2025,Ludwigshafen/Frankenthal,205998,163099,CDU/CSU,43627,42213,12367,5737,7794,37117,4621,5445,2110,44479,31398,14379,7098,11037,37871,2871,7879,4654
2025,Neustadt – Speyer,216200,182125,CDU/CSU,62590,39569,16914,5582,7122,35237,4894,5496,3018,54912,32786,21357,8798,10079,36876,3500,7361,5214
2025,Kaiserslautern,219842,179205,SPD,42591,49464,10099,5138,7396,45160,7385,7628,2024,44232,36503,14623,6975,10771,45951,4699,8850,5043
2025,Pirmasens,169645,139067,CDU/CSU,45682,28474,6112,4078,4924,34424,4632,4827,4074,41658,23976,8138,5666,6594,37286,2903,6905,4561
2025,Südpfalz,215995,179902,CDU/CSU,68124,34274,13799,4686,7114,35587,4097,5361,5144,55079,30705,19800,7684,10955,37866,3363,7691,5436
2025,Altötting,168462,137701,CDU/CSU,60164,11870,10399,3994,5867,32269,8637,,3767,54392,11493,10712,4887,6212,33186,7504,4561,4303
2025,Erding – Ebersberg,201029,175164,CDU/CSU,80087,17609,23383,6324,6856,27275,7059,,5850,70010,17632,22730,8821,8826,28847,7524,4709,5632
2025,Freising,238829,204980,CDU/CSU,88025,23356,25718,5803,8630,36965,13208,,2362,78622,20233,23750,8903,10652,38983,11034,5836,6416
2025,Fürstenfeldbruck,230710,199398,CDU/CSU,84651,29795,23886,8748,7313,27997,8829,,7380,78930,23133,27778,10015,10605,29818,6925,5341,6352
2025,Ingolstadt,237848,195987,CDU/CSU,91839,21556,14531,3711,7731,39220,9909,,6590,78649,19813,18026,7349,9258,41843,9145,5892,5366
2025,München-Nord,223701,185631,CDU/CSU,59875,36495,44708,8536,12123,16684,2700,,3534,53509,28469,42291,12394,16785,17688,2195,6075,5741
2025,München-Ost,243744,205040,CDU/CSU,74027,31546,49442,8278,12477,18451,3649,,6133,63562,30960,45045,12837,17152,19694,2490,6562,6191
2025,München-Süd,214947,181255,CDU/CSU,54859,26461,53775,7171,9825,15876,2364,4593,5708,51867,28049,43538,10063,16897,16782,2095,5585,5933
2025,München-West/Mitte,246574,210862,CDU/CSU,72200,33018,60243,10329,12683,,6366,,13297,60504,32311,52707,12553,18671,18822,2462,6122,6315
2025,München-Land,234884,205548,CDU/CSU,88204,27306,40045,8786,8428,22924,6071,,3005,80091,26648,35344,12985,10310,24076,4271,5266,6118
2025,Rosenheim,238910,201583,CDU/CSU,82023,17916,25196,5724,9152,36813,16037,,7828,75533,19272,25026,9374,10140,39378,9473,6090,6699
2025,Bad Tölz-Wolfratshausen – Miesbach,165895,141799,CDU/CSU,65481,10901,20820,4754,4694,23291,7226,,3979,59236,12829,17585,7506,5716,24274,6312,3866,4078
2025,Starnberg – Landsberg am Lech,215624,188310,CDU/CSU,80441,24177,31311,6665,6449,24187,6051,,8265,72641,21606,31526,10969,9716,25308,5138,5031,5828
2025,Traunstein,209020,172572,CDU/CSU,80507,20845,14985,3270,6884,30994,10690,,3575,66829,16925,17677,5891,7514,34619,11218,5906,5445
2025,Weilheim,168111,143698,CDU/CSU,65409,13489,18128,6356,5698,22169,7936,,3731,59686,13888,17099,6760,6870,24239,6334,4032,4422
2025,Deggendorf,165283,135485,CDU/CSU,58347,12156,6354,5188,3070,36406,11370,,1919,51953,10913,6856,4283,4178,39530,10575,3992,2857
2025,Landshut,247907,208132,CDU/CSU,70986,18800,17125,6437,7562,42123,38342,,5929,75202,19631,18053,7736,9605,46429,19255,6097,5539
2025,Passau,176118,144115,CDU/CSU,58538,20121,7425,3072,4161,33776,9198,3804,3425,55447,13904,9821,4706,5681,36668,9154,4906,3425
2025,Rottal-Inn,172941,142709,CDU/CSU,49582,9947,7688,2625,4167,32885,32668,,2508,54710,10899,7841,4270,4990,37107,14997,4151,3361
2025,Straubing,172522,141540,CDU/CSU,65291,11132,7241,2715,4394,36673,11139,,2358,55428,11310,7466,4279,4934,39114,11136,4143,3314
2025,Amberg,214379,181941,CDU/CSU,80626,19705,12177,4698,7316,38359,12883,,5369,72672,19339,13966,5971,7980,40014,11333,5083,4968
2025,Regensburg,250984,212696,CDU/CSU,81105,27626,27741,5229,9736,37964,11214,5151,6201,75683,23607,28337,7427,14801,39770,10447,6268,5803
2025,Schwandorf,220950,185033,CDU/CSU,77717,25534,7516,3432,4914,49695,13591,,1751,72445,17110,9173,4927,6052,51973,14478,4595,3758
2025,Weiden,162689,136787,CDU/CSU,59268,16294,6624,4126,5591,31352,9673,,3218,55094,15930,7927,4171,5367,33125,8212,3526,3011
2025,Bamberg,181281,155529,CDU/CSU,61044,22569,20762,4709,7914,28891,6174,,2805,57362,17553,19476,6095,10111,29980,5463,4566,4452
2025,Bayreuth,159361,134067,CDU/CSU,59366,19031,10999,3680,6117,25144,6741,,2387,51466,16403,13155,4987,7605,26687,5968,3981,3430
2025,Coburg,153429,128769,CDU/CSU,53725,18425,10943,2490,5019,26822,6944,2846,963,47710,18401,9603,4134,6966,28511,5072,4332,3574
2025,Hof,157915,129424,CDU/CSU,51926,22966,6391,3160,5789,30614,6181,,1635,48966,17421,7802,4031,6857,31308,4773,4640,3204
2025,Kulmbach,165464,141525,CDU/CSU,69446,13210,9233,2838,5361,30698,8742,,1237,56800,15327,10176,4550,6209,32989,7185,4195,3644
2025,Ansbach,241618,203824,CDU/CSU,84723,26718,18248,5276,9434,43100,10960,,4357,75749,24616,19216,6785,10145,43752,9499,7402,6024
2025,Erlangen,186938,162264,CDU/CSU,57971,28003,29337,4761,9115,22637,7023,,2573,54594,22446,29142,6891,11552,23504,4129,4796,4749
2025,Fürth,248612,208200,CDU/CSU,77512,36983,22502,6095,12638,38344,8042,,5017,71313,29396,25804,8087,14099,39100,5951,7396,6348
2025,Nürnberg-Nord,187179,151372,CDU/CSU,45424,26738,32432,4976,14697,18093,2963,,5171,41088,23567,29684,6530,19233,18303,1762,5628,4959
2025,Nürnberg-Süd,174758,136860,CDU/CSU,48913,24213,14730,3556,10821,27128,3662,,2831,43913,20814,15262,4871,11683,26901,2386,6073,4241
2025,Roth,227696,197152,CDU/CSU,84151,25561,24181,5525,9951,33199,8872,,4765,74215,26325,23881,7483,10628,35444,7155,5878,5558
2025,Aschaffenburg,181144,155293,CDU/CSU,67597,19006,18230,5169,7334,28438,4314,,4249,58810,19696,17249,6833,9276,29412,3456,5008,4843
2025,Bad Kissingen,210364,180527,CDU/CSU,87357,25127,10615,8444,9957,,22323,,9096,75101,17374,13320,6462,8259,41432,8048,5282,4552
2025,Main-Spessart,192185,165463,CDU/CSU,74896,25806,13740,3802,6784,29752,8328,,1431,67784,20553,14691,5867,8072,31844,6239,5198,4638
2025,Schweinfurt,194125,163446,CDU/CSU,70455,21834,12894,3992,7606,33832,7823,,4061,64166,18706,14828,5823,8468,34404,6342,5297,4811
2025,Würzburg,222633,192406,CDU/CSU,74917,26349,36587,8012,9766,24817,5704,,5264,68679,25841,31495,8366,15737,25951,4435,5329,6036
2025,Augsburg-Stadt,186448,148097,CDU/CSU,45742,20701,30320,4139,10966,25488,5463,,4480,41916,19791,24310,6076,15568,25826,3359,5830,4879
2025,Augsburg-Land,232095,199564,CDU/CSU,88388,25217,18278,5509,7842,37563,10256,,5563,79060,21263,21839,7946,9555,38629,9327,5854,5485
2025,Donau-Ries,192393,163283,CDU/CSU,73296,19720,9398,3895,5536,34916,9972,3535,2376,67118,15226,11853,6071,6249,36829,10291,4968,4154
2025,Neu-Ulm,215191,178435,CDU/CSU,75359,18762,14869,5121,8006,41999,6162,,7114,65850,19105,15921,7349,9318,41290,6688,6554,5716
2025,Memmingen – Unterallgäu,159653,134558,CDU/CSU,58479,12674,10821,3938,6212,30371,11106,,0,52442,12138,11191,5529,5955,31392,7307,4061,4129
2025,Oberallgäu,228068,191695,CDU/CSU,70226,16065,23668,8113,7461,31804,16475,,16896,72526,20116,23601,8217,10015,33443,9774,6324,6965
2025,Ostallgäu,161048,136838,CDU/CSU,61899,13508,14096,3529,6102,26633,10158,,0,54705,12693,13662,5197,6463,27513,7524,4291,4369
2025,Stuttgart I,188918,162105,Grüne,45662,25231,45667,9327,14203,13843,1981,,5281,42314,24129,40878,11759,17530,14421,878,5306,4478
2025,Stuttgart II,174909,139575,CDU/CSU,42061,22057,29438,5789,12414,20166,1790,,4788,37213,22569,24215,8087,15095,19979,975,6745,4071
2025,Böblingen,243100,204946,CDU/CSU,76033,34198,27409,12438,9936,34826,6046,,2696,67755,29383,28451,14311,12167,35769,2981,8193,5010
2025,Esslingen,165367,139386,CDU/CSU,51329,22446,21500,6021,9177,21754,3479,,2902,45133,21535,20809,7967,9942,22298,1877,5359,3882
2025,Nürtingen,203455,173192,CDU/CSU,64951,28298,24795,9105,9264,30579,5143,,0,58091,24364,23393,11503,9952,31028,2660,6446,4994
2025,Göppingen,174712,143877,CDU/CSU,52947,24232,13239,5839,6812,32264,4449,,2902,47872,20544,13447,7925,7796,33280,2137,6160,3884
2025,Waiblingen,219692,184918,CDU/CSU,69225,31595,22702,10519,9726,33168,4714,,2092,61352,26985,23496,12485,10731,34225,2350,7033,5442
2025,Ludwigsburg,212465,179881,CDU/CSU,65326,27111,28680,9149,11154,30176,3175,,4035,57436,27032,26654,11468,12303,30246,2125,7096,4806
2025,Neckar-Zaber,228598,195890,CDU/CSU,76390,29184,22572,7695,9925,37967,5081,,5810,64632,28171,23637,12296,10386,39634,2854,7449,5958
2025,Heilbronn,238592,194676,CDU/CSU,67516,29914,16637,9852,11484,48360,4328,,4910,56937,27713,18307,12028,11921,49241,2649,8441,6220
2025,Schwäbisch Hall – Hohenlohe,224446,186108,CDU/CSU,67218,27499,18528,8307,8902,44363,4614,,5263,58817,24445,18083,10582,9845,46424,2862,7992,5967
2025,Backnang – Schwäbisch Gmünd,175503,146415,CDU/CSU,53064,23870,15499,5844,7486,33940,3174,,2272,47449,20169,15531,7846,8424,33901,1733,6319,4319
2025,Aalen – Heidenheim,217574,180563,CDU/CSU,74010,25137,14872,6425,8987,41337,4984,,3076,62272,25289,16827,8746,9696,41367,2930,7923,4514
2025,Karlsruhe-Stadt,202812,168556,Grüne,39597,25553,51306,6399,13353,22986,2015,,6221,37645,26164,40424,8658,18800,22678,993,6247,6236
2025,Karlsruhe-Land,207276,176259,CDU/CSU,68439,26153,22739,7330,8839,32293,4589,,4395,58133,26361,23377,9723,9790,33394,2329,6761,5537
2025,Rastatt,200964,163973,CDU/CSU,63116,24569,18274,5727,7608,36075,5411,,1677,54348,23553,17673,8032,8737,36771,2610,6681,4531
2025,Heidelberg,218284,186493,CDU/CSU,54060,29464,51423,6767,13225,22182,2566,,5697,48787,31556,40599,10535,18830,22414,1377,6388,5255
2025,Mannheim,195336,153146,CDU/CSU,37566,34137,27493,6391,12117,27170,2626,,4421,35227,27687,24376,7839,17211,26735,1128,7150,4924
2025,Odenwald – Tauber,206482,171415,CDU/CSU,72800,24015,13334,5336,7689,39075,5759,,1892,61954,22572,14284,8158,8333,40150,3243,7098,4551
2025,Rhein-Neckar,195510,163898,CDU/CSU,55930,33082,17909,7029,8276,33086,4754,,2413,50682,25578,20052,9195,10195,33687,2214,6549,4862
2025,Bruchsal – Schwetzingen,194216,162421,CDU/CSU,58113,26254,17251,6699,8294,35749,5673,,2766,51893,23196,17639,8469,9276,36181,2549,7015,5253
2025,Pforzheim,212982,174321,CDU/CSU,63762,36222,,9382,11023,46265,,,5378,52835,22824,18237,10769,9320,43959,1988,7661,5748
2025,Calw,197556,163682,CDU/CSU,63399,20945,13187,6838,6312,39325,5812,,6590,55074,19875,14354,9671,7649,41611,2670,6527,5391
2025,Freiburg,228338,196067,Grüne,47806,30486,63281,5541,19518,20008,2574,,5549,43345,29933,51967,8284,27165,20285,1400,6858,6033
2025,Lörrach – Müllheim,229946,187809,CDU/CSU,61900,32290,29239,5810,11325,32848,10174,,2783,54617,29802,28451,9156,12651,33961,3622,8346,6180
2025,Emmendingen – Lahr,218790,182311,CDU/CSU,66984,40204,18328,5695,8504,34282,6875,,0,58425,28150,23992,8497,10679,35309,3352,7312,5602
2025,Offenburg,204805,167833,CDU/CSU,63492,21575,20482,7406,8993,34411,7685,,2141,56001,22192,18504,8781,9490,36363,3183,7533,4755
2025,Rottweil – Tuttlingen,196201,161387,CDU/CSU,62245,17697,12461,8719,7147,44002,4794,,2763,55063,17307,12443,9737,7541,43401,2350,7249,5175
2025,Schwarzwald-Baar,160376,131135,CDU/CSU,55044,19396,9979,4524,5295,29143,2933,,3764,44338,16814,12895,6874,6591,30953,2066,5817,3888
2025,Konstanz,207094,170740,CDU/CSU,63922,26451,25390,7363,9987,29587,3341,,3533,51163,22599,28615,9820,12660,31136,1929,6935,5094
2025,Waldshut,176262,145383,CDU/CSU,54467,26958,16809,5169,6839,26710,4321,,3132,48696,20751,19776,7212,8199,27607,2414,5752,4264
2025,Reutlingen,197827,165466,CDU/CSU,63189,22440,20868,9115,9118,32479,4649,,2344,53652,21625,20122,10604,9970,34596,2127,7545,4413
2025,Tübingen,199799,172184,CDU/CSU,54252,22149,42176,6242,10521,26760,3862,,5055,48875,23910,32947,8579,16465,27676,1756,6838,4436
2025,Ulm,223539,190020,CDU/CSU,73225,25220,29344,6700,9375,34990,3800,,6126,64127,25482,25667,9749,12200,36448,2552,7383,5533
2025,Biberach,169789,144530,CDU/CSU,58651,18225,14819,5555,5447,32077,4638,,4100,55026,14951,14064,7298,6496,33316,2696,5491,4408
2025,Bodensee,173329,145115,CDU/CSU,57658,21966,18269,4628,6090,29318,3535,,2563,50586,18778,19560,8289,8002,27290,2020,5850,3987
2025,Ravensburg,188225,157982,CDU/CSU,60702,17209,23871,8948,9810,29159,4667,,2410,55057,18446,20841,8525,10188,29900,2679,6518,5082
2025,Zollernalb – Sigmaringen,180742,148788,CDU/CSU,54656,28895,7838,6171,5862,38498,3858,,1411,54044,16344,11151,8082,7258,38796,2053,6253,3950
2025,Saarbrücken,187345,149368,SPD,36514,47772,10931,5305,12484,30422,3532,,556,33860,32650,14721,6488,14661,29681,1470,9378,5210
2025,Saarlouis,198307,164765,CDU/CSU,51704,46008,7726,5260,10903,35621,5170,,0,46089,34688,10190,7259,11036,35421,2170,11043,5235
2025,St. Wendel,168073,143181,CDU/CSU,47875,40408,5342,5361,8133,29038,5166,,0,42957,31468,8801,5755,8576,29391,2328,8120,4409
2025,Homburg,180479,147979,SPD,40910,44557,6478,4685,9695,34096,5590,,0,38207,32330,9659,6223,9807,34801,2508,8460,4673
