Institut,Datum,CDU/CSU,SPD,GRÜNE,FDP,LINKE,AfD,FW,BSW,Sonstige,Befragte,Zeitraum,PIRATEN,Nichtwähler/ Unentschl.
Allensbach,24.09.2026,"23,0 %","13,0 %","14,0 %","5,0 %","10,0 %","28,0 %",–,–,"7,0 %",1.051,04.09.–16.09.,,
Allensbach,21.08.2026,"22,5 %","13,0 %","13,0 %","6,0 %","11,0 %","27,5 %",–,–,"7,0 %",1.039,01.08.–13.08.,,
Allensbach,23.07.2026,"24,0 %","13,0 %","13,0 %","5,5 %","10,0 %","26,5 %",–,–,"8,0 %",1.040,03.07.–16.07.,,
Allensbach,24.06.2026,"24,0 %","12,5 %","13,0 %","5,5 %","10,0 %","28,0 %",–,–,"7,0 %",1.047,05.06.–17.06.,,
Allensbach,24.06.2026,"24,0 %","13,5 %","13,0 %","5,0 %","9,5 %","27,0 %",–,–,"8,0 %",1.010,22.05.–05.06.,,
Allensbach,11.05.2026,"25,0 %","12,5 %","14,0 %","4,5 %","10,0 %","26,0 %",–,–,"8,0 %",1.015,18.04.–30.04.,,
Allensbach,17.04.2026,"26,0 %","14,0 %","13,0 %","4,0 %","10,0 %","25,0 %",–,–,"8,0 %",1.057,23.03.–09.04.,,
Allensbach,21.03.2026,"28,0 %","16,0 %","11,5 %","4,0 %","10,0 %","23,0 %",–,–,"7,5 %",1.045,27.02.–12.03.,,
Allensbach,02.03.2026,"27,0 %","16,0 %","12,0 %","4,0 %","10,0 %","24,0 %",–,–,"7,0 %",1.052,06.02.–19.02.,,
Allensbach,31.01.2026,"27,0 %","15,0 %","11,5 %","3,5 %","10,0 %","25,0 %",–,–,"8,0 %",1.077,06.01.–19.01.,,
Allensbach,11.12.2025,"27,0 %","14,0 %","12,5 %","4,5 %","9,0 %","25,0 %",–,"3,0 %","5,0 %",1.029,22.11.–04.12.,,
Allensbach,14.11.2025,"27,0 %","15,5 %","11,0 %","3,5 %","10,0 %","24,0 %",–,"4,0 %","5,0 %",1.011,23.10.–06.11.,,
Allensbach,17.10.2025,"26,0 %","15,0 %","11,0 %","3,0 %","11,0 %","25,0 %",–,"4,0 %","5,0 %",1.044,26.09.–10.10.,,
Allensbach,24.09.2025,"27,0 %","15,0 %","11,0 %","4,0 %","11,0 %","24,0 %",–,"3,0 %","5,0 %",1.013,05.09.–17.09.,,
Allensbach,21.08.2025,"28,0 %","16,0 %","11,0 %","4,0 %","10,0 %","22,5 %",–,"4,0 %","4,5 %",1.051,01.08.–14.08.,,
Allensbach,19.07.2025,"29,0 %","15,0 %","12,0 %","4,0 %","9,0 %","23,0 %",–,"3,5 %","4,5 %",1.054,04.07.–16.07.,,
Allensbach,20.06.2025,"29,0 %","16,0 %","11,0 %","4,0 %","9,0 %","23,0 %",–,"4,0 %","4,0 %",1.054,01.06.–12.06.,,
Allensbach,24.05.2025,"28,0 %","17,0 %","11,0 %","3,0 %","10,0 %","22,5 %",–,"4,0 %","4,5 %",1.032,03.05.–14.05.,,
Allensbach,19.04.2025,"27,0 %","16,0 %","12,0 %","3,0 %","10,0 %","23,5 %",–,"4,0 %","4,5 %",1.048,28.03.–09.04.,,
Allensbach,27.03.2025,"29,5 %","16,0 %","11,5 %","3,0 %","10,0 %","21,0 %",–,"4,0 %","5,0 %",1.031,27.02.–11.03.,,
Allensbach,21.02.2025,"32,0 %","14,5 %","12,0 %","4,5 %","7,5 %","20,0 %",–,"4,5 %","5,0 %",1.064,09.02.–20.02.,,
Allensbach,13.02.2025,"32,0 %","15,0 %","13,0 %","5,0 %","6,0 %","20,0 %",–,"4,0 %","5,0 %",1.021,31.01.–12.02.,,
Allensbach,23.01.2025,"34,0 %","17,0 %","13,5 %","4,0 %",–,"20,0 %",–,"5,0 %","6,5 %",1.015,07.01.–19.01.,,
Allensbach,20.12.2024,"36,0 %","16,0 %","12,0 %","4,0 %",–,"18,0 %",–,"6,0 %","8,0 %",1.006,30.11.–12.12.,,
Allensbach,22.11.2024,"37,0 %","15,0 %","10,0 %","4,0 %",–,"17,0 %",–,"7,5 %","9,5 %",1.049,02.11.–14.11.,,
Allensbach,18.10.2024,"36,0 %","15,0 %","10,5 %","4,5 %",–,"16,0 %",–,"9,0 %","9,0 %",1.041,28.09.–11.10.,,
Allensbach,19.09.2024,"35,5 %","16,0 %","10,0 %","4,0 %",–,"17,0 %",–,"9,0 %","8,5 %",1.017,29.08.–11.09.,,
Allensbach,22.08.2024,"34,0 %","16,0 %","11,5 %","5,0 %","3,0 %","16,0 %",–,"7,0 %","7,5 %",1.051,03.08.–15.08.,,
Allensbach,25.07.2024,"32,0 %","16,5 %","11,5 %","6,0 %",–,"17,0 %",–,"8,0 %","9,0 %",1.003,05.07.–19.07.,,
Allensbach,20.06.2024,"32,0 %","16,0 %","13,0 %","6,0 %","3,0 %","15,0 %",–,"7,0 %","8,0 %",1.084,01.06.–13.06.,,
Allensbach,24.05.2024,"32,5 %","17,5 %","13,0 %","6,0 %","3,0 %","14,0 %",–,"8,0 %","6,0 %",1.093,04.05.–16.05.,,
Allensbach,26.04.2024,"32,5 %","16,0 %","15,0 %","6,0 %","3,0 %","16,0 %",–,"7,0 %","4,5 %",1.041,05.04.–18.04.,,
Allensbach,21.03.2024,"34,0 %","15,0 %","14,0 %","5,0 %","3,0 %","16,0 %",–,"7,0 %","6,0 %",1.027,01.03.–14.03.,,
Allensbach,22.02.2024,"32,0 %","15,0 %","14,0 %","6,0 %","3,0 %","18,0 %",–,"7,0 %","5,0 %",1.053,03.02.–15.02.,,
Allensbach,25.01.2024,"34,0 %","15,0 %","13,5 %","6,0 %","4,0 %","19,5 %","3,0 %",–,"5,0 %",1.018,05.01.–18.01.,,
Allensbach,21.12.2023,"34,0 %","17,0 %","15,0 %","5,0 %","3,5 %","18,0 %","3,0 %",–,"4,5 %",1.013,01.12.–14.12.,,
Allensbach,23.11.2023,"32,0 %","17,0 %","13,5 %","6,0 %","3,5 %","19,0 %","4,0 %",–,5 %,1.047,03.11.–16.11.,,
Allensbach,25.10.2023,"34,0 %","17,0 %","13,0 %","5,0 %","3,0 %","19,0 %","4,0 %",–,5 %,1.010,06.10.–19.10.,,
Allensbach,21.09.2023,"30,0 %","18,0 %","14,0 %","7,0 %","5,0 %","19,0 %",–,–,"7,0 %",1.030,04.09.–15.09.,,
Allensbach,23.08.2023,"29,0 %","19,0 %","14,0 %","7,0 %","5,0 %","19,0 %",–,–,"7,0 %",1.026,04.08.–16.08.,,
Allensbach,27.07.2023,"29,0 %","19,0 %","16,0 %","7,0 %","4,0 %","18,0 %",–,–,"7,0 %",1.011,07.07.–19.07.,,
Allensbach,29.06.2023,"31,0 %","19,0 %","15,0 %","8,0 %","4,0 %","17,0 %",–,–,"6,0 %",1.039,09.06.–22.06.,,
Allensbach,18.05.2023,"32,0 %","18,0 %","16,0 %","8,0 %","5,0 %","15,0 %",–,–,"6,0 %",1.001,28.04.–10.05.,,
Allensbach,26.04.2023,"31,0 %","20,0 %","15,0 %","7,5 %","5,0 %","16,0 %",–,–,"5,5 %",1.007,03.04.–18.04.,,
Allensbach,23.03.2023,"31,0 %","21,0 %","16,0 %","6,5 %","4,5 %","15,0 %",–,–,"6,0 %",1.101,02.03.–15.03.,,
Allensbach,15.02.2023,"30,0 %","22,5 %","16,0 %","7,5 %","4,0 %","14,0 %",–,–,"6,0 %",1.088,27.01.–09.02.,,
Allensbach,26.01.2023,"31,0 %","21,0 %","17,0 %","6,0 %","4,5 %","14,0 %",–,–,"6,5 %",1.023,05.01.–18.01.,,
Allensbach,21.12.2022,"30,0 %","22,0 %","18,0 %","7,5 %","4,5 %","12,0 %",–,–,"6,0 %",1.035,02.12.–15.12.,,
Allensbach,24.11.2022,"29,5 %","20,0 %","20,0 %","7,0 %","4,0 %","14,0 %",–,–,"5,5 %",1.042,05.11.–17.11.,,
Allensbach,20.10.2022,"30,5 %","19,0 %","19,0 %","7,0 %","5,0 %","14,0 %",–,–,"5,5 %",1.021,01.10.–13.10.,,
Allensbach,16.09.2022,"30,0 %","20,0 %","19,0 %","7,0 %","5,5 %","13,0 %",–,–,"5,5 %",1.030,01.09.–14.09.,,
Allensbach,24.08.2022,"29,0 %","19,5 %","21,0 %","8,0 %","5,0 %","12,0 %",–,–,"5,5 %",1.038,05.08.–08.08.,,
Allensbach,27.07.2022,"27,5 %","22,0 %","22,0 %","7,0 %","5,0 %","11,0 %",–,–,"5,5 %",1.006,08.07.–21.07.,,
Allensbach,22.06.2022,"27,0 %","23,0 %","22,0 %","8,0 %","4,5 %","10,0 %",–,–,"5,5 %",1.046,03.06.–17.06.,,
Allensbach,27.05.2022,"29,0 %","24,0 %","20,5 %","8,0 %","4,5 %","9,0 %",–,–,"5,0 %",1.118,06.05.–18.05.,,
Allensbach,13.04.2022,"24,0 %","28,0 %","17,0 %","9,0 %","6,0 %","9,0 %",–,–,"7,0 %",1.075,25.03.–06.04.,,
Allensbach,24.03.2022,"25,0 %","25,0 %","17,0 %","10,5 %","5,0 %","10,0 %",–,–,"7,5 %",1.041,09.03.–21.03.,,
Allensbach,24.02.2022,"27,0 %","25,0 %","15,0 %","10,5 %","6,0 %","10,0 %",–,–,"6,5 %",1.033,03.02.–16.02.,,
Allensbach,26.01.2022,"23,0 %","27,5 %","14,5 %","12,5 %","5,5 %","10,0 %",–,–,"7,0 %",1.090,06.01.–20.01.,,
Allensbach,22.12.2021,"24,0 %","26,0 %","15,0 %","13,0 %","5,0 %","10,5 %",–,–,"6,5 %",1.069,01.12.–15.12.,,
Allensbach,18.11.2021,"23,0 %","27,0 %","15,0 %","14,0 %","5,5 %","9,5 %",–,–,"6,0 %",1.016,29.10.–11.11.,,
Allensbach,20.10.2021,"21,0 %","28,0 %","15,0 %","14,0 %","5,0 %","9,5 %",–,–,"7,5 %",1.045,01.10.–14.10.,,
Allensbach,24.09.2021,"25,0 %","26,0 %","16,0 %","10,5 %","5,0 %","10,0 %",–,–,"7,5 %",1.554,16.09.–23.09.,,
Allensbach,08.09.2021,"25,0 %","27,0 %","15,5 %","9,5 %","6,0 %","11,0 %",–,–,"6,0 %",1.258,01.09.–07.09.,,
Allensbach,28.08.2021,"26,0 %","24,0 %","17,0 %","10,5 %","6,0 %","10,5 %",–,–,"6,0 %",1.038,18.08.–26.08.,,
Allensbach,19.08.2021,"27,5 %","19,5 %","17,5 %","11,0 %","7,5 %","11,0 %",–,–,"6,0 %",1.018,05.08.–17.08.,,
Allensbach,28.07.2021,"30,0 %","16,0 %","19,5 %","12,0 %","7,0 %","9,5 %",–,–,"6,0 %",1.243,03.07.–22.07.,,
Allensbach,20.07.2021,"31,5 %","16,5 %","18,0 %","12,0 %","6,5 %","9,5 %",–,–,"6,0 %",1.028,03.07.–14.07.,,
Allensbach,16.06.2021,"29,5 %","17,0 %","21,5 %","11,0 %","7,0 %","9,0 %",–,–,"5,0 %",1.070,28.05.–09.06.,,
Allensbach,19.05.2021,"27,5 %","16,0 %","24,0 %","10,0 %","6,5 %","10,0 %",–,–,"6,0 %",1.027,01.05.–13.05.,,
Allensbach,21.04.2021,"28,0 %","16,5 %","23,0 %","10,0 %","7,5 %","9,5 %",–,–,"5,5 %",1.051,06.04.–15.04.,,
Allensbach,24.03.2021,"28,5 %","18,0 %","21,5 %","8,5 %","8,5 %","10,0 %",–,–,"5,0 %",1.006,08.03.–21.03.,,
Allensbach,25.02.2021,"37,0 %","15,0 %","20,0 %","7,0 %","7,0 %","9,5 %",–,–,"4,5 %",1.082,04.02.–17.02.,,
Allensbach,28.01.2021,"37,0 %","16,0 %","20,0 %","6,5 %","7,5 %","9,0 %",–,–,"4,0 %",1.080,10.01.–20.01.,,
Allensbach,16.12.2020,"37,0 %","16,5 %","19,0 %","7,0 %","7,0 %","9,0 %",–,–,"4,5 %",1.022,28.11.–10.12.,,
Allensbach,18.11.2020,"37,0 %","17,0 %","18,0 %","6,5 %","7,5 %","9,5 %",–,–,"4,5 %",1.286,01.11.–11.11.,,
Allensbach,23.10.2020,"35,5 %","17,0 %","20,0 %","6,0 %","7,0 %","10,0 %",–,–,"4,5 %",1.045,07.10.–20.10.,,
Allensbach,22.09.2020,"37,0 %","17,0 %","19,5 %","6,0 %","7,0 %","9,0 %",–,–,"4,5 %",1.043,04.09.–16.09.,,
Allensbach,27.08.2020,"38,0 %","17,0 %","19,0 %","5,5 %","7,0 %","9,0 %",–,–,"4,5 %",1.231,05.08.–18.08.,,
Allensbach,22.07.2020,"38,0 %","15,5 %","20,0 %","5,5 %","7,5 %","9,0 %",–,–,"4,5 %",1.237,03.07.–16.07.,,
Allensbach,18.06.2020,"40,0 %","16,0 %","18,5 %","4,5 %","7,0 %","9,5 %",–,–,"4,5 %",1.314,01.06.–13.06.,,
Allensbach,22.05.2020,"38,0 %","15,5 %","19,0 %","5,5 %","7,0 %","9,0 %",–,–,"6,0 %",1.013,06.05.–14.05.,,
Allensbach,24.04.2020,"38,0 %","16,0 %","19,0 %","6,0 %","7,0 %","9,0 %",–,–,"5,0 %",1.152,01.04.–15.04.,,
Allensbach,25.03.2020,"29,0 %","16,5 %","23,0 %","7,0 %","8,0 %","11,5 %",–,–,"5,0 %",1.219,05.03.–18.03.,,
Allensbach,19.02.2020,"27,5 %","14,5 %","23,0 %","8,0 %","9,5 %","13,0 %",–,–,"4,5 %",1.262,01.02.–12.02.,,
Allensbach,29.01.2020,"28,5 %","14,0 %","23,5 %","8,0 %","8,0 %","13,0 %",–,–,"5,0 %",1.273,09.01.–22.01.,,
Allensbach,19.12.2019,"28,5 %","15,0 %","21,0 %","7,0 %","8,5 %","15,0 %",–,–,"5,0 %",1.270,01.12.–11.12.,,
Allensbach,19.11.2019,"29,5 %","14,0 %","21,5 %","7,5 %","8,0 %","14,5 %",–,–,"5,0 %",1.298,02.11.–13.11.,,
Allensbach,16.10.2019,"29,5 %","16,0 %","23,5 %","6,5 %","7,0 %","13,0 %",–,–,"4,5 %",1.238,27.09.–10.10.,,
Allensbach,17.09.2019,"29,0 %","15,0 %","22,0 %","7,0 %","8,0 %","14,0 %",–,–,"5,0 %",1.255,01.09.–12.09.,,
Allensbach,21.08.2019,"29,5 %","13,5 %","24,0 %","7,0 %","8,0 %","12,5 %",–,–,"5,5 %",1.262,02.08.–15.08.,,
Allensbach,24.07.2019,"29,5 %","14,5 %","23,0 %","7,0 %","8,5 %","11,5 %",–,–,"6,0 %",1.228,01.07.–11.07.,,
Allensbach,21.06.2019,"29,0 %","12,0 %","25,0 %","8,0 %","8,0 %","12,0 %",–,–,"6,0 %",1.273,01.06.–12.06.,,
Allensbach,23.05.2019,"30,0 %","17,5 %","17,0 %","9,0 %","8,5 %","13,0 %",–,–,"5,0 %",1.283,03.05.–16.05.,,
Allensbach,18.04.2019,"30,0 %","18,5 %","18,0 %","9,0 %","8,0 %","12,5 %",–,–,"4,0 %",1.305,01.04.–12.04.,,
Allensbach,27.03.2019,"30,0 %","18,0 %","19,0 %","8,5 %","8,5 %","12,0 %",–,–,"4,0 %",1.198,07.03.–21.03.,,
Allensbach,19.02.2019,"30,0 %","18,0 %","18,5 %","8,0 %","8,0 %","13,5 %",–,–,"4,0 %",1.222,01.02.–13.02.,,
Allensbach,23.01.2019,"31,5 %","16,5 %","18,0 %","8,5 %","8,5 %","13,0 %",–,–,"4,0 %",1.249,05.01.–17.01.,,
Allensbach,20.12.2018,"29,0 %","16,5 %","19,0 %","8,5 %","9,0 %","14,0 %",–,–,"4,0 %",1.295,01.12.–12.12.,,
Allensbach,30.11.2018,"28,0 %","17,0 %","19,0 %","9,5 %","9,0 %","13,5 %",–,–,"4,0 %",1.242,02.11.–15.11.,,
Allensbach,18.10.2018,"29,0 %","19,0 %","15,0 %","8,5 %","9,0 %","15,0 %",–,–,"4,5 %",1.259,28.09.–11.10.,,
Allensbach,18.09.2018,"31,5 %","19,5 %","12,5 %","8,5 %","9,0 %","15,0 %",–,–,"4,0 %",1.258,01.09.–13.09.,,
Allensbach,15.08.2018,"31,0 %","20,0 %","12,5 %","9,0 %","9,0 %","14,5 %",–,–,"4,0 %",1.295,27.07.–09.08.,,
Allensbach,17.07.2018,"30,5 %","20,0 %","12,0 %","9,5 %","9,0 %","15,0 %",–,–,"4,0 %",1.295,01.07.–12.07.,,
Allensbach,20.06.2018,"33,0 %","21,0 %","11,0 %","9,5 %","9,5 %","13,0 %",–,–,"3,0 %",1.279,01.06.–13.06.,,
Allensbach,17.05.2018,"34,0 %","20,0 %","11,0 %","9,0 %","10,0 %","11,5 %",–,–,"4,5 %",1.253,24.04.–08.05.,,
Allensbach,25.04.2018,"34,0 %","20,5 %","11,0 %","10,0 %","9,0 %","12,0 %",–,–,"3,5 %",1.279,03.04.–17.04.,,
Allensbach,21.03.2018,"34,0 %","19,0 %","11,0 %","10,0 %","10,0 %","12,5 %",–,–,"3,5 %",1.256,02.03.–15.03.,,
Allensbach,23.02.2018,"32,0 %","17,5 %","12,0 %","11,0 %","9,5 %","13,0 %",–,–,"5,0 %",1.271,02.02.–15.02.,,
Allensbach,25.01.2018,"34,0 %","21,0 %","10,5 %","10,0 %","8,5 %","12,0 %",–,–,"4,0 %",1.221,05.01.–18.01.,,
Allensbach,21.12.2017,"34,0 %","21,0 %","11,5 %","10,0 %","9,0 %","11,0 %",–,–,"3,5 %",1.443,01.12.–14.12.,,
Allensbach,30.11.2017,"33,0 %","21,5 %","11,0 %","10,0 %","9,0 %","11,0 %",–,–,"4,5 %",1.299,22.11.–27.11.,,
Allensbach,25.10.2017,"33,0 %","20,5 %","9,5 %","12,0 %","9,0 %","12,0 %",–,–,"4,0 %",1.454,07.10.–19.10.,,
Allensbach,22.09.2017,"36,0 %","22,0 %","8,0 %","10,5 %","9,5 %","10,0 %",,,"4,0 %",1.074,13.09.–20.09.,,
Allensbach,19.09.2017,"36,5 %","22,0 %","8,0 %","11,0 %","9,0 %","10,0 %",,,"3,5 %",1.083,06.09.–14.09.,,
Allensbach,06.09.2017,"38,5 %","24,0 %","7,5 %","10,0 %","8,0 %","8,0 %",,,"4,0 %",1.043,22.08.–31.08.,,
Allensbach,22.08.2017,"39,5 %","24,0 %","7,5 %","10,0 %","8,0 %","7,0 %",,,"4,0 %",1.421,04.08.–17.08.,,
Allensbach,18.07.2017,"39,5 %","25,0 %","7,0 %","9,0 %","9,0 %","7,0 %",,,"3,5 %",1.403,01.07.–12.07.,,
Allensbach,20.06.2017,"40,0 %","24,0 %","7,0 %","10,5 %","8,5 %","6,5 %",,,"3,5 %",1.437,01.06.–15.06.,,
Allensbach,26.05.2017,"37,0 %","26,0 %","8,0 %","9,0 %","8,0 %","8,0 %",,,"4,0 %",1.457,05.05.–19.05.,,
Allensbach,25.04.2017,"36,0 %","31,0 %","7,0 %","6,0 %","9,0 %","7,0 %",,,"4,0 %",1.407,01.04.–13.04.,,
Allensbach,28.03.2017,"34,0 %","33,0 %","7,5 %","6,5 %","8,0 %","7,0 %",,,"4,0 %",1.397,06.03.–19.03.,,
Allensbach,22.02.2017,"33,0 %","30,5 %","8,0 %","7,0 %","8,0 %","8,5 %",,,"5,0 %",1.542,01.02.–15.02.,,
Allensbach,26.01.2017,"36,0 %","23,0 %","9,0 %","7,0 %","9,5 %","11,5 %",,,"4,0 %",1.441,05.01.–19.01.,,
Allensbach,22.12.2016,"35,5 %","22,0 %","10,0 %","7,5 %","9,5 %","10,5 %",,,"5,0 %",1.459,01.12.–15.12.,,
Allensbach,16.11.2016,"34,0 %","23,0 %","11,0 %","7,5 %","9,0 %","10,5 %",,,"5,0 %",1.436,28.10.–10.11.,,
Allensbach,20.10.2016,"33,0 %","22,0 %","12,0 %","7,5 %","9,0 %","12,5 %",,,"4,0 %",1.458,01.10.–13.10.,,
Allensbach,22.09.2016,"33,5 %","24,0 %","11,0 %","7,0 %","7,0 %","12,5 %",,,"5,0 %",1.407,03.09.–15.09.,,
Allensbach,24.08.2016,"34,5 %","23,0 %","11,5 %","7,5 %","9,0 %","10,0 %",,,"4,5 %",1.496,03.08.–17.08.,,
Allensbach,21.07.2016,"35,5 %","22,5 %","12,0 %","7,0 %","9,5 %","9,5 %",,,"4,0 %",1.466,01.07.–14.07.,,
Allensbach,15.06.2016,"33,5 %","21,0 %","12,0 %","8,0 %","9,0 %","11,5 %",,,"5,0 %",1.396,27.05.–09.06.,,
Allensbach,17.05.2016,"33,5 %","21,0 %","11,5 %","8,0 %","9,0 %","12,5 %",,,"4,5 %",1.474,28.04.–12.05.,,
Allensbach,20.04.2016,"33,5 %","23,0 %","11,0 %","8,0 %","9,0 %","10,5 %",,,"5,0 %",1.388,01.04.–14.04.,,
Allensbach,18.03.2016,"35,0 %","24,5 %","10,0 %","7,0 %","9,0 %","10,5 %",,,"4,0 %",1.456,26.02.–10.03.,,
Allensbach,17.02.2016,"33,5 %","24,0 %","10,0 %","7,0 %","10,0 %","10,5 %",,,"5,0 %",1.521,01.02.–11.02.,,
Allensbach,26.01.2016,"35,0 %","25,0 %","9,0 %","6,5 %","9,5 %","10,0 %",,,"5,0 %",1.431,07.01.–21.01.,,
Allensbach,16.12.2015,"38,0 %","26,0 %","9,5 %","5,0 %","8,5 %","8,0 %",,,"5,0 %",1.457,28.11.–10.12.,,
Allensbach,19.11.2015,"37,5 %","26,0 %","9,5 %","5,5 %","9,5 %","7,0 %",,,"5,0 %",1.448,01.11.–11.11.,,
Allensbach,20.10.2015,"38,0 %","26,0 %","9,5 %","5,5 %","9,0 %","7,0 %",,,"5,0 %",≈1.400,03.10.–16.10.,,
Allensbach,16.09.2015,"42,0 %","25,5 %","9,5 %","6,0 %","8,5 %","3,5 %",,,"5,0 %",≈1.400,01.09.–12.09.,,
Allensbach,19.08.2015,"41,5 %","26,0 %","9,5 %","5,5 %","9,0 %","3,5 %",,,"5,0 %",≈1.400,01.08.–14.08.,,
Allensbach,16.07.2015,"40,5 %","25,5 %","10,0 %","5,5 %","9,5 %","4,0 %",,,"5,0 %",≈1.200,01.07.–13.07.,,
Allensbach,18.06.2015,"41,5 %","26,0 %","10,0 %","5,0 %","8,5 %","4,0 %",,,"5,0 %",≈1.400,01.06.–14.06.,,
Allensbach,21.05.2015,"41,5 %","25,5 %","9,5 %","5,0 %","9,0 %","5,0 %",,,"4,5 %",1.450,02.05.–08.05.,,
Allensbach,16.04.2015,"40,5 %","26,5 %","9,5 %","5,0 %","8,5 %","6,0 %",,,"4,0 %",1.430,28.03.–10.04.,,
Allensbach,19.03.2015,"41,5 %","26,0 %","9,5 %","5,0 %","8,0 %","6,0 %",,,"4,0 %",1.500,01.03.–12.03.,,
Allensbach,19.02.2015,"41,0 %","25,5 %","9,5 %","5,0 %","9,0 %","6,0 %",,,"4,0 %",1.400,01.02.–12.02.,,
Allensbach,28.01.2015,"41,5 %","25,0 %","10,5 %","4,0 %","8,5 %","6,0 %",,,"4,5 %",1.455,09.01.–23.01.,,
Allensbach,17.12.2014,"40,5 %","26,0 %","9,5 %","3,5 %","8,5 %","7,0 %",,,"5,0 %",1.505,01.12.–12.12.,,
Allensbach,19.11.2014,"40,5 %","27,0 %","9,5 %","3,5 %","8,0 %","6,5 %",,,"5,0 %",?,01.11.–13.11.,,
Allensbach,21.10.2014,"39,5 %","26,0 %","10,5 %","3,0 %","8,5 %","7,5 %",,,"5,0 %",?,04.10.–16.10.,,
Allensbach,17.09.2014,"41,0 %","25,5 %","10,0 %","4,0 %","8,5 %","6,5 %",,,"4,5 %",?,01.09.–11.09.,,
Allensbach,20.08.2014,"41,0 %","26,5 %","10,0 %","3,0 %","8,0 %","6,5 %",,,"5,0 %",?,21.07.–05.08.,,
Allensbach,16.07.2014,"40,5 %","25,0 %","11,0 %","3,5 %","8,5 %","6,0 %",,,"5,5 %",?,28.06.–11.07.,,
Allensbach,20.06.2014,"40,0 %","26,0 %","10,0 %","4,0 %","8,0 %","6,0 %",,,"6,0 %",?,28.05.–13.06.,,
Allensbach,14.05.2014,"39,5 %","26,0 %","10,5 %","5,0 %","8,0 %","5,5 %",,,"5,5 %",?,25.04.–09.05.,,
Allensbach,16.04.2014,"40,0 %","26,5 %","11,0 %","4,5 %","8,0 %","5,0 %",,,"5,0 %",1.571,28.03.–10.04.,,
Allensbach,19.03.2014,"40,5 %","25,0 %","10,0 %","5,0 %","9,0 %","5,0 %",,,"5,5 %",?,01.03.–13.03.,,
Allensbach,20.02.2014,"40,0 %","26,5 %","10,5 %","4,0 %","9,0 %","5,0 %",,,"5,0 %",?,01.02.–13.02.,,
Allensbach,29.01.2014,"40,0 %","26,0 %","10,0 %","5,0 %","8,5 %","5,0 %",,,"5,5 %",?,10.01.–23.01.,,
Allensbach,19.12.2013,"41,5 %","25,5 %","10,5 %","4,0 %","9,0 %","4,5 %",,,"5,0 %",?,01.12.–12.12.,,
Allensbach,27.11.2013,"40,0 %","26,5 %","10,0 %","4,0 %","9,5 %","5,0 %",,,"5,0 %",?,08.11.–21.11.,,
Allensbach,23.10.2013,"41,0 %","25,0 %","9,0 %","5,0 %","9,0 %","5,5 %",,,"5,5 %",?,01.10.–16.10.,,
Allensbach,20.09.2013,"39,5 %","27,0 %","9,0 %","5,5 %","9,0 %","4,5 %",,,"3,5 %",1.070,16.09.–19.09.,"2,0 %",
Allensbach,18.09.2013,"39,0 %","26,0 %","11,0 %","6,0 %","9,0 %","3,5 %",,,"3,5 %",1.269,03.09.–13.09.,"2,0 %",
Allensbach,04.09.2013,"40,0 %","25,0 %","12,5 %","6,0 %","7,5 %","3,0 %",,,"3,5 %",1.548,20.08.–31.08.,"2,5 %",
Allensbach,21.08.2013,"39,0 %","24,5 %","13,5 %","7,0 %","7,0 %","3,0 %",,,"4,0 %",1.553,03.08.–15.08.,"2,0 %",
Allensbach,12.07.2013,"40,0 %","25,5 %","12,5 %","6,5 %","6,0 %","3,5 %",,,"4,0 %",1.583,01.07.–11.07.,"2,0 %",
Allensbach,19.06.2013,"38,0 %","26,0 %","14,0 %","6,0 %","7,0 %","3,0 %",,,"4,0 %",1.490,01.06.–14.06.,"2,0 %",
Allensbach,22.05.2013,"39,0 %","27,0 %","13,0 %","6,0 %","6,0 %","3,5 %",,,"3,0 %",1.503,04.05.–17.05.,"2,5 %",
Allensbach,03.05.2013,"38,5 %","26,0 %","15,0 %","5,5 %","6,0 %","3,5 %",,,"2,5 %",?.???,15.04.–30.04.,"3,0 %",
Allensbach,17.04.2013,"38,5 %","28,0 %","15,0 %","5,0 %","7,0 %",–,,,"3,5 %",1.548,27.03.–12.04.,"3,0 %",
Allensbach,20.03.2013,"39,5 %","26,5 %","15,5 %","6,0 %","6,0 %",–,,,"4,0 %",1.5??,01.03.–14.03.,"2,5 %",
Allensbach,20.02.2013,"39,0 %","27,0 %","15,0 %","6,0 %","6,5 %",–,,,"3,5 %",,01.02.–14.02.,"3,0 %",
Verian,25.09.2026,20 %,14 %,15 %,4 %,12 %,28 %,–,3 %,4 %,1.464,16.09.–22.09.,,
Verian,28.08.2026,20 %,13 %,16 %,4 %,12 %,28 %,–,2 %,5 %,1.451,19.08.–25.08.,,
Verian,31.07.2026,21 %,13 %,15 %,4 %,12 %,27 %,–,3 %,5 %,1.456,22.07.–28.07.,,
Verian,03.07.2026,22 %,13 %,15 %,4 %,11 %,27 %,–,3 %,5 %,1.470,24.06.–30.06.,,
Verian,03.06.2026,23 %,13 %,15 %,4 %,10 %,27 %,–,2 %,6 %,1.454,27.05.–02.06.,,
Verian,08.05.2026,24 %,13 %,15 %,4 %,10 %,25 %,–,3 %,6 %,1.448,28.04.–05.05.,,
Verian,10.04.2026,25 %,14 %,14 %,3 %,11 %,25 %,–,3 %,5 %,1.460,30.03.–07.04.,,
Verian,12.03.2026,26 %,15 %,13 %,3 %,11 %,23 %,–,3 %,6 %,1.471,04.03.–10.03.,,
Verian,11.02.2026,25 %,15 %,12 %,4 %,11 %,24 %,–,3 %,6 %,1.472,04.02.–10.02.,,
Verian,16.01.2026,26 %,15 %,13 %,3 %,10 %,25 %,–,3 %,5 %,1.455,07.01.–13.01.,,
Verian,10.12.2025,25 %,14 %,12 %,3 %,11 %,25 %,3 %,4 %,3 %,1.443,03.12.–09.12.,,
Verian,07.11.2025,26 %,15 %,12 %,3 %,10 %,25 %,–,3 %,6 %,1.471,28.10.–04.11.,,
Verian,10.10.2025,25 %,15 %,12 %,3 %,10 %,25 %,–,4 %,6 %,1.478,30.09.–07.10.,,
Verian,10.09.2025,26 %,15 %,11 %,3 %,11 %,25 %,–,4 %,5 %,1.460,03.09.–09.09.,,
Verian,15.08.2025,26 %,14 %,12 %,4 %,10 %,25 %,–,3 %,6 %,1.464,06.08.–12.08.,,
Verian,01.08.2025,27 %,14 %,12 %,4 %,11 %,24 %,–,3 %,5 %,1.473,23.07.–29.07.,,
Verian,19.06.2025,28 %,15 %,12 %,3 %,10 %,23 %,–,4 %,5 %,1.462,11.06.–17.06.,,
Verian,21.05.2025,26 %,15 %,12 %,3 %,11 %,23 %,–,4 %,6 %,1.468,14.05.–20.05.,,
Verian,25.04.2025,26 %,16 %,12 %,3 %,9 %,24 %,–,4 %,6 %,1.469,15.04.–22.04.,,
Verian,28.03.2025,27 %,15 %,13 %,3 %,10 %,22 %,–,4 %,6 %,1.381,19.03.–25.03.,,
Verian,31.01.2025,30 %,15 %,14 %,4 %,4 %,20 %,–,5 %,8 %,1.461,22.01.–28.01.,,
Verian,20.12.2024,31 %,17 %,14 %,4 %,3 %,18 %,–,5 %,8 %,1.452,11.12.–17.12.,,
Verian,29.11.2024,32 %,15 %,13 %,4 %,3 %,18 %,–,6 %,9 %,1.432,20.11.–26.11.,,
Verian,01.11.2024,32 %,16 %,11 %,3 %,3 %,17 %,–,8 %,10 %,1.443,23.10.–29.10.,,
Verian,04.10.2024,31 %,16 %,11 %,4 %,3 %,17 %,3 %,7 %,8 %,1.452,25.09.–01.10.,,
Verian,06.09.2024,31 %,15 %,12 %,4 %,3 %,17 %,–,8 %,10 %,1.427,28.08.–03.09.,,
Verian,09.08.2024,31 %,16 %,13 %,5 %,3 %,16 %,–,7 %,9 %,1.449,31.07.–06.08.,,
Verian,12.07.2024,31 %,15 %,13 %,5 %,3 %,16 %,–,7 %,10 %,1.486,03.07.–09.07.,,
Verian,12.06.2024,30 %,16 %,13 %,5 %,3 %,17 %,3 %,6 %,7 %,1.425,05.06.–11.06.,,
Verian,17.05.2024,30 %,16 %,14 %,5 %,4 %,16 %,3 %,5 %,7 %,1.506,07.05.–14.05.,,
Verian,19.04.2024,30 %,16 %,14 %,5 %,3 %,18 %,3 %,5 %,6 %,1.445,10.04.–16.04.,,
Verian,22.03.2024,29 %,17 %,15 %,5 %,3 %,18 %,–,5 %,8 %,1.480,13.03.–19.03.,,
Verian,02.03.2024,30 %,16 %,15 %,5 %,3 %,18 %,–,4 %,9 %,1.392,21.02.–27.02.,,
Verian,24.02.2024,29 %,16 %,15 %,4 %,3 %,19 %,–,5 %,9 %,1.505,14.02.–20.02.,,
Verian,27.01.2024,29 %,16 %,16 %,4 %,4 %,19 %,–,3 %,9 %,1.922,16.01.–23.01.,,
Verian,20.01.2024,31 %,14 %,16 %,4 %,4 %,22 %,3 %,–,6 %,1.359,09.01.–11.01.,,
Verian,23.12.2023,31 %,15 %,15 %,4 %,4 %,21 %,–,–,10 %,1.421,07.12.–13.12.,,
Verian,16.12.2023,30 %,15 %,16 %,5 %,4 %,20 %,–,–,10 %,1.515,06.12.–12.12.,,
Verian,09.12.2023,30 %,14 %,17 %,4 %,4 %,20 %,–,–,11 %,1.402,29.11.–05.12.,,
Verian,02.12.2023,29 %,17 %,16 %,5 %,4 %,19 %,–,–,10 %,1.806,20.11.–28.11.,,
Verian,25.11.2023,29 %,16 %,17 %,5 %,4 %,20 %,–,–,9 %,1.452,14.11.–21.11.,,
Verian,18.11.2023,28 %,16 %,16 %,6 %,4 %,20 %,–,–,10 %,1.421,08.11.–14.11.,,
Verian,11.11.2023,28 %,16 %,16 %,6 %,4 %,20 %,3 %,–,7 %,1.443,25.10.–07.11.,,
Verian,04.11.2023,27 %,17 %,16 %,5 %,4 %,21 %,–,–,10 %,1.418,19.10.–25.10.,,
Verian,28.10.2023,28 %,16 %,16 %,5 %,5 %,20 %,–,–,10 %,1.422,18.10.–24.10.,,
Verian,21.10.2023,31 %,14 %,15 %,5 %,4 %,21 %,3 %,–,7 %,1.388,11.10.–17.10.,,
Verian,14.10.2023,27 %,16 %,15 %,6 %,5 %,22 %,3 %,–,6 %,1.386,27.09.–10.10.,,
Verian,07.10.2023,26 %,16 %,16 %,7 %,5 %,21 %,–,–,9 %,1.391,26.09.–28.09.,,
Verian,30.09.2023,27 %,16 %,15 %,7 %,5 %,21 %,–,–,9 %,1.356,20.09.–26.09.,,
Verian,23.09.2023,27 %,17 %,15 %,7 %,4 %,21 %,–,–,9 %,1.370,13.09.–19.09.,,
Verian,16.09.2023,26 %,16 %,15 %,7 %,5 %,22 %,–,–,9 %,1.442,06.09.–12.09.,,
Verian,09.09.2023,26 %,17 %,15 %,6 %,5 %,21 %,–,–,10 %,1.441,30.08.–05.09.,,
Verian,02.09.2023,25 %,18 %,15 %,7 %,5 %,20 %,–,–,10 %,1.330,23.08.–29.08.,,
Verian,26.08.2023,26 %,18 %,14 %,7 %,5 %,20 %,–,–,10 %,1.435,16.08.–22.08.,,
Verian,19.08.2023,26 %,18 %,15 %,7 %,5 %,19 %,–,–,10 %,1.426,09.08.–15.08.,,
Verian,12.08.2023,27 %,19 %,16 %,6 %,6 %,18 %,–,–,8 %,1.330,01.08.–08.08.,,
Verian,05.08.2023,27 %,19 %,16 %,6 %,5 %,19 %,–,–,8 %,1.310,19.07.–02.08.,,
Verian,29.07.2023,27 %,18 %,16 %,6 %,5 %,20 %,–,–,8 %,1.402,13.07.–19.07.,,
Verian,22.07.2023,26 %,18 %,16 %,7 %,5 %,20 %,–,–,8 %,1.403,12.07.–18.07.,,
Verian,15.07.2023,26 %,19 %,15 %,7 %,5 %,20 %,–,–,8 %,1.393,29.06.–05.07.,,
Verian,08.07.2023,27 %,18 %,15 %,6 %,5 %,20 %,–,–,9 %,1.403,28.06.–04.07.,,
Verian,01.07.2023,26 %,18 %,15 %,7 %,5 %,19 %,–,–,10 %,1.408,20.06.–27.06.,,
Verian,24.06.2023,27 %,19 %,15 %,7 %,4 %,20 %,–,–,8 %,1.406,14.06.–20.06.,,
Verian,17.06.2023,27 %,20 %,15 %,6 %,5 %,19 %,–,–,8 %,1.387,06.06.–13.06.,,
Verian,10.06.2023,27 %,20 %,15 %,7 %,5 %,18 %,–,–,8 %,1.402,31.05.–06.06.,,
Verian,03.06.2023,27 %,20 %,15 %,8 %,5 %,17 %,–,–,8 %,1.379,23.05.–30.05.,,
Verian,27.05.2023,29 %,18 %,15 %,8 %,5 %,16 %,–,–,9 %,1.321,16.05.–23.05.,,
Verian,20.05.2023,28 %,18 %,16 %,8 %,5 %,16 %,–,–,9 %,1.401,09.05.–16.05.,,
Verian,13.05.2023,29 %,18 %,17 %,8 %,5 %,16 %,–,–,7 %,1.405,03.05.–09.05.,,
Verian,06.05.2023,31 %,17 %,16 %,8 %,4 %,16 %,–,–,8 %,1.394,26.04.–02.05.,,
Verian,29.04.2023,30 %,18 %,16 %,7 %,5 %,16 %,–,–,8 %,1.426,18.04.–25.04.,,
Verian,22.04.2023,29 %,19 %,17 %,7 %,4 %,15 %,–,–,9 %,1.407,12.04.–18.04.,,
Verian,15.04.2023,27 %,21 %,17 %,8 %,5 %,14 %,–,–,8 %,1.367,05.04.–11.04.,,
Verian,08.04.2023,27 %,20 %,18 %,8 %,5 %,14 %,–,–,8 %,1.269,29.03.–04.04.,,
Verian,01.04.2023,28 %,18 %,19 %,7 %,4 %,15 %,–,–,9 %,1.387,21.03.–28.03.,,
Verian,25.03.2023,28 %,18 %,18 %,7 %,5 %,15 %,–,–,9 %,1.504,14.03.–21.03.,,
Verian,18.03.2023,28 %,19 %,18 %,7 %,5 %,15 %,–,–,8 %,1.423,08.03.–14.03.,,
Verian,11.03.2023,29 %,19 %,19 %,7 %,5 %,13 %,–,–,8 %,1.504,01.03.–07.03.,,
Verian,04.03.2023,28 %,20 %,18 %,6 %,6 %,14 %,–,–,8 %,1.722,21.02.–28.02.,,
Verian,25.02.2023,29 %,21 %,17 %,6 %,5 %,15 %,–,–,7 %,1.373,14.02.–21.02.,,
Verian,18.02.2023,26 %,21 %,18 %,7 %,5 %,15 %,–,–,8 %,1.386,08.02.–14.02.,,
Verian,11.02.2023,25 %,21 %,19 %,7 %,5 %,15 %,–,–,8 %,1.410,31.01.–07.02.,,
Verian,04.02.2023,25 %,21 %,19 %,7 %,5 %,15 %,–,–,8 %,1.405,25.01.–31.01.,,
Verian,28.01.2023,27 %,21 %,19 %,7 %,5 %,14 %,–,–,7 %,1.392,18.01.–24.01.,,
Verian,21.01.2023,27 %,20 %,20 %,6 %,5 %,14 %,–,–,8 %,1.418,11.01.–17.01.,,
Verian,14.01.2023,28 %,19 %,18 %,7 %,4 %,14 %,–,–,10 %,1.398,04.01.–10.01.,,
Verian,24.12.2022,29 %,19 %,18 %,7 %,5 %,14 %,–,–,8 %,1.717,13.12.–15.12.,,
Verian,17.12.2022,28 %,18 %,19 %,7 %,5 %,14 %,–,–,9 %,1.429,07.12.–12.12.,,
Verian,10.12.2022,27 %,19 %,19 %,6 %,5 %,15 %,–,–,9 %,1.443,30.11.–06.12.,,
Verian,03.12.2022,27 %,18 %,20 %,7 %,5 %,14 %,–,–,9 %,1.414,22.11.–29.11.,,
Verian,26.11.2022,29 %,19 %,19 %,7 %,4 %,13 %,–,–,9 %,1.430,15.11.–22.11.,,
Verian,19.11.2022,27 %,20 %,19 %,7 %,5 %,13 %,–,–,9 %,1.443,09.11.–15.11.,,
Verian,12.11.2022,26 %,21 %,20 %,7 %,5 %,14 %,–,–,7 %,1.442,02.11.–08.11.,,
Verian,05.11.2022,26 %,21 %,19 %,8 %,5 %,14 %,–,–,7 %,1.516,25.10.–02.11.,,
Verian,29.10.2022,25 %,21 %,20 %,7 %,5 %,15 %,–,–,7 %,1.406,19.10.–25.10.,,
Verian,22.10.2022,23 %,22 %,20 %,7 %,4 %,16 %,–,–,8 %,1.435,12.10.–18.10.,,
Verian,15.10.2022,25 %,20 %,21 %,6 %,5 %,15 %,–,–,8 %,1.433,05.10.–11.10.,,
Verian,08.10.2022,27 %,18 %,20 %,8 %,6 %,14 %,–,–,7 %,1.864,28.09.–04.10.,,
Verian,01.10.2022,27 %,19 %,21 %,8 %,5 %,13 %,–,–,7 %,1.381,22.09.–27.09.,,
Verian,24.09.2022,27 %,19 %,20 %,7 %,5 %,14 %,–,–,8 %,1.444,14.09.–20.09.,,
Verian,17.09.2022,26 %,20 %,21 %,7 %,5 %,13 %,–,–,8 %,1.443,07.09.–13.09.,,
Verian,10.09.2022,25 %,20 %,21 %,8 %,5 %,12 %,–,–,9 %,1.416,31.08.–06.09.,,
Verian,03.09.2022,24 %,21 %,22 %,8 %,5 %,12 %,–,–,8 %,1.411,24.08.–30.08.,,
Verian,27.08.2022,26 %,19 %,23 %,7 %,5 %,12 %,–,–,8 %,1.431,17.08.–23.08.,,
Verian,20.08.2022,28 %,20 %,23 %,6 %,4 %,12 %,–,–,7 %,1.429,10.08.–16.08.,,
Verian,13.08.2022,27 %,21 %,22 %,7 %,5 %,11 %,–,–,7 %,1.422,03.08.–09.08.,,
Verian,06.08.2022,25 %,21 %,23 %,6 %,5 %,11 %,–,–,9 %,1.426,26.07.–02.08.,,
Verian,30.07.2022,26 %,21 %,22 %,7 %,5 %,11 %,–,–,8 %,1.413,19.07.–26.07.,,
Verian,23.07.2022,25 %,19 %,23 %,8 %,5 %,11 %,–,–,9 %,1.392,13.07.–19.07.,,
Verian,16.07.2022,25 %,20 %,24 %,8 %,4 %,11 %,–,–,8 %,1.433,06.07.–12.07.,,
Verian,09.07.2022,25 %,20 %,24 %,7 %,5 %,10 %,–,–,9 %,1.426,28.06.–05.07.,,
Verian,02.07.2022,26 %,20 %,25 %,8 %,4 %,10 %,–,–,7 %,1.410,21.06.–28.06.,,
Verian,25.06.2022,26 %,20 %,24 %,8 %,4 %,10 %,–,–,8 %,1.769,14.06.–21.06.,,
Verian,18.06.2022,28 %,20 %,22 %,8 %,4 %,9 %,–,–,9 %,1.895,08.06.–14.06.,,
Verian,11.06.2022,26 %,22 %,23 %,9 %,4 %,8 %,–,–,8 %,1.428,01.06.–07.06.,,
Verian,04.06.2022,28 %,20 %,23 %,8 %,4 %,8 %,–,–,9 %,1.428,24.05.–31.05.,,
Verian,28.05.2022,27 %,21 %,21 %,8 %,5 %,9 %,–,–,9 %,1.422,17.05.–24.05.,,
Verian,21.05.2022,26 %,22 %,21 %,8 %,5 %,10 %,–,–,8 %,1.425,11.05.–17.05.,,
Verian,14.05.2022,26 %,22 %,20 %,9 %,5 %,10 %,–,–,8 %,1.426,04.05.–10.05.,,
Verian,07.05.2022,27 %,23 %,19 %,9 %,5 %,9 %,–,–,8 %,1.570,26.04.–03.05.,,
Verian,30.04.2022,25 %,23 %,20 %,9 %,5 %,9 %,–,–,9 %,1.431,19.04.–26.04.,,
Verian,23.04.2022,25 %,25 %,19 %,9 %,4 %,9 %,–,–,9 %,1.715,12.04.–19.04.,,
Verian,16.04.2022,25 %,26 %,19 %,8 %,4 %,10 %,–,–,8 %,1.960,06.04.–12.04.,,
Verian,09.04.2022,25 %,27 %,19 %,8 %,4 %,10 %,–,–,7 %,1.437,30.03.–05.04.,,
Verian,02.04.2022,26 %,25 %,18 %,9 %,5 %,9 %,–,–,8 %,1.428,23.03.–29.03.,,
Verian,26.03.2022,25 %,26 %,18 %,9 %,6 %,9 %,–,–,7 %,1.429,16.03.–22.03.,,
Verian,19.03.2022,26 %,26 %,19 %,8 %,5 %,9 %,–,–,7 %,1.416,09.03.–15.03.,,
Verian,12.03.2022,26 %,25 %,19 %,8 %,5 %,10 %,–,–,7 %,1.426,02.03.–08.03.,,
Verian,05.03.2022,26 %,26 %,17 %,8 %,6 %,10 %,–,–,7 %,1.405,23.02.–01.03.,,
Verian,26.02.2022,25 %,26 %,17 %,9 %,7 %,10 %,–,–,6 %,1.432,16.02.–22.02.,,
Verian,19.02.2022,24 %,24 %,16 %,10 %,6 %,12 %,–,–,8 %,1.434,08.02.–15.02.,,
Verian,12.02.2022,26 %,22 %,16 %,10 %,6 %,12 %,–,–,8 %,1.287,01.02.–08.02.,,
Verian,05.02.2022,24 %,24 %,17 %,9 %,6 %,11 %,–,–,9 %,1.410,26.01.–01.02.,,
Verian,29.01.2022,24 %,24 %,18 %,10 %,6 %,10 %,–,–,8 %,1.415,19.01.–25.01.,,
Verian,22.01.2022,22 %,26 %,17 %,9 %,6 %,12 %,–,–,8 %,1.441,12.01.–18.01.,,
Verian,15.01.2022,23 %,26 %,17 %,10 %,6 %,10 %,–,–,8 %,1.426,05.01.–11.01.,,
Verian,27.12.2021,22 %,27 %,16 %,11 %,5 %,11 %,–,–,8 %,1.436,14.12.–16.12.,,
Verian,18.12.2021,22 %,27 %,16 %,11 %,5 %,10 %,–,–,9 %,1.440,08.12.–14.12.,,
Verian,11.12.2021,21 %,28 %,15 %,11 %,5 %,11 %,3 %,–,6 %,1.439,01.12.–07.12.,,
Verian,04.12.2021,20 %,27 %,16 %,12 %,6 %,11 %,–,–,8 %,1.425,24.11.–30.11.,,
Verian,27.11.2021,22 %,24 %,18 %,11 %,6 %,11 %,–,–,8 %,1.424,17.11.–23.11.,,
Verian,20.11.2021,21 %,24 %,18 %,12 %,6 %,11 %,–,–,8 %,1.433,10.11.–16.11.,,
Verian,13.11.2021,21 %,25 %,16 %,14 %,6 %,10 %,–,–,8 %,1.424,03.11.–09.11.,,
Verian,06.11.2021,22 %,25 %,16 %,13 %,5 %,10 %,3 %,–,6 %,1.417,27.10.–02.11.,,
Verian,30.10.2021,21 %,25 %,17 %,14 %,5 %,11 %,–,–,7 %,1.422,19.10.–26.10.,,
Verian,23.10.2021,21 %,25 %,16 %,13 %,5 %,11 %,–,–,9 %,1.424,13.10.–19.10.,,
Verian,14.10.2021,19 %,26 %,17 %,14 %,5 %,10 %,–,–,9 %,1.410,06.10.–12.10.,,
Verian,09.10.2021,20 %,26 %,17 %,13 %,5 %,10 %,3 %,–,6 %,1.985,28.09.–05.10.,,
Verian,23.09.2021,21 %,25 %,16 %,11 %,7 %,11 %,–,–,9 %,1.433,15.09.–21.09.,,
Verian,16.09.2021,20 %,26 %,17 %,11 %,6 %,12 %,–,–,8 %,1.543,08.09.–14.09.,,
Verian,09.09.2021,21 %,25 %,17 %,12 %,6 %,12 %,–,–,7 %,1.901,01.09.–07.09.,,
Verian,02.09.2021,21 %,25 %,19 %,11 %,7 %,11 %,–,–,6 %,1.439,25.08.–31.08.,,
Verian,26.08.2021,23 %,23 %,18 %,12 %,7 %,11 %,–,–,6 %,1.919,18.08.–24.08.,,
Verian,19.08.2021,22 %,21 %,19 %,12 %,7 %,11 %,–,–,8 %,1.920,11.08.–17.08.,,
Verian,11.08.2021,22 %,19 %,21 %,12 %,7 %,11 %,–,–,8 %,1.446,04.08.–10.08.,,
Verian,04.08.2021,24 %,18 %,22 %,13 %,6 %,11 %,–,–,6 %,1.413,28.07.–03.08.,,
Verian,30.07.2021,27 %,17 %,19 %,13 %,6 %,11 %,–,–,7 %,1.441,20.07.–27.07.,,
Verian,23.07.2021,28 %,16 %,19 %,12 %,7 %,11 %,–,–,7 %,1.421,14.07.–20.07.,,
Verian,16.07.2021,28 %,15 %,20 %,11 %,8 %,11 %,–,–,7 %,1.495,07.07.–13.07.,,
Verian,10.07.2021,29 %,15 %,19 %,11 %,8 %,11 %,–,–,7 %,1.405,29.06.–06.07.,,
Verian,02.07.2021,28 %,16 %,20 %,10 %,7 %,11 %,–,–,8 %,1.418,23.06.–29.06.,,
Verian,25.06.2021,28 %,17 %,19 %,11 %,7 %,10 %,–,–,8 %,1.430,15.06.–22.06.,,
Verian,18.06.2021,27 %,17 %,20 %,12 %,7 %,10 %,–,–,7 %,1.413,09.06.–15.06.,,
Verian,11.06.2021,26 %,16 %,21 %,13 %,7 %,11 %,–,–,6 %,1.421,02.06.–08.06.,,
Verian,05.06.2021,24 %,16 %,22 %,13 %,7 %,11 %,–,–,7 %,1.419,26.05.–01.06.,,
Verian,28.05.2021,25 %,15 %,23 %,12 %,7 %,12 %,–,–,6 %,1.422,19.05.–25.05.,,
Verian,21.05.2021,26 %,14 %,24 %,11 %,8 %,11 %,–,–,6 %,1.445,11.05.–18.05.,,
Verian,15.05.2021,24 %,15 %,25 %,11 %,8 %,11 %,–,–,6 %,1.428,06.05.–11.05.,,
Verian,08.05.2021,23 %,16 %,26 %,12 %,7 %,10 %,–,–,6 %,1.910,29.04.–05.05.,,
Verian,01.05.2021,24 %,15 %,27 %,11 %,7 %,10 %,–,–,6 %,1.442,22.04.–28.04.,,
Verian,24.04.2021,27 %,13 %,28 %,9 %,7 %,10 %,–,–,6 %,1.225,15.04.–21.04.,,
Verian,18.04.2021,29 %,15 %,22 %,9 %,8 %,11 %,–,–,6 %,1.437,08.04.–14.04.,,
Verian,11.04.2021,27 %,15 %,22 %,9 %,9 %,11 %,–,–,7 %,1.448,31.03.–07.04.,,
Verian,04.04.2021,26 %,16 %,23 %,9 %,9 %,10 %,–,–,7 %,1.429,25.03.–31.03.,,
Verian,27.03.2021,25 %,17 %,23 %,10 %,9 %,10 %,–,–,6 %,1.447,18.03.–24.03.,,
Verian,20.03.2021,27 %,17 %,22 %,10 %,8 %,10 %,–,–,6 %,1.942,11.03.–17.03.,,
Verian,14.03.2021,31 %,16 %,19 %,8 %,8 %,11 %,–,–,7 %,2.378,04.03.–10.03.,,
Verian,07.03.2021,32 %,16 %,19 %,9 %,9 %,10 %,–,–,5 %,2.410,25.02.–03.03.,,
Verian,27.02.2021,34 %,16 %,18 %,8 %,9 %,9 %,–,–,6 %,1.869,18.02.–24.02.,,
Verian,20.02.2021,34 %,16 %,19 %,8 %,8 %,9 %,–,–,6 %,1.905,11.02.–17.02.,,
Verian,14.02.2021,35 %,17 %,18 %,8 %,7 %,10 %,–,–,5 %,1.569,04.02.–10.02.,,
Verian,07.02.2021,36 %,16 %,19 %,7 %,7 %,9 %,–,–,6 %,1.412,28.01.–03.02.,,
Verian,31.01.2021,36 %,15 %,19 %,7 %,8 %,9 %,–,–,6 %,1.427,21.01.–27.01.,,
Verian,24.01.2021,35 %,15 %,20 %,7 %,8 %,9 %,–,–,6 %,1.922,14.01.–20.01.,,
Verian,17.01.2021,36 %,15 %,18 %,7 %,8 %,10 %,–,–,6 %,2.398,05.01.–13.01.,,
Verian,19.12.2020,35 %,17 %,19 %,6 %,8 %,10 %,–,–,5 %,2.401,10.12.–16.12.,,
Verian,13.12.2020,35 %,16 %,19 %,7 %,7 %,10 %,–,–,6 %,2.374,03.12.–09.12.,,
Verian,06.12.2020,35 %,15 %,19 %,7 %,8 %,10 %,–,–,6 %,1.438,26.11.–02.12.,,
Verian,29.11.2020,34 %,16 %,18 %,8 %,8 %,9 %,–,–,7 %,1.517,19.11.–25.11.,,
Verian,22.11.2020,36 %,16 %,18 %,7 %,7 %,9 %,–,–,7 %,1.927,12.11.–18.11.,,
Verian,15.11.2020,35 %,15 %,19 %,7 %,8 %,9 %,–,–,7 %,2.405,05.11.–11.11.,,
Verian,08.11.2020,36 %,16 %,18 %,7 %,8 %,9 %,–,–,6 %,1.415,29.10.–04.11.,,
Verian,01.11.2020,35 %,15 %,19 %,7 %,8 %,10 %,–,–,6 %,1.987,22.10.–28.10.,,
Verian,24.10.2020,35 %,15 %,19 %,6 %,8 %,11 %,–,–,6 %,1.434,15.10.–21.10.,,
Verian,17.10.2020,35 %,16 %,19 %,6 %,8 %,10 %,–,–,6 %,2.407,08.10.–14.10.,,
Verian,11.10.2020,34 %,17 %,20 %,5 %,8 %,9 %,–,–,7 %,1.411,01.10.–07.10.,,
Verian,04.10.2020,35 %,16 %,18 %,6 %,9 %,11 %,–,–,5 %,2.397,22.09.–30.09.,,
Verian,27.09.2020,36 %,16 %,18 %,6 %,8 %,11 %,–,–,5 %,1.509,17.09.–23.09.,,
Verian,19.09.2020,36 %,16 %,18 %,5 %,8 %,11 %,–,–,6 %,1.534,10.09.–16.09.,,
Verian,13.09.2020,36 %,17 %,18 %,6 %,8 %,10 %,–,–,5 %,1.446,03.09.–09.09.,,
Verian,06.09.2020,36 %,17 %,18 %,6 %,7 %,11 %,–,–,5 %,1.447,27.08.–02.09.,,
Verian,30.08.2020,36 %,16 %,18 %,6 %,8 %,11 %,–,–,5 %,1.597,18.08.–26.08.,,
Verian,23.08.2020,36 %,17 %,16 %,7 %,8 %,10 %,–,–,6 %,2.107,13.08.–19.08.,,
Verian,16.08.2020,36 %,18 %,16 %,6 %,8 %,11 %,–,–,5 %,1.912,06.08.–12.08.,,
Verian,09.08.2020,38 %,15 %,18 %,6 %,8 %,11 %,–,–,4 %,1.564,30.07.–06.08.,,
Verian,02.08.2020,37 %,16 %,17 %,6 %,8 %,10 %,–,–,6 %,1.449,23.07.–29.07.,,
Verian,26.07.2020,37 %,15 %,18 %,6 %,8 %,11 %,–,–,5 %,2.031,16.07.–22.07.,,
Verian,18.07.2020,38 %,16 %,17 %,6 %,8 %,10 %,–,–,5 %,1.449,09.07.–15.07.,,
Verian,12.07.2020,38 %,15 %,17 %,6 %,8 %,11 %,–,–,5 %,1.426,02.07.–08.07.,,
Verian,04.07.2020,37 %,16 %,19 %,6 %,8 %,10 %,–,–,4 %,1.436,24.06.–02.07.,,
Verian,27.06.2020,37 %,16 %,18 %,6 %,8 %,10 %,–,–,5 %,1.550,18.06.–24.06.,,
Verian,20.06.2020,38 %,15 %,17 %,7 %,8 %,10 %,–,–,5 %,2.403,10.06.–17.06.,,
Verian,13.06.2020,39 %,15 %,17 %,7 %,7 %,9 %,–,–,6 %,1.934,04.06.–09.06.,,
Verian,06.06.2020,38 %,15 %,16 %,7 %,8 %,8 %,–,–,8 %,1.428,28.05.–03.06.,,
Verian,30.05.2020,40 %,16 %,15 %,8 %,7 %,9 %,–,–,5 %,1.934,20.05.–26.05.,,
Verian,23.05.2020,38 %,16 %,15 %,7 %,8 %,10 %,–,–,6 %,1.914,14.05.–19.05.,,
Verian,16.05.2020,39 %,16 %,14 %,6 %,8 %,11 %,–,–,6 %,1.559,07.05.–13.05.,,
Verian,09.05.2020,38 %,17 %,14 %,5 %,8 %,12 %,–,–,6 %,1.426,30.04.–06.05.,,
Verian,02.05.2020,37 %,15 %,15 %,6 %,9 %,12 %,–,–,6 %,1.443,22.04.–29.04.,,
Verian,25.04.2020,38 %,16 %,15 %,6 %,9 %,11 %,–,–,5 %,2.003,16.04.–22.04.,,
Verian,18.04.2020,37 %,18 %,16 %,7 %,8 %,9 %,–,–,5 %,1.534,09.04.–15.04.,,
Verian,11.04.2020,37 %,17 %,16 %,6 %,9 %,10 %,–,–,5 %,1.912,02.04.–08.04.,,
Verian,04.04.2020,33 %,18 %,18 %,6 %,9 %,11 %,–,–,5 %,1.426,25.03.–01.04.,,
Verian,28.03.2020,32 %,18 %,19 %,6 %,9 %,11 %,–,–,5 %,1.441,18.03.–25.03.,,
Verian,21.03.2020,28 %,16 %,21 %,7 %,9 %,13 %,–,–,6 %,1.603,12.03.–18.03.,,
Verian,14.03.2020,26 %,17 %,21 %,7 %,8 %,14 %,–,–,7 %,1.414,04.03.–11.03.,,
Verian,08.03.2020,24 %,17 %,22 %,7 %,9 %,14 %,–,–,7 %,1.423,27.02.–04.03.,,
Verian,01.03.2020,25 %,16 %,22 %,6 %,10 %,14 %,–,–,7 %,1.509,20.02.–27.02.,,
Verian,22.02.2020,27 %,15 %,20 %,7 %,10 %,14 %,–,–,7 %,1.417,13.02.–19.02.,,
Verian,15.02.2020,28 %,15 %,20 %,6 %,10 %,15 %,–,–,6 %,1.886,06.02.–12.02.,,
Verian,09.02.2020,28 %,15 %,20 %,8 %,9 %,15 %,–,–,5 %,1.889,30.01.–05.02.,,
Verian,01.02.2020,27 %,15 %,21 %,8 %,9 %,14 %,–,–,6 %,1.442,23.01.–29.01.,,
Verian,25.01.2020,26 %,14 %,21 %,9 %,10 %,15 %,–,–,5 %,2.100,16.01.–22.01.,,
Verian,18.01.2020,26 %,15 %,21 %,9 %,9 %,14 %,–,–,6 %,2.009,09.01.–15.01.,,
Verian,11.01.2020,27 %,14 %,21 %,9 %,9 %,14 %,–,–,6 %,1.829,19.12.–08.01.,,
Verian,21.12.2019,27 %,15 %,20 %,9 %,9 %,14 %,–,–,6 %,1.899,12.12.–18.12.,,
Verian,14.12.2019,28 %,16 %,20 %,9 %,9 %,13 %,–,–,5 %,1.978,05.12.–11.12.,,
Verian,07.12.2019,28 %,16 %,20 %,9 %,8 %,13 %,–,–,6 %,1.876,28.11.–04.12.,,
Verian,30.11.2019,28 %,15 %,20 %,8 %,9 %,14 %,–,–,6 %,1.910,20.11.–27.11.,,
Verian,23.11.2019,28 %,15 %,20 %,9 %,9 %,13 %,–,–,6 %,1.905,13.11.–20.11.,,
Verian,16.11.2019,27 %,17 %,18 %,8 %,10 %,14 %,–,–,6 %,1.525,07.11.–13.11.,,
Verian,09.11.2019,26 %,16 %,18 %,10 %,10 %,14 %,–,–,6 %,1.431,30.10.–06.11.,,
Verian,02.11.2019,27 %,16 %,18 %,9 %,9 %,15 %,–,–,6 %,1.920,24.10.–30.10.,,
Verian,26.10.2019,29 %,15 %,20 %,8 %,9 %,14 %,–,–,5 %,1.441,17.10.–23.10.,,
Verian,19.10.2019,29 %,15 %,20 %,7 %,9 %,13 %,–,–,7 %,1.444,10.10.–16.10.,,
Verian,12.10.2019,28 %,14 %,21 %,7 %,8 %,15 %,–,–,7 %,1.916,02.10.–09.10.,,
Verian,05.10.2019,27 %,15 %,21 %,8 %,8 %,15 %,–,–,6 %,1.449,26.09.–01.10.,,
Verian,28.09.2019,27 %,16 %,21 %,7 %,8 %,15 %,–,–,6 %,1.719,19.09.–25.09.,,
Verian,21.09.2019,29 %,15 %,21 %,8 %,8 %,14 %,–,–,5 %,1.639,12.09.–18.09.,,
Verian,14.09.2019,28 %,16 %,21 %,8 %,7 %,15 %,–,–,5 %,2.835,05.09.–11.09.,,
Verian,07.09.2019,29 %,16 %,21 %,7 %,8 %,14 %,–,–,5 %,1.884,29.08.–04.09.,,
Verian,31.08.2019,29 %,15 %,22 %,7 %,7 %,14 %,–,–,6 %,1.434,22.08.–28.08.,,
Verian,24.08.2019,27 %,15 %,23 %,8 %,8 %,14 %,–,–,5 %,1.555,15.08.–21.08.,,
Verian,17.08.2019,27 %,14 %,22 %,8 %,9 %,14 %,–,–,6 %,1.897,08.08.–14.08.,,
Verian,10.08.2019,26 %,14 %,22 %,9 %,9 %,14 %,–,–,6 %,2.388,01.08.–07.08.,,
Verian,03.08.2019,26 %,13 %,23 %,9 %,8 %,14 %,–,–,7 %,1.419,25.07.–31.07.,,
Verian,27.07.2019,26 %,14 %,23 %,9 %,8 %,13 %,–,–,7 %,1.520,18.07.–24.07.,,
Verian,20.07.2019,27 %,14 %,22 %,9 %,9 %,13 %,–,–,6 %,1.908,11.07.–17.07.,,
Verian,13.07.2019,26 %,15 %,24 %,8 %,9 %,13 %,–,–,5 %,2.377,04.07.–10.07.,,
Verian,06.07.2019,26 %,13 %,24 %,7 %,9 %,14 %,–,–,7 %,2.389,27.06.–03.07.,,
Verian,29.06.2019,26 %,13 %,25 %,8 %,8 %,14 %,–,–,6 %,1.906,21.06.–26.06.,,
Verian,22.06.2019,27 %,12 %,25 %,7 %,8 %,14 %,–,–,7 %,1.910,13.06.–18.06.,,
Verian,15.06.2019,25 %,12 %,27 %,8 %,8 %,13 %,–,–,7 %,2.377,06.06.–12.06.,,
Verian,08.06.2019,27 %,12 %,27 %,8 %,7 %,12 %,–,–,7 %,1.903,29.05.–05.06.,,
Verian,01.06.2019,28 %,16 %,20 %,8 %,8 %,13 %,–,–,7 %,1.413,23.05.–28.05.,,
Verian,25.05.2019,29 %,17 %,17 %,9 %,9 %,13 %,–,–,6 %,1.895,16.05.–22.05.,,
Verian,18.05.2019,29 %,16 %,18 %,9 %,9 %,13 %,–,–,6 %,1.975,09.05.–15.05.,,
Verian,11.05.2019,29 %,16 %,19 %,9 %,9 %,13 %,–,–,5 %,2.393,02.05.–08.05.,,
Verian,04.05.2019,28 %,17 %,19 %,9 %,9 %,13 %,–,–,5 %,1.903,25.04.–30.04.,,
Verian,27.04.2019,28 %,17 %,18 %,9 %,10 %,13 %,–,–,5 %,1.433,18.04.–24.04.,,
Verian,20.04.2019,28 %,18 %,19 %,8 %,9 %,13 %,–,–,5 %,2.709,11.04.–17.04.,,
Verian,13.04.2019,30 %,17 %,17 %,9 %,9 %,12 %,–,–,6 %,2.559,04.04.–10.04.,,
Verian,06.04.2019,31 %,17 %,18 %,8 %,9 %,12 %,–,–,5 %,2.335,28.03.–03.04.,,
Verian,30.03.2019,30 %,16 %,17 %,9 %,9 %,13 %,–,–,6 %,2.361,21.03.–27.03.,,
Verian,23.03.2019,31 %,17 %,17 %,8 %,8 %,14 %,–,–,5 %,1.518,14.03.–20.03.,,
Verian,16.03.2019,31 %,16 %,17 %,8 %,9 %,13 %,–,–,6 %,1.904,07.03.–13.03.,,
Verian,09.03.2019,31 %,17 %,16 %,8 %,9 %,14 %,–,–,5 %,1.906,28.02.–06.03.,,
Verian,02.03.2019,29 %,18 %,16 %,8 %,10 %,14 %,–,–,5 %,1.420,21.02.–27.02.,,
Verian,23.02.2019,29 %,19 %,16 %,9 %,9 %,13 %,–,–,5 %,1.511,14.02.–20.02.,,
Verian,16.02.2019,30 %,19 %,15 %,8 %,10 %,13 %,–,–,5 %,1.891,07.02.–13.02.,,
Verian,09.02.2019,30 %,17 %,17 %,9 %,9 %,13 %,–,–,5 %,1.900,31.01.–06.02.,,
Verian,02.02.2019,29 %,16 %,18 %,10 %,8 %,15 %,–,–,4 %,1.434,24.01.–30.01.,,
Verian,26.01.2019,29 %,16 %,19 %,9 %,9 %,14 %,–,–,4 %,2.017,17.01.–23.01.,,
Verian,19.01.2019,30 %,15 %,18 %,8 %,9 %,14 %,–,–,6 %,1.448,10.01.–16.01.,,
Verian,12.01.2019,31 %,15 %,18 %,8 %,9 %,14 %,–,–,5 %,1.964,03.01.–09.01.,,
Verian,22.12.2018,29 %,15 %,19 %,9 %,9 %,14 %,–,–,5 %,1.889,13.12.–19.12.,,
Verian,15.12.2018,30 %,15 %,20 %,8 %,8 %,14 %,–,–,5 %,1.997,06.12.–12.12.,,
Verian,08.12.2018,29 %,15 %,19 %,9 %,9 %,14 %,–,–,5 %,2.469,29.11.–05.12.,,
Verian,01.12.2018,28 %,15 %,19 %,9 %,9 %,15 %,–,–,5 %,1.531,22.11.–28.11.,,
Verian,24.11.2018,26 %,15 %,21 %,9 %,9 %,15 %,–,–,5 %,2.361,15.11.–21.11.,,
Verian,17.11.2018,26 %,15 %,21 %,8 %,9 %,15 %,–,–,6 %,1.987,08.11.–14.11.,,
Verian,10.11.2018,25 %,15 %,22 %,8 %,9 %,15 %,–,–,6 %,1.518,05.11.–07.11.,,
Verian,03.11.2018,25 %,14 %,21 %,9 %,10 %,15 %,–,–,6 %,1.815,25.10.–31.10.,,
Verian,27.10.2018,24 %,15 %,20 %,10 %,10 %,16 %,–,–,5 %,1.905,18.10.–24.10.,,
Verian,20.10.2018,25 %,15 %,19 %,10 %,10 %,15 %,–,–,6 %,1.609,11.10.–17.10.,,
Verian,13.10.2018,26 %,17 %,17 %,9 %,11 %,15 %,–,–,5 %,1.899,04.10.–10.10.,,
Verian,06.10.2018,27 %,17 %,16 %,9 %,10 %,16 %,–,–,5 %,1.515,27.09.–02.10.,,
Verian,29.09.2018,27 %,16 %,15 %,10 %,11 %,17 %,–,–,4 %,1.902,20.09.–26.09.,,
Verian,22.09.2018,28 %,17 %,14 %,9 %,11 %,16 %,–,–,5 %,2.368,13.09.–19.09.,,
Verian,15.09.2018,30 %,18 %,13 %,9 %,10 %,15 %,–,–,5 %,1.978,06.09.–12.09.,,
Verian,08.09.2018,29 %,17 %,14 %,9 %,10 %,15 %,–,–,6 %,2.472,30.08.–05.09.,,
Verian,01.09.2018,30 %,19 %,14 %,9 %,9 %,15 %,–,–,4 %,2.390,23.08.–29.08.,,
Verian,25.08.2018,30 %,18 %,15 %,9 %,9 %,14 %,–,–,5 %,1.891,16.08.–22.08.,,
Verian,18.08.2018,30 %,17 %,15 %,9 %,9 %,15 %,–,–,5 %,2.942,09.08.–15.08.,,
Verian,11.08.2018,31 %,17 %,15 %,8 %,10 %,14 %,–,–,5 %,2.502,02.08.–08.08.,,
Verian,04.08.2018,30 %,18 %,15 %,8 %,9 %,15 %,–,–,5 %,2.478,26.07.–01.08.,,
Verian,28.07.2018,29 %,18 %,14 %,9 %,10 %,15 %,–,–,5 %,2.001,19.07.–25.07.,,
Verian,21.07.2018,30 %,19 %,12 %,9 %,10 %,15 %,–,–,5 %,2.476,12.07.–18.07.,,
Verian,14.07.2018,30 %,18 %,12 %,9 %,10 %,16 %,–,–,5 %,2.368,05.07.–11.07.,,
Verian,07.07.2018,30 %,17 %,12 %,9 %,9 %,17 %,–,–,6 %,1.894,28.06.–04.07.,,
Verian,30.06.2018,32 %,19 %,12 %,9 %,9 %,14 %,–,–,5 %,1.954,21.06.–28.06.,,
Verian,23.06.2018,31 %,18 %,12 %,9 %,10 %,16 %,–,–,4 %,2.336,14.06.–20.06.,,
Verian,16.06.2018,33 %,18 %,11 %,8 %,11 %,15 %,–,–,4 %,2.310,07.06.–13.06.,,
Verian,09.06.2018,32 %,19 %,12 %,8 %,11 %,14 %,–,–,4 %,1.950,30.05.–06.06.,,
Verian,02.06.2018,32 %,18 %,13 %,7 %,11 %,15 %,–,–,4 %,1.397,24.05.–29.05.,,
Verian,26.05.2018,33 %,17 %,13 %,8 %,11 %,14 %,–,–,4 %,1.946,17.05.–23.05.,,
Verian,19.05.2018,33 %,17 %,13 %,9 %,10 %,14 %,–,–,4 %,2.030,09.05.–16.05.,,
Verian,12.05.2018,33 %,17 %,12 %,9 %,10 %,14 %,–,–,5 %,1.489,03.05.–08.05.,,
Verian,05.05.2018,34 %,17 %,12 %,8 %,10 %,14 %,–,–,5 %,1.507,26.04.–02.05.,,
Verian,28.04.2018,32 %,18 %,12 %,9 %,11 %,14 %,–,–,4 %,2.350,19.04.–25.04.,,
Verian,21.04.2018,33 %,18 %,12 %,9 %,11 %,13 %,–,–,4 %,2.437,12.04.–18.04.,,
Verian,14.04.2018,33 %,18 %,11 %,9 %,11 %,14 %,–,–,4 %,1.786,05.04.–11.04.,,
Verian,07.04.2018,34 %,17 %,12 %,8 %,11 %,13 %,–,–,5 %,1.414,29.03.–05.04.,,
Verian,31.03.2018,34 %,18 %,12 %,8 %,11 %,12 %,–,–,5 %,1.982,22.03.–28.03.,,
Verian,24.03.2018,34 %,18 %,12 %,9 %,10 %,13 %,–,–,4 %,1.972,15.03.–21.03.,,
Verian,17.03.2018,33 %,19 %,11 %,9 %,10 %,14 %,–,–,4 %,1.959,08.03.–14.03.,,
Verian,10.03.2018,33 %,19 %,12 %,8 %,10 %,13 %,–,–,5 %,1.869,01.03.–07.03.,,
Verian,03.03.2018,33 %,16 %,12 %,9 %,11 %,15 %,–,–,4 %,1.890,22.02.–28.02.,,
Verian,24.02.2018,33 %,17 %,11 %,10 %,11 %,15 %,–,–,3 %,1.985,15.02.–21.02.,,
Verian,17.02.2018,33 %,19 %,11 %,9 %,10 %,14 %,–,–,4 %,1.478,08.02.–14.02.,,
Verian,10.02.2018,34 %,20 %,11 %,9 %,9 %,12 %,–,–,5 %,1.226,01.02.–07.02.,,
Verian,03.02.2018,33 %,20 %,11 %,9 %,10 %,13 %,–,–,4 %,1.247,25.01.–31.01.,,
Verian,27.01.2018,34 %,20 %,11 %,8 %,10 %,12 %,–,–,5 %,1.513,18.01.–24.01.,,
Verian,20.01.2018,33 %,21 %,10 %,8 %,10 %,13 %,–,–,5 %,1.419,11.01.–17.01.,,
Verian,13.01.2018,34 %,21 %,11 %,8 %,9 %,13 %,–,–,4 %,1.899,04.01.–10.01.,,
Verian,06.01.2018,33 %,20 %,12 %,9 %,9 %,12 %,–,–,5 %,1.440,21.12.–03.01.,,
Verian,23.12.2017,33 %,21 %,11 %,8 %,10 %,12 %,–,–,5 %,1.861,14.12.–20.12.,,
Verian,16.12.2017,32 %,22 %,11 %,8 %,9 %,13 %,–,–,5 %,1.865,07.12.–13.12.,,
Verian,09.12.2017,33 %,21 %,11 %,9 %,10 %,12 %,–,–,4 %,1.880,30.11.–06.12.,,
Verian,02.12.2017,33 %,21 %,10 %,9 %,10 %,12 %,–,–,5 %,1.888,23.11.–29.11.,,
Verian,25.11.2017,33 %,22 %,10 %,9 %,10 %,11 %,–,–,5 %,1.225,20.11.–23.11.,,
Verian,18.11.2017,31 %,21 %,11 %,10 %,9 %,13 %,–,–,5 %,1.842,09.11.–15.11.,,
Verian,11.11.2017,30 %,22 %,10 %,11 %,10 %,13 %,–,–,4 %,1.392,02.11.–08.11.,,
Verian,04.11.2017,31 %,21 %,11 %,10 %,10 %,12 %,–,–,5 %,1.476,26.10.–30.10.,,
Verian,28.10.2017,31 %,22 %,10 %,11 %,9 %,12 %,–,–,5 %,2.296,19.10.–25.10.,,
Verian,21.10.2017,32 %,21 %,10 %,11 %,9 %,12 %,–,–,5 %,2.304,12.10.–18.10.,,
Verian,14.10.2017,31 %,21 %,10 %,11 %,10 %,12 %,–,–,5 %,1.960,05.10.–11.10.,,
Verian,07.10.2017,32 %,22 %,9 %,10 %,10 %,12 %,–,–,5 %,1.490,28.09.–04.10.,,
Verian,30.09.2017,33 %,21 %,10 %,11 %,10 %,12 %,–,–,3 %,1.038,25.09.–27.09.,,
Verian,22.09.2017,35 %,22 %,8 %,9 %,10 %,11 %,–,–,5 %,1.994,14.09.–21.09.,,
Verian,16.09.2017,36 %,22 %,8 %,9 %,10 %,11 %,–,–,4 %,1.888,07.09.–13.09.,,
Verian,09.09.2017,37 %,24 %,8 %,8 %,9 %,9 %,–,–,5 %,1.869,31.08.–06.09.,,
Verian,02.09.2017,38 %,24 %,8 %,8 %,9 %,8 %,–,–,5 %,1.889,24.08.–30.08.,,
Verian,26.08.2017,38 %,23 %,7 %,9 %,9 %,8 %,–,–,6 %,1.979,17.08.–23.08.,,
Verian,19.08.2017,39 %,24 %,8 %,8 %,9 %,7 %,–,–,5 %,1.426,10.08.–16.08.,,
Verian,12.08.2017,38 %,24 %,7 %,8 %,10 %,8 %,–,–,5 %,1.886,03.08.–09.08.,,
Verian,05.08.2017,38 %,23 %,8 %,8 %,10 %,8 %,–,–,5 %,2.453,27.07.–02.08.,,
Verian,29.07.2017,38 %,24 %,8 %,8 %,9 %,9 %,–,–,4 %,1.921,20.07.–26.07.,,
Verian,22.07.2017,38 %,25 %,8 %,8 %,9 %,8 %,–,–,4 %,2.349,13.07.–19.07.,,
Verian,15.07.2017,38 %,25 %,8 %,7 %,9 %,8 %,–,–,5 %,1.263,06.07.–12.07.,,
Verian,08.07.2017,38 %,25 %,8 %,8 %,9 %,7 %,–,–,5 %,1.878,30.06.–05.07.,,
Verian,01.07.2017,39 %,24 %,8 %,8 %,9 %,7 %,–,–,5 %,936,22.06.–24.06.,,
Verian,24.06.2017,39 %,24 %,8 %,7 %,9 %,8 %,–,–,5 %,1.363,16.06.–21.06.,,
Verian,17.06.2017,39 %,25 %,7 %,7 %,9 %,8 %,–,–,5 %,2.054,08.06.–13.06.,,
Verian,10.06.2017,39 %,25 %,8 %,7 %,9 %,8 %,–,–,4 %,1.398,01.06.–07.06.,,
Verian,03.06.2017,38 %,27 %,7 %,7 %,8 %,8 %,–,–,5 %,1.838,24.05.–31.05.,,
Verian,27.05.2017,38 %,25 %,8 %,8 %,8 %,8 %,–,–,5 %,1.703,18.05.–23.05.,,
Verian,20.05.2017,38 %,26 %,7 %,7 %,9 %,8 %,–,–,5 %,2.413,11.05.–17.05.,,
Verian,13.05.2017,37 %,27 %,8 %,6 %,10 %,8 %,–,–,4 %,1.837,04.05.–10.05.,,
Verian,06.05.2017,36 %,28 %,7 %,6 %,9 %,9 %,–,–,5 %,1.935,27.04.–03.05.,,
Verian,29.04.2017,36 %,29 %,7 %,6 %,9 %,9 %,–,–,4 %,2.439,20.04.–26.04.,,
Verian,22.04.2017,36 %,31 %,6 %,5 %,9 %,9 %,–,–,4 %,1.412,13.04.–19.04.,,
Verian,15.04.2017,35 %,31 %,7 %,6 %,9 %,9 %,–,–,3 %,2.436,06.04.–12.04.,,
Verian,08.04.2017,35 %,33 %,7 %,5 %,8 %,9 %,–,–,3 %,1.958,30.03.–05.04.,,
Verian,01.04.2017,33 %,33 %,7 %,6 %,8 %,8 %,–,–,5 %,2.416,23.03.–29.03.,,
Verian,25.03.2017,33 %,33 %,8 %,5 %,8 %,9 %,–,–,4 %,2.450,16.03.–22.03.,,
Verian,18.03.2017,33 %,32 %,8 %,5 %,8 %,9 %,–,–,5 %,1.832,09.03.–15.03.,,
Verian,11.03.2017,33 %,33 %,7 %,6 %,8 %,8 %,–,–,5 %,1.882,02.03.–08.03.,,
Verian,04.03.2017,33 %,32 %,7 %,6 %,8 %,10 %,–,–,4 %,1.403,23.02.–01.03.,,
Verian,25.02.2017,32 %,32 %,7 %,7 %,8 %,9 %,–,–,5 %,1.880,16.02.–22.02.,,
Verian,18.02.2017,32 %,33 %,7 %,6 %,8 %,9 %,–,–,5 %,1.885,09.02.–15.02.,,
Verian,11.02.2017,33 %,32 %,7 %,6 %,8 %,10 %,–,–,4 %,1.966,02.02.–08.02.,,
Verian,04.02.2017,33 %,29 %,8 %,6 %,8 %,11 %,–,–,5 %,2.233,26.01.–02.02.,,
Verian,28.01.2017,37 %,23 %,10 %,6 %,10 %,11 %,–,–,3 %,1.996,19.01.–25.01.,,
Verian,21.01.2017,36 %,21 %,9 %,6 %,11 %,12 %,–,–,5 %,2.805,12.01.–18.01.,,
Verian,14.01.2017,37 %,21 %,10 %,6 %,10 %,12 %,–,–,4 %,1.878,06.01.–11.01.,,
Verian,07.01.2017,38 %,22 %,10 %,5 %,9 %,12 %,–,–,4 %,834,03.01.–05.01.,,
Verian,24.12.2016,36 %,21 %,10 %,6 %,10 %,13 %,–,–,4 %,2.326,15.12.–21.12.,,
Verian,17.12.2016,36 %,22 %,11 %,5 %,10 %,12 %,–,–,4 %,2.411,08.12.–14.12.,,
Verian,10.12.2016,36 %,22 %,10 %,5 %,10 %,13 %,–,–,4 %,2.426,01.12.–07.12.,,
Verian,03.12.2016,37 %,22 %,11 %,5 %,10 %,12 %,–,–,3 %,2.658,24.11.–30.11.,,
Verian,26.11.2016,35 %,23 %,11 %,5 %,9 %,12 %,–,–,5 %,2.426,17.11.–23.11.,,
Verian,19.11.2016,33 %,24 %,12 %,5 %,9 %,13 %,–,–,4 %,2.859,10.11.–16.11.,,
Verian,12.11.2016,34 %,23 %,11 %,5 %,10 %,12 %,–,–,5 %,2.782,03.11.–09.11.,,
Verian,05.11.2016,34 %,22 %,11 %,5 %,10 %,12 %,–,–,6 %,1.678,27.10.–02.11.,,
Verian,29.10.2016,34 %,23 %,11 %,5 %,10 %,12 %,–,–,5 %,1.840,20.10.–26.10.,,
Verian,22.10.2016,33 %,23 %,11 %,5 %,10 %,13 %,–,–,5 %,1.961,13.10.–19.10.,,
Verian,15.10.2016,32 %,24 %,11 %,6 %,9 %,13 %,–,–,5 %,2.827,06.10.–12.10.,,
Verian,08.10.2016,32 %,23 %,12 %,6 %,10 %,12 %,–,–,5 %,1.866,29.09.–05.10.,,
Verian,01.10.2016,32 %,23 %,11 %,7 %,10 %,12 %,–,–,5 %,1.939,22.09.–28.09.,,
Verian,24.09.2016,32 %,23 %,11 %,6 %,9 %,14 %,–,–,5 %,2.798,15.09.–21.09.,,
Verian,17.09.2016,32 %,24 %,11 %,5 %,9 %,14 %,–,–,5 %,2.780,08.09.–14.09.,,
Verian,10.09.2016,33 %,23 %,11 %,6 %,9 %,13 %,–,–,5 %,2.423,01.09.–07.09.,,
Verian,03.09.2016,34 %,23 %,11 %,6 %,9 %,12 %,–,–,5 %,1.966,25.08.–31.08.,,
Verian,27.08.2016,34 %,22 %,12 %,5 %,10 %,11 %,–,–,6 %,1.981,18.08.–24.08.,,
Verian,20.08.2016,34 %,23 %,13 %,5 %,9 %,10 %,–,–,6 %,2.358,11.08.–17.08.,,
Verian,13.08.2016,34 %,22 %,12 %,6 %,10 %,11 %,–,–,5 %,2.352,04.08.–10.08.,,
Verian,06.08.2016,34 %,22 %,12 %,6 %,10 %,11 %,–,–,5 %,2.815,28.07.–03.08.,,
Verian,30.07.2016,35 %,23 %,11 %,5 %,9 %,12 %,–,–,5 %,2.815,21.07.–27.07.,,
Verian,23.07.2016,35 %,23 %,12 %,5 %,10 %,10 %,–,–,5 %,1.870,14.07.–20.07.,,
Verian,16.07.2016,35 %,24 %,12 %,5 %,9 %,10 %,–,–,5 %,1.973,07.07.–13.07.,,
Verian,09.07.2016,35 %,23 %,13 %,5 %,9 %,10 %,–,–,5 %,1.402,02.07.–06.07.,,
Verian,02.07.2016,33 %,23 %,12 %,6 %,10 %,11 %,–,–,5 %,1.936,23.06.–29.06.,,
Verian,25.06.2016,32 %,23 %,13 %,6 %,9 %,12 %,–,–,5 %,1.905,16.06.–22.06.,,
Verian,18.06.2016,33 %,22 %,13 %,6 %,9 %,12 %,–,–,5 %,2.744,09.06.–15.06.,,
Verian,11.06.2016,34 %,21 %,14 %,6 %,9 %,11 %,–,–,5 %,1.838,02.06.–08.06.,,
Verian,04.06.2016,33 %,22 %,13 %,6 %,9 %,12 %,–,–,5 %,1.851,25.05.–01.06.,,
Verian,28.05.2016,33 %,21 %,12 %,6 %,9 %,14 %,–,–,5 %,2.881,19.05.–24.05.,,
Verian,21.05.2016,32 %,22 %,12 %,6 %,9 %,13 %,–,–,6 %,1.485,13.05.–18.05.,,
Verian,14.05.2016,33 %,23 %,13 %,5 %,9 %,13 %,–,–,4 %,1.922,06.05.–11.05.,,
Verian,07.05.2016,32 %,22 %,12 %,6 %,9 %,14 %,–,–,5 %,1.838,28.04.–03.05.,,
Verian,30.04.2016,33 %,22 %,12 %,6 %,9 %,13 %,–,–,5 %,2.805,21.04.–27.04.,,
Verian,23.04.2016,33 %,22 %,13 %,6 %,9 %,12 %,–,–,5 %,2.393,14.04.–20.04.,,
Verian,16.04.2016,33 %,22 %,13 %,7 %,9 %,11 %,–,–,5 %,1.941,07.04.–13.04.,,
Verian,09.04.2016,34 %,22 %,13 %,7 %,8 %,12 %,–,–,4 %,2.240,31.03.–06.04.,,
Verian,02.04.2016,33 %,22 %,13 %,6 %,8 %,13 %,–,–,5 %,1.405,24.03.–30.03.,,
Verian,26.03.2016,34 %,22 %,13 %,6 %,9 %,12 %,–,–,4 %,2.828,17.03.–23.03.,,
Verian,19.03.2016,34 %,22 %,13 %,6 %,9 %,13 %,–,–,3 %,2.424,10.03.–16.03.,,
Verian,12.03.2016,36 %,24 %,11 %,5 %,9 %,11 %,–,–,4 %,2.340,03.03.–09.03.,,
Verian,05.03.2016,35 %,24 %,10 %,5 %,10 %,11 %,–,–,5 %,1.869,25.02.–02.03.,,
Verian,27.02.2016,36 %,24 %,10 %,5 %,9 %,11 %,–,–,5 %,1.978,18.02.–24.02.,,
Verian,20.02.2016,35 %,24 %,10 %,4 %,10 %,12 %,–,–,5 %,2.409,11.02.–17.02.,,
Verian,13.02.2016,35 %,24 %,9 %,5 %,9 %,12 %,–,–,6 %,2.090,04.02.–10.02.,,
Verian,06.02.2016,35 %,24 %,9 %,4 %,10 %,12 %,–,–,6 %,2.306,28.01.–03.02.,,
Verian,30.01.2016,34 %,24 %,9 %,5 %,10 %,12 %,–,–,6 %,1.638,21.01.–27.01.,,
Verian,23.01.2016,36 %,25 %,9 %,5 %,9 %,10 %,–,–,6 %,1.875,14.01.–20.01.,,
Verian,16.01.2016,38 %,24 %,10 %,5 %,9 %,9 %,–,–,5 %,2.016,07.01.–13.01.,,
Verian,09.01.2016,39 %,23 %,10 %,4 %,10 %,8 %,–,–,6 %,940,05.01.–06.01.,,
Verian,26.12.2015,39 %,24 %,9 %,4 %,10 %,9 %,–,–,5 %,1.832,17.12.–22.12.,,
Verian,19.12.2015,38 %,25 %,9 %,5 %,9 %,8 %,–,–,6 %,2.821,10.12.–16.12.,,
Verian,12.12.2015,37 %,26 %,9 %,4 %,10 %,8 %,–,–,6 %,2.321,03.12.–09.12.,,
Verian,05.12.2015,37 %,25 %,10 %,4 %,10 %,8 %,–,–,6 %,2.352,26.11.–02.12.,,
Verian,28.11.2015,38 %,25 %,10 %,4 %,10 %,8 %,–,–,5 %,2.356,19.11.–25.11.,,
Verian,21.11.2015,37 %,26 %,9 %,5 %,9 %,7 %,–,–,7 %,2.319,12.11.–18.11.,,
Verian,14.11.2015,37 %,25 %,10 %,5 %,9 %,8 %,–,–,6 %,2.412,05.11.–11.11.,,
Verian,07.11.2015,36 %,26 %,10 %,4 %,9 %,9 %,–,–,6 %,2.442,29.10.–04.11.,,
Verian,31.10.2015,36 %,25 %,10 %,5 %,10 %,8 %,–,–,6 %,1.869,22.10.–28.10.,,
Verian,24.10.2015,36 %,26 %,10 %,5 %,10 %,7 %,–,–,6 %,2.312,15.10.–21.10.,,
Verian,17.10.2015,37 %,26 %,9 %,5 %,10 %,7 %,–,–,6 %,1.496,08.10.–14.10.,,
Verian,10.10.2015,38 %,25 %,9 %,5 %,10 %,6 %,–,–,7 %,1.871,01.10.–07.10.,,
Verian,03.10.2015,40 %,25 %,9 %,4 %,10 %,5 %,–,–,7 %,2.329,24.09.–30.09.,,
Verian,26.09.2015,40 %,25 %,10 %,4 %,10 %,6 %,–,–,5 %,1.956,17.09.–23.09.,,
Verian,19.09.2015,40 %,24 %,10 %,5 %,9 %,5 %,–,–,7 %,1.882,10.09.–16.09.,,
Verian,12.09.2015,41 %,25 %,11 %,4 %,10 %,4 %,–,–,5 %,2.332,03.09.–09.09.,,
Verian,05.09.2015,41 %,24 %,11 %,4 %,10 %,4 %,–,–,6 %,2.800,27.08.–02.09.,,
Verian,29.08.2015,41 %,24 %,10 %,4 %,10 %,4 %,–,–,7 %,2.311,20.08.–26.08.,,
Verian,22.08.2015,42 %,24 %,10 %,4 %,10 %,4 %,–,–,6 %,2.311,13.08.–19.08.,,
Verian,16.08.2015,43 %,24 %,11 %,4 %,10 %,3 %,–,–,5 %,2.436,06.08.–12.08.,,
Verian,08.08.2015,43 %,24 %,10 %,4 %,10 %,4 %,–,–,5 %,1.858,30.07.–05.08.,,
Verian,01.08.2015,43 %,24 %,10 %,4 %,9 %,3 %,–,–,7 %,1.860,23.07.–29.07.,,
Verian,25.07.2015,43 %,24 %,10 %,4 %,10 %,3 %,–,–,6 %,1.471,16.07.–22.07.,,
Verian,18.07.2015,43 %,25 %,11 %,4 %,9 %,4 %,–,–,4 %,1.942,09.07.–15.07.,,
Verian,12.07.2015,42 %,26 %,10 %,4 %,10 %,3 %,–,–,5 %,1.842,02.07.–08.07.,,
Verian,04.07.2015,40 %,24 %,11 %,4 %,10 %,5 %,–,–,6 %,2.247,25.06.–01.07.,,
Verian,27.06.2015,41 %,24 %,10 %,4 %,10 %,5 %,–,–,6 %,2.746,18.06.–24.06.,,
Verian,20.06.2015,40 %,25 %,10 %,5 %,9 %,5 %,–,–,6 %,2.716,11.06.–17.06.,,
Verian,13.06.2015,40 %,25 %,10 %,5 %,9 %,5 %,–,–,6 %,2.277,03.06.–10.06.,,
Verian,06.06.2015,40 %,25 %,10 %,5 %,10 %,5 %,–,–,5 %,1.467,28.05.–02.06.,,
Verian,30.05.2015,40 %,25 %,10 %,6 %,9 %,5 %,–,–,5 %,1.816,21.05.–27.05.,,
Verian,23.05.2015,40 %,26 %,9 %,5 %,9 %,5 %,–,–,6 %,2.302,15.05.–20.05.,,
Verian,16.05.2015,40 %,25 %,10 %,4 %,9 %,5 %,–,–,7 %,1.941,07.05.–12.05.,,
Verian,09.05.2015,40 %,25 %,10 %,3 %,10 %,6 %,–,–,6 %,1.848,02.05.–06.05.,,
Verian,03.05.2015,41 %,25 %,10 %,3 %,9 %,6 %,–,–,6 %,3.631,23.04.–29.04.,,
Verian,25.04.2015,41 %,25 %,10 %,4 %,8 %,6 %,–,–,6 %,3.210,16.04.–22.04.,,
Verian,18.04.2015,41 %,25 %,10 %,4 %,9 %,6 %,–,–,5 %,2.326,09.04.–15.04.,,
Verian,11.04.2015,41 %,25 %,10 %,4 %,9 %,5 %,–,–,6 %,1.404,02.04.–08.04.,,
Verian,04.04.2015,42 %,25 %,9 %,4 %,9 %,5 %,–,–,6 %,2.299,26.03.–01.04.,,
Verian,28.03.2015,42 %,25 %,9 %,5 %,8 %,6 %,–,–,5 %,1.854,19.03.–25.03.,,
Verian,21.03.2015,41 %,24 %,10 %,4 %,9 %,6 %,–,–,6 %,1.006,12.03.–17.03.,,
Verian,14.03.2015,41 %,24 %,11 %,4 %,9 %,6 %,–,–,5 %,1.925,05.03.–11.03.,,
Verian,07.03.2015,40 %,25 %,10 %,4 %,9 %,7 %,–,–,5 %,2.318,26.02.–04.03.,,
Verian,28.02.2015,41 %,25 %,9 %,4 %,9 %,6 %,–,–,6 %,2.307,19.02.–25.02.,,
Verian,21.02.2015,41 %,26 %,9 %,4 %,9 %,6 %,–,–,5 %,2.337,12.02.–18.02.,,
Verian,14.02.2015,41 %,25 %,10 %,4 %,10 %,6 %,–,–,4 %,1.947,05.02.–11.02.,,
Verian,07.02.2015,40 %,26 %,10 %,3 %,10 %,5 %,–,–,6 %,1.859,29.01.–04.02.,,
Verian,31.01.2015,40 %,25 %,10 %,3 %,10 %,6 %,–,–,6 %,1.889,22.01.–28.01.,,
Verian,24.01.2015,41 %,25 %,10 %,4 %,9 %,6 %,–,–,5 %,1.850,15.01.–21.01.,,
Verian,17.01.2015,42 %,24 %,9 %,4 %,9 %,7 %,–,–,5 %,3.243,08.01.–14.01.,,
Verian,10.01.2015,43 %,24 %,9 %,3 %,9 %,7 %,–,–,5 %,2.864,18.12.–07.01.,,
Verian,20.12.2014,42 %,25 %,9 %,2 %,9 %,7 %,–,–,6 %,2.755,11.12.–17.12.,,
Verian,14.12.2014,41 %,25 %,10 %,3 %,9 %,6 %,–,–,6 %,2.764,04.12.–10.12.,,
Verian,07.12.2014,41 %,26 %,10 %,3 %,9 %,6 %,–,–,5 %,2.789,27.11.–03.12.,,
Verian,30.11.2014,41 %,25 %,10 %,3 %,9 %,7 %,–,–,5 %,2.307,20.11.–26.11.,,
Verian,22.11.2014,42 %,25 %,10 %,3 %,8 %,6 %,–,–,6 %,2.331,13.11.–19.11.,,
Verian,16.11.2014,41 %,24 %,10 %,3 %,9 %,7 %,–,–,6 %,2.313,06.11.–12.11.,,
Verian,09.11.2014,41 %,25 %,9 %,2 %,9 %,7 %,–,–,7 %,2.333,30.10.–05.11.,,
Verian,02.11.2014,41 %,25 %,9 %,3 %,9 %,7 %,–,–,6 %,2.312,23.10.–29.10.,,
Verian,26.10.2014,41 %,25 %,9 %,3 %,9 %,6 %,–,–,7 %,2.309,16.10.–22.10.,,
Verian,19.10.2014,42 %,24 %,9 %,3 %,9 %,7 %,–,–,6 %,2.778,09.10.–15.10.,,
Verian,11.10.2014,42 %,24 %,10 %,2 %,8 %,8 %,–,–,6 %,2.323,02.10.–08.10.,,
Verian,05.10.2014,41 %,24 %,10 %,2 %,9 %,9 %,–,–,5 %,2.753,25.09.–01.10.,,
Verian,28.09.2014,40 %,25 %,9 %,2 %,10 %,8 %,–,–,6 %,2.760,18.09.–24.09.,,
Verian,21.09.2014,40 %,25 %,9 %,3 %,9 %,8 %,–,–,6 %,2.319,11.09.–17.09.,,
Verian,14.09.2014,41 %,25 %,9 %,3 %,9 %,7 %,–,–,6 %,2.285,04.09.–10.09.,,
Verian,07.09.2014,42 %,25 %,9 %,3 %,10 %,6 %,–,–,5 %,2.766,28.08.–03.09.,,
Verian,31.08.2014,43 %,26 %,9 %,3 %,9 %,5 %,–,–,5 %,2.418,21.08.–27.08.,,
Verian,24.08.2014,41 %,26 %,10 %,4 %,9 %,4 %,–,–,6 %,3.215,14.08.–20.08.,,
Verian,17.08.2014,41 %,27 %,10 %,3 %,9 %,4 %,–,–,6 %,1.865,07.08.–13.08.,,
Verian,10.08.2014,41 %,27 %,9 %,3 %,9 %,5 %,–,–,6 %,2.802,31.07.–06.08.,,
Verian,03.08.2014,42 %,25 %,10 %,3 %,9 %,5 %,–,–,6 %,1.940,24.07.–30.07.,,
Verian,27.07.2014,41 %,25 %,10 %,3 %,10 %,5 %,–,–,6 %,2.762,17.07.–23.07.,,
Verian,20.07.2014,40 %,26 %,10 %,3 %,9 %,5 %,–,–,7 %,2.414,10.07.–16.07.,,
Verian,13.07.2014,40 %,25 %,11 %,3 %,9 %,5 %,–,–,7 %,2.258,03.07.–09.07.,,
Verian,06.07.2014,40 %,25 %,10 %,3 %,9 %,6 %,–,–,7 %,2.287,27.06.–02.07.,,
Verian,29.06.2014,40 %,25 %,10 %,3 %,9 %,7 %,–,–,6 %,2.287,19.06.–25.06.,,
Verian,22.06.2014,39 %,25 %,10 %,4 %,9 %,7 %,–,–,6 %,1.845,12.06.–17.06.,,
Verian,15.06.2014,39 %,25 %,11 %,4 %,10 %,6 %,–,–,5 %,2.311,05.06.–11.06.,,
Verian,08.06.2014,39 %,25 %,10 %,3 %,10 %,7 %,–,–,6 %,2.299,28.05.–04.06.,,
Verian,01.06.2014,39 %,25 %,10 %,4 %,10 %,6 %,–,–,6 %,2.311,22.05.–27.05.,,
Verian,25.05.2014,39 %,24 %,10 %,5 %,10 %,6 %,–,–,6 %,2.312,15.05.–21.05.,,
Verian,18.05.2014,39 %,25 %,10 %,5 %,10 %,6 %,–,–,5 %,2.791,08.05.–14.05.,,
Verian,11.05.2014,40 %,25 %,11 %,4 %,9 %,5 %,–,–,6 %,2.306,30.04.–07.05.,,
Verian,04.05.2014,40 %,25 %,10 %,4 %,10 %,5 %,–,–,6 %,2.203,24.04.–29.04.,,
Verian,27.04.2014,41 %,24 %,10 %,4 %,10 %,5 %,–,–,6 %,1.859,17.04.–23.04.,,
Verian,20.04.2014,40 %,25 %,10 %,4 %,9 %,6 %,–,–,6 %,2.313,10.04.–16.04.,,
Verian,13.04.2014,42 %,23 %,9 %,4 %,10 %,6 %,–,–,6 %,2.327,03.04.–09.04.,,
Verian,06.04.2014,41 %,24 %,10 %,3 %,10 %,6 %,–,–,6 %,2.271,27.03.–02.04.,,
Verian,30.03.2014,41 %,25 %,11 %,3 %,10 %,5 %,–,–,5 %,2.380,20.03.–26.03.,,
Verian,23.03.2014,41 %,25 %,10 %,3 %,10 %,5 %,–,–,6 %,2.762,13.03.–19.03.,,
Verian,16.03.2014,41 %,24 %,11 %,4 %,10 %,5 %,–,–,5 %,2.780,06.03.–12.03.,,
Verian,09.03.2014,42 %,23 %,10 %,3 %,10 %,5 %,–,–,7 %,2.304,27.02.–05.03.,,
Verian,02.03.2014,40 %,24 %,10 %,4 %,10 %,5 %,–,–,7 %,2.763,20.02.–26.02.,,
Verian,23.02.2014,41 %,24 %,10 %,4 %,10 %,5 %,–,–,6 %,2.421,13.02.–19.02.,,
Verian,16.02.2014,41 %,24 %,11 %,4 %,10 %,5 %,–,–,5 %,2.388,06.02.–12.02.,,
Verian,09.02.2014,42 %,25 %,10 %,4 %,9 %,4 %,–,–,6 %,2.301,30.01.–05.02.,,
Verian,02.02.2014,42 %,25 %,9 %,4 %,10 %,4 %,–,–,6 %,2.295,23.01.–29.01.,,
Verian,26.01.2014,41 %,26 %,9 %,5 %,9 %,4 %,–,–,6 %,2.772,16.01.–22.01.,,
Verian,19.01.2014,41 %,26 %,8 %,4 %,10 %,5 %,–,–,6 %,2.305,09.01.–15.01.,,
Verian,12.01.2014,42 %,25 %,9 %,4 %,9 %,5 %,–,–,6 %,1.402,04.01.–08.01.,,
Verian,22.12.2013,41 %,25 %,9 %,4 %,9 %,5 %,–,–,7 %,2.346,12.12.–18.12.,,
Verian,15.12.2013,42 %,25 %,9 %,4 %,9 %,5 %,–,–,6 %,1.901,05.12.–11.12.,,
Verian,08.12.2013,42 %,26 %,9 %,3 %,9 %,5 %,–,–,6 %,2.291,28.11.–04.12.,,
Verian,01.12.2013,41 %,26 %,9 %,4 %,9 %,5 %,–,–,6 %,2.389,21.11.–27.11.,,
Verian,24.11.2013,42 %,25 %,10 %,3 %,9 %,5 %,–,–,6 %,2.204,14.11.–20.11.,,
Verian,17.11.2013,41 %,25 %,10 %,3 %,9 %,5 %,–,–,7 %,2.765,07.11.–13.11.,,
Verian,10.11.2013,41 %,26 %,10 %,3 %,9 %,5 %,–,–,6 %,2.296,31.10.–06.11.,,
Verian,03.11.2013,42 %,25 %,9 %,3 %,9 %,5 %,–,–,7 %,2.768,24.10.–30.10.,,
Verian,27.10.2013,41 %,26 %,10 %,3 %,9 %,5 %,–,–,6 %,3.219,17.10.–23.10.,,
Verian,20.10.2013,42 %,25 %,9 %,3 %,10 %,5 %,–,–,6 %,2.334,10.10.–16.10.,,
Verian,13.10.2013,42 %,25 %,9 %,3 %,10 %,6 %,–,–,5 %,1.833,04.10.–09.10.,,
Verian,06.10.2013,42 %,25 %,8 %,4 %,9 %,6 %,–,–,6 %,1.849,26.09.–01.10.,,
Verian,29.09.2013,43 %,26 %,7 %,3 %,9 %,6 %,–,–,6 %,1.382,24.09.–26.09.,,
Verian,20.09.2013,39 %,26 %,9 %,6 %,9 %,4 %,,,7 %,2.047,14.09.–20.09.,–,
Verian,15.09.2013,39 %,26 %,10 %,5 %,9 %,4 %,,,4 %,1.840,05.09.–11.09.,3 %,
Verian,08.09.2013,40 %,25 %,11 %,5 %,9 %,3 %,,,4 %,1.376,02.09.–04.09.,3 %,
Verian,01.09.2013,39 %,23 %,11 %,6 %,10 %,3 %,,,5 %,1.851,22.08.–28.08.,3 %,
Verian,25.08.2013,40 %,25 %,12 %,5 %,8 %,3 %,,,4 %,2.755,15.08.–21.08.,3 %,
Verian,18.08.2013,40 %,24 %,12 %,6 %,8 %,1 %,,,5 %,1.883,08.08.–14.08.,4 %,
Verian,11.08.2013,41 %,25 %,13 %,5 %,8 %,2 %,,,3 %,1.875,01.08.–07.08.,3 %,
Verian,04.08.2013,40 %,25 %,13 %,5 %,8 %,2 %,,,4 %,2.770,25.07.–31.07.,3 %,
Verian,28.07.2013,40 %,25 %,13 %,5 %,8 %,3 %,,,3 %,2.321,18.07.–24.07.,3 %,
Verian,21.07.2013,40 %,25 %,13 %,6 %,8 %,2 %,,,3 %,1.854,11.07.–17.07.,3 %,
Verian,14.07.2013,41 %,26 %,12 %,5 %,7 %,1 %,,,4 %,1.838,04.07.–10.07.,4 %,
Verian,07.07.2013,42 %,26 %,12 %,4 %,8 %,2 %,,,3 %,1.956,27.06.–03.07.,3 %,
Verian,30.06.2013,41 %,25 %,13 %,5 %,7 %,2 %,,,4 %,1.840,20.06.–26.06.,3 %,
Verian,23.06.2013,41 %,25 %,14 %,4 %,8 %,2 %,,,3 %,2.755,13.06.–19.06.,3 %,
Verian,16.06.2013,41 %,25 %,13 %,5 %,8 %,2 %,,,3 %,2.727,06.06.–12.06.,3 %,
Verian,09.06.2013,41 %,26 %,13 %,4 %,7 %,3 %,,,3 %,1.951,31.05.–05.06.,3 %,
Verian,02.06.2013,40 %,26 %,14 %,5 %,7 %,2 %,,,2 %,1.866,23.05.–28.05.,4 %,
Verian,26.05.2013,40 %,27 %,13 %,4 %,7 %,2 %,,,3 %,1.568,18.05.–22.05.,4 %,
Verian,19.05.2013,39 %,26 %,15 %,4 %,7 %,3 %,,,2 %,2.003,10.05.–15.05.,4 %,
Verian,12.05.2013,38 %,26 %,15 %,4 %,8 %,2 %,,,3 %,2.362,02.05.–07.05.,4 %,
Verian,05.05.2013,37 %,27 %,15 %,5 %,7 %,2 %,,,3 %,2.282,25.04.–30.04.,4 %,
Verian,28.04.2013,40 %,27 %,14 %,4 %,7 %,2 %,,,3 %,2.440,18.04.–24.04.,3 %,
Verian,21.04.2013,39 %,26 %,14 %,5 %,8 %,–,,,4 %,2.410,11.04.–17.04.,4 %,
Verian,14.04.2013,41 %,26 %,14 %,5 %,8 %,–,,,3 %,1.848,04.04.–10.04.,3 %,
Verian,07.04.2013,39 %,26 %,15 %,5 %,8 %,–,,,4 %,1.416,28.03.–03.04.,3 %,
Verian,31.03.2013,39 %,26 %,15 %,5 %,7 %,–,,,5 %,1.958,21.03.–27.03.,3 %,
Verian,24.03.2013,40 %,27 %,15 %,5 %,7 %,–,,,3 %,2.515,14.03.–20.03.,3 %,
Verian,17.03.2013,39 %,28 %,16 %,4 %,8 %,–,,,2 %,2.768,07.03.–13.03.,3 %,
Verian,10.03.2013,40 %,27 %,15 %,4 %,8 %,–,,,3 %,2.500,28.02.–06.03.,3 %,
Verian,03.03.2013,40 %,27 %,15 %,5 %,7 %,–,,,3 %,1.850,21.02.–27.02.,3 %,
Verian,24.02.2013,41 %,27 %,14 %,4 %,7 %,–,,,3 %,2.513,14.02.–20.02.,4 %,
Verian,17.02.2013,41 %,27 %,15 %,4 %,6 %,–,,,4 %,2.052,07.02.–13.02.,3 %,
Verian,10.02.2013,40 %,27 %,15 %,4 %,7 %,–,,,3 %,2.338,31.01.–06.02.,4 %,
Forsa,29.09.2026,19 %,14 %,16 %,4 %,12 %,26 %,–,3 %,6 %,2.501,22.09.–28.09.,,24 %
Forsa,22.09.2026,20 %,12 %,17 %,4 %,12 %,27 %,–,3 %,5 %,2.504,15.09.–22.09.,,25 %
Forsa,15.09.2026,20 %,12 %,18 %,4 %,12 %,27 %,–,3 %,4 %,2.502,08.09.–14.09.,,26 %
Forsa,08.09.2026,21 %,12 %,16 %,4 %,11 %,28 %,–,3 %,5 %,2.502,01.09.–07.09.,,29 %
Forsa,01.09.2026,21 %,12 %,16 %,4 %,12 %,28 %,–,–,7 %,2.504,25.08.–31.08.,,29 %
Forsa,25.08.2026,21 %,12 %,16 %,4 %,12 %,28 %,–,–,7 %,2.501,18.08.–24.08.,,28 %
Forsa,18.08.2026,21 %,12 %,16 %,4 %,12 %,28 %,–,–,7 %,2.504,11.08.–17.08.,,29 %
Forsa,11.08.2026,21 %,12 %,16 %,4 %,12 %,28 %,–,–,7 %,2.503,04.08.–10.08.,,30 %
Forsa,04.08.2026,21 %,12 %,16 %,4 %,12 %,28 %,–,–,7 %,2.501,28.07.–03.08.,,27 %
Forsa,28.07.2026,21 %,12 %,16 %,4 %,13 %,27 %,–,–,7 %,2.502,21.07.–27.07.,,27 %
Forsa,21.07.2026,22 %,12 %,16 %,4 %,12 %,26 %,–,–,8 %,2.502,14.07.–20.07.,,27 %
Forsa,14.07.2026,22 %,12 %,16 %,4 %,12 %,26 %,–,–,8 %,2.503,07.07.–13.07.,,26 %
Forsa,07.07.2026,22 %,12 %,15 %,4 %,12 %,26 %,–,3 %,6 %,2.502,30.06.–06.07.,,27 %
Forsa,30.06.2026,22 %,12 %,15 %,4 %,12 %,26 %,–,3 %,6 %,2.505,23.06.–29.06.,,26 %
Forsa,23.06.2026,22 %,12 %,15 %,4 %,11 %,27 %,–,3 %,6 %,2.504,16.06.–22.06.,,25 %
Forsa,16.06.2026,21 %,12 %,15 %,5 %,11 %,27 %,–,3 %,6 %,2.500,09.06.–15.06.,,26 %
Forsa,09.06.2026,22 %,11 %,15 %,5 %,11 %,27 %,–,3 %,6 %,2.502,02.06.–08.06.,,26 %
Forsa,02.06.2026,21 %,12 %,15 %,5 %,11 %,27 %,–,3 %,6 %,2.502,26.05.–01.06.,,
Forsa,26.05.2026,22 %,12 %,15 %,4 %,11 %,27 %,–,3 %,6 %,2.002,19.05.–22.05.,,25 %
Forsa,19.05.2026,22 %,12 %,14 %,4 %,11 %,28 %,–,3 %,6 %,2.000,12.05.–18.05.,,26 %
Forsa,12.05.2026,22 %,12 %,15 %,4 %,11 %,27 %,–,–,9 %,2.501,05.05.–11.05.,,25 %
Forsa,05.05.2026,22 %,12 %,16 %,4 %,11 %,27 %,–,–,8 %,2.002,28.04.–04.05.,,
Forsa,28.04.2026,22 %,12 %,15 %,4 %,12 %,27 %,–,–,8 %,2.503,21.04.–27.04.,,26 %
Forsa,21.04.2026,24 %,12 %,15 %,4 %,11 %,26 %,–,–,8 %,2.502,14.04.–21.04.,,26 %
Forsa,14.04.2026,24 %,12 %,15 %,4 %,11 %,26 %,–,–,8 %,2.502,07.04.–13.04.,,
Forsa,07.04.2026,26 %,12 %,15 %,–,10 %,26 %,–,–,11 %,1.503,31.03.–02.04.,,26 %
Forsa,31.03.2026,26 %,12 %,15 %,–,10 %,25 %,–,3 %,9 %,2.504,24.03.–30.03.,,24 %
Forsa,24.03.2026,26 %,12 %,15 %,–,10 %,25 %,–,3 %,9 %,2.501,17.03.–23.03.,,25 %
Forsa,17.03.2026,27 %,12 %,15 %,–,11 %,23 %,–,3 %,9 %,2.503,10.03.–16.03.,,23 %
Forsa,10.03.2026,26 %,14 %,12 %,3 %,11 %,24 %,–,3 %,7 %,2.502,03.03.–09.03.,,25 %
Forsa,03.03.2026,26 %,14 %,12 %,3 %,11 %,24 %,–,3 %,7 %,2.503,24.02.–02.03.,,26 %
Forsa,24.02.2026,26 %,14 %,12 %,3 %,11 %,24 %,–,3 %,7 %,2.504,17.02.–23.02.,,28 %
Forsa,17.02.2026,26 %,14 %,12 %,3 %,10 %,25 %,–,3 %,7 %,2.504,10.02.–16.02.,,26 %
Forsa,10.02.2026,26 %,14 %,13 %,3 %,11 %,24 %,–,3 %,6 %,2.503,03.02.–09.02.,,27 %
Forsa,03.02.2026,26 %,14 %,12 %,3 %,11 %,24 %,–,3 %,7 %,2.503,27.01.–02.02.,,28 %
Forsa,27.01.2026,26 %,14 %,12 %,3 %,11 %,24 %,–,3 %,7 %,2.501,20.01.–26.01.,,28 %
Forsa,20.01.2026,25 %,14 %,12 %,3 %,10 %,26 %,–,3 %,7 %,2.501,13.01.–19.01.,,26 %
Forsa,13.01.2026,24 %,13 %,13 %,3 %,11 %,26 %,–,3 %,7 %,3.004,05.01.–12.01.,,26 %
Forsa,23.12.2025,24 %,13 %,13 %,3 %,11 %,26 %,–,3 %,7 %,2.003,16.12.–19.12.,,26 %
Forsa,16.12.2025,24 %,13 %,13 %,3 %,11 %,26 %,–,3 %,7 %,2.503,09.12.–15.12.,,28 %
Forsa,09.12.2025,24 %,14 %,12 %,3 %,11 %,26 %,–,3 %,7 %,2.503,02.12.–08.12.,,26 %
Forsa,02.12.2025,25 %,14 %,12 %,3 %,11 %,26 %,–,3 %,6 %,2.501,25.11.–01.12.,,26 %
Forsa,25.11.2025,25 %,14 %,12 %,3 %,11 %,26 %,–,3 %,6 %,2.501,18.11.–24.11.,,26 %
Forsa,18.11.2025,25 %,14 %,12 %,3 %,11 %,26 %,–,–,9 %,2.502,11.11.–17.11.,,25 %
Forsa,11.11.2025,24 %,14 %,12 %,3 %,11 %,26 %,–,3 %,7 %,2.503,04.11.–10.11.,,24 %
Forsa,04.11.2025,24 %,14 %,12 %,3 %,12 %,26 %,–,3 %,6 %,2.500,28.10.–03.11.,,23 %
Forsa,28.10.2025,25 %,13 %,12 %,3 %,12 %,26 %,–,3 %,6 %,2.502,21.10.–27.10.,,23 %
Forsa,21.10.2025,24 %,14 %,12 %,3 %,11 %,26 %,–,4 %,6 %,2.505,14.10.–20.10.,,23 %
Forsa,14.10.2025,24 %,13 %,12 %,3 %,12 %,26 %,–,4 %,6 %,2.500,07.10.–13.10.,,23 %
Forsa,07.10.2025,24 %,13 %,12 %,3 %,12 %,26 %,–,4 %,6 %,2.001,30.09.–06.10.,,
Forsa,30.09.2025,24 %,13 %,12 %,3 %,11 %,27 %,–,4 %,6 %,2.504,23.09.–29.09.,,22 %
Forsa,23.09.2025,25 %,13 %,11 %,3 %,11 %,27 %,–,4 %,6 %,2.504,16.09.–22.09.,,
Forsa,16.09.2025,25 %,14 %,12 %,3 %,11 %,25 %,–,4 %,6 %,2.502,09.09.–15.09.,,
Forsa,09.09.2025,25 %,14 %,11 %,3 %,12 %,26 %,–,3 %,7 %,2.500,02.09.–08.09.,,25 %
Forsa,02.09.2025,25 %,14 %,11 %,3 %,12 %,26 %,–,3 %,7 %,2.502,26.08.–01.09.,,25 %
Forsa,26.08.2025,25 %,13 %,12 %,3 %,11 %,26 %,–,3 %,7 %,2.501,19.08.–25.08.,,26 %
Forsa,19.08.2025,25 %,13 %,12 %,3 %,12 %,26 %,–,3 %,6 %,2.502,12.08.–18.08.,,
Forsa,12.08.2025,24 %,13 %,13 %,3 %,11 %,26 %,–,4 %,6 %,2.505,05.08.–11.08.,,25 %
Forsa,05.08.2025,25 %,13 %,12 %,3 %,12 %,25 %,–,4 %,6 %,2.503,29.07.–04.08.,,24 %
Forsa,29.07.2025,26 %,13 %,12 %,3 %,12 %,25 %,–,3 %,6 %,2.502,22.07.–28.07.,,24 %
Forsa,22.07.2025,25 %,13 %,12 %,3 %,12 %,25 %,–,4 %,6 %,2.502,15.07.–21.07.,,
Forsa,15.07.2025,26 %,13 %,12 %,4 %,11 %,24 %,–,4 %,6 %,2.503,08.07.–14.07.,,
Forsa,08.07.2025,27 %,13 %,12 %,3 %,11 %,24 %,–,4 %,6 %,2.503,01.07.–07.07.,,
Forsa,01.07.2025,28 %,14 %,11 %,3 %,11 %,24 %,–,3 %,6 %,2.501,24.06.–30.06.,,24 %
Forsa,23.06.2025,28 %,14 %,11 %,3 %,11 %,24 %,–,3 %,6 %,2.003,17.06.–20.06.,,21 %
Forsa,17.06.2025,28 %,14 %,11 %,4 %,10 %,23 %,–,4 %,6 %,2.502,10.06.–16.06.,,
Forsa,10.06.2025,27 %,14 %,11 %,4 %,11 %,24 %,–,3 %,6 %,2.002,03.06.–06.06.,,
Forsa,03.06.2025,27 %,15 %,12 %,3 %,11 %,23 %,–,3 %,6 %,2.002,27.05.–02.06.,,20 %
Forsa,27.05.2025,26 %,15 %,11 %,4 %,11 %,24 %,–,3 %,6 %,2.501,20.05.–26.05.,,20 %
Forsa,20.05.2025,26 %,15 %,11 %,4 %,11 %,24 %,–,3 %,6 %,2.504,13.05.–19.05.,,20 %
Forsa,13.05.2025,25 %,15 %,11 %,3 %,10 %,25 %,–,4 %,7 %,3.001,05.05.–12.05.,,
Forsa,05.05.2025,25 %,15 %,12 %,3 %,10 %,25 %,–,3 %,7 %,1.503,29.04.–02.05.,,21 %
Forsa,29.04.2025,24 %,14 %,12 %,3 %,10 %,26 %,–,4 %,7 %,2.004,22.04.–28.04.,,22 %
Forsa,22.04.2025,25 %,15 %,11 %,4 %,9 %,26 %,–,4 %,6 %,1.502,15.04.–17.04.,,
Forsa,15.04.2025,25 %,15 %,12 %,3 %,10 %,24 %,–,4 %,7 %,2.502,08.04.–14.04.,,
Forsa,08.04.2025,25 %,15 %,12 %,3 %,10 %,24 %,–,4 %,7 %,2.501,01.04.–07.04.,,19 %
Forsa,01.04.2025,25 %,15 %,12 %,4 %,10 %,24 %,–,4 %,6 %,2.508,25.03.–31.03.,,
Forsa,25.03.2025,26 %,15 %,12 %,4 %,10 %,23 %,–,4 %,6 %,2.502,18.03.–24.03.,,
Forsa,18.03.2025,27 %,14 %,12 %,4 %,11 %,23 %,–,3 %,6 %,2.501,11.03.–17.03.,,
Forsa,11.03.2025,28 %,15 %,11 %,4 %,11 %,22 %,–,3 %,6 %,2.504,04.03.–10.03.,,
Forsa,04.03.2025,28 %,15 %,11 %,3 %,12 %,22 %,–,3 %,6 %,3.001,24.02.–03.03.,,16 %
Forsa,21.02.2025,29 %,15 %,13 %,5 %,8 %,21 %,–,3 %,6 %,2.002,17.02.–20.02.,,22 %
Forsa,18.02.2025,30 %,16 %,13 %,5 %,7 %,20 %,–,4 %,5 %,2.501,11.02.–17.02.,,
Forsa,16.02.2025,30 %,16 %,13 %,5 %,7 %,20 %,–,4 %,5 %,2.005,11.02.–14.02.,,
Forsa,11.02.2025,29 %,16 %,14 %,4 %,6 %,20 %,–,4 %,7 %,2.502,04.02.–10.02.,,23 %
Forsa,04.02.2025,28 %,16 %,15 %,4 %,5 %,20 %,–,4 %,8 %,2.503,28.01.–03.02.,,
Forsa,28.01.2025,30 %,16 %,14 %,4 %,4 %,20 %,–,3 %,9 %,2.504,21.01.–27.01.,,
Forsa,21.01.2025,31 %,16 %,13 %,4 %,3 %,19 %,–,4 %,10 %,2.502,14.01.–20.01.,,
Forsa,14.01.2025,31 %,16 %,13 %,4 %,3 %,20 %,–,4 %,9 %,2.504,07.01.–13.01.,,28 %
Forsa,07.01.2025,32 %,17 %,12 %,3 %,3 %,19 %,–,4 %,10 %,1.501,02.01.–06.01.,,27 %
Forsa,23.12.2024,31 %,16 %,13 %,3 %,4 %,19 %,–,4 %,10 %,2.008,17.12.–20.12.,,25 %
Forsa,17.12.2024,30 %,17 %,13 %,4 %,3 %,19 %,–,4 %,10 %,2.501,10.12.–16.12.,,23 %
Forsa,10.12.2024,31 %,17 %,13 %,4 %,3 %,18 %,–,4 %,10 %,2.501,03.12.–09.12.,,22 %
Forsa,03.12.2024,32 %,16 %,12 %,3 %,4 %,18 %,–,4 %,11 %,2.502,26.11.–02.12.,,
Forsa,26.11.2024,32 %,15 %,12 %,4 %,4 %,18 %,–,4 %,11 %,2.500,19.11.–25.11.,,
Forsa,19.11.2024,33 %,15 %,11 %,4 %,4 %,18 %,–,4 %,11 %,2.500,12.11.–18.11.,,
Forsa,12.11.2024,33 %,16 %,11 %,4 %,3 %,17 %,–,5 %,11 %,2.501,05.11.–11.11.,,
Forsa,07.11.2024,32 %,17 %,11 %,3 %,3 %,17 %,–,6 %,11 %,1.181,07.11.–07.11.,,
Forsa,05.11.2024,33 %,16 %,10 %,3 %,3 %,16 %,–,6 %,13 %,2.500,29.10.–04.11.,,
Forsa,29.10.2024,32 %,16 %,9 %,4 %,3 %,17 %,–,7 %,12 %,2.503,22.10.–28.10.,,23 %
Forsa,22.10.2024,31 %,16 %,11 %,3 %,3 %,17 %,–,7 %,12 %,2.500,15.10.–21.10.,,
Forsa,15.10.2024,31 %,16 %,10 %,4 %,3 %,17 %,–,7 %,12 %,2.501,08.10.–14.10.,,
Forsa,08.10.2024,31 %,17 %,11 %,3 %,3 %,17 %,–,6 %,12 %,2.001,01.10.–07.10.,,
Forsa,01.10.2024,31 %,17 %,10 %,4 %,3 %,17 %,–,6 %,12 %,2.501,24.09.–30.09.,,
Forsa,24.09.2024,32 %,15 %,11 %,4 %,–,17 %,–,7 %,14 %,2.500,17.09.–23.09.,,21 %
Forsa,17.09.2024,31 %,15 %,11 %,4 %,3 %,17 %,–,6 %,13 %,2.501,10.09.–16.09.,,
Forsa,10.09.2024,33 %,14 %,11 %,3 %,3 %,17 %,–,7 %,12 %,2.500,03.09.–09.09.,,
Forsa,03.09.2024,32 %,14 %,11 %,5 %,3 %,17 %,–,7 %,11 %,2.508,27.08.–02.09.,,
Forsa,27.08.2024,31 %,15 %,11 %,5 %,3 %,17 %,–,7 %,11 %,2.501,20.08.–26.08.,,
Forsa,20.08.2024,31 %,15 %,11 %,5 %,3 %,17 %,–,7 %,11 %,2.503,13.08.–19.08.,,
Forsa,13.08.2024,30 %,15 %,11 %,5 %,3 %,17 %,–,7 %,12 %,2.502,06.08.–12.08.,,22 %
Forsa,06.08.2024,30 %,15 %,11 %,5 %,3 %,17 %,3 %,7 %,9 %,2.500,30.07.–05.08.,,20 %
Forsa,30.07.2024,30 %,15 %,11 %,4 %,3 %,17 %,–,7 %,13 %,2.501,23.07.–29.07.,,21 %
Forsa,23.07.2024,31 %,14 %,11 %,5 %,4 %,17 %,–,7 %,11 %,2.504,16.07.–22.07.,,18 %
Forsa,16.07.2024,32 %,14 %,11 %,5 %,3 %,16 %,–,7 %,12 %,2.503,09.07.–15.07.,,18 %
Forsa,09.07.2024,30 %,14 %,11 %,5 %,–,17 %,–,8 %,15 %,2.504,02.07.–08.07.,,19 %
Forsa,02.07.2024,31 %,15 %,11 %,6 %,–,16 %,–,7 %,14 %,2.506,25.06.–01.07.,,18 %
Forsa,25.06.2024,31 %,15 %,11 %,5 %,–,16 %,3 %,7 %,12 %,2.505,18.06.–24.06.,,19 %
Forsa,18.06.2024,30 %,15 %,12 %,5 %,–,16 %,3 %,7 %,12 %,2.504,11.06.–17.06.,,
Forsa,11.06.2024,30 %,16 %,13 %,6 %,–,16 %,–,6 %,13 %,2.505,04.06.–10.06.,,22 %
Forsa,04.06.2024,30 %,17 %,13 %,6 %,–,15 %,–,6 %,13 %,2.506,28.05.–03.06.,,22 %
Forsa,28.05.2024,30 %,16 %,13 %,6 %,–,15 %,–,6 %,14 %,2.503,21.05.–27.05.,,22 %
Forsa,21.05.2024,32 %,16 %,14 %,5 %,–,15 %,–,5 %,13 %,2.001,14.05.–17.05.,,
Forsa,14.05.2024,32 %,16 %,13 %,5 %,3 %,15 %,–,5 %,11 %,2.006,07.05.–13.05.,,23 %
Forsa,07.05.2024,31 %,16 %,12 %,6 %,3 %,15 %,–,4 %,13 %,2.000,30.04.–06.05.,,
Forsa,30.04.2024,30 %,17 %,12 %,5 %,3 %,16 %,–,4 %,13 %,2.505,23.04.–29.04.,,23 %
Forsa,23.04.2024,31 %,16 %,12 %,5 %,–,16 %,–,5 %,15 %,2.501,16.04.–22.04.,,25 %
Forsa,16.04.2024,31 %,16 %,12 %,5 %,–,17 %,–,5 %,14 %,2.505,09.04.–15.04.,,23 %
Forsa,09.04.2024,30 %,16 %,13 %,5 %,–,17 %,–,5 %,14 %,2.506,02.04.–08.04.,,24 %
Forsa,02.04.2024,31 %,16 %,13 %,4 %,–,17 %,–,5 %,14 %,1.508,26.03.–28.03.,,24 %
Forsa,26.03.2024,31 %,16 %,13 %,4 %,3 %,17 %,3 %,5 %,8 %,2.503,19.03.–25.03.,,24 %
Forsa,19.03.2024,31 %,16 %,13 %,4 %,3 %,17 %,3 %,5 %,8 %,2.500,12.03.–18.03.,,24 %
Forsa,12.03.2024,30 %,15 %,14 %,5 %,3 %,17 %,3 %,5 %,8 %,2.502,05.03.–11.03.,,
Forsa,05.03.2024,31 %,15 %,14 %,5 %,3 %,17 %,3 %,4 %,8 %,2.506,27.02.–04.03.,,
Forsa,27.02.2024,30 %,14 %,15 %,5 %,3 %,17 %,3 %,4 %,9 %,2.503,20.02.–26.02.,,
Forsa,20.02.2024,30 %,15 %,14 %,5 %,3 %,17 %,3 %,4 %,9 %,2.504,13.02.–19.02.,,24 %
Forsa,13.02.2024,31 %,15 %,14 %,4 %,3 %,18 %,–,5 %,10 %,2.502,06.02.–12.02.,,25 %
Forsa,06.02.2024,31 %,15 %,14 %,4 %,3 %,18 %,3 %,5 %,7 %,2.503,30.01.–04.02.,,25 %
Forsa,30.01.2024,32 %,15 %,14 %,3 %,3 %,19 %,3 %,3 %,8 %,2.506,23.01.–29.01.,,27 %
Forsa,23.01.2024,31 %,14 %,14 %,4 %,4 %,20 %,3 %,3 %,7 %,2.503,16.01.–22.01.,,
Forsa,16.01.2024,31 %,13 %,14 %,4 %,4 %,22 %,3 %,–,9 %,2.504,09.01.–15.01.,,
Forsa,09.01.2024,30 %,15 %,14 %,4 %,4 %,22 %,3 %,–,8 %,2.502,02.01.–08.01.,,
Forsa,19.12.2023,31 %,14 %,13 %,5 %,3 %,23 %,–,–,11 %,2.501,12.12.–18.12.,,
Forsa,12.12.2023,31 %,14 %,13 %,5 %,4 %,22 %,–,–,11 %,2.501,05.12.–11.12.,,
Forsa,05.12.2023,30 %,14 %,14 %,5 %,4 %,22 %,–,–,11 %,2.501,28.11.–04.12.,,
Forsa,28.11.2023,30 %,14 %,15 %,5 %,4 %,21 %,–,–,11 %,2.500,21.11.–27.11.,,25 %
Forsa,21.11.2023,30 %,15 %,14 %,5 %,3 %,21 %,3 %,–,9 %,2.501,14.11.–20.11.,,26 %
Forsa,14.11.2023,30 %,14 %,14 %,5 %,4 %,21 %,3 %,–,9 %,2.504,07.11.–13.11.,,
Forsa,07.11.2023,29 %,15 %,14 %,5 %,4 %,21 %,3 %,–,9 %,2.502,31.10.–06.11.,,
Forsa,31.10.2023,29 %,15 %,14 %,5 %,3 %,22 %,3 %,–,9 %,2.501,24.10.–30.10.,,26 %
Forsa,24.10.2023,31 %,14 %,14 %,5 %,4 %,21 %,3 %,–,8 %,2.504,17.10.–23.10.,,
Forsa,17.10.2023,32 %,14 %,14 %,4 %,4 %,21 %,3 %,–,8 %,2.501,10.10.–16.10.,,22 %
Forsa,10.10.2023,28 %,18 %,14 %,6 %,4 %,20 %,–,–,10 %,2.003,04.10.–09.10.,,
Forsa,02.10.2023,28 %,18 %,14 %,5 %,4 %,20 %,–,–,11 %,2.004,26.09.–29.09.,,25 %
Forsa,26.09.2023,27 %,17 %,14 %,6 %,4 %,21 %,–,–,11 %,2.503,19.09.–25.09.,,27 %
Forsa,19.09.2023,27 %,17 %,14 %,6 %,4 %,22 %,–,–,10 %,2.504,12.09.–18.09.,,27 %
Forsa,12.09.2023,27 %,17 %,13 %,7 %,4 %,21 %,–,–,11 %,2.505,05.09.–11.09.,,28 %
Forsa,05.09.2023,27 %,16 %,14 %,7 %,4 %,21 %,–,–,11 %,2.506,29.08.–04.09.,,
Forsa,29.08.2023,26 %,17 %,14 %,7 %,4 %,21 %,–,–,11 %,2.504,22.08.–28.08.,,29 %
Forsa,22.08.2023,26 %,18 %,14 %,7 %,4 %,20 %,–,–,11 %,2.506,15.08.–21.08.,,29 %
Forsa,15.08.2023,25 %,17 %,15 %,7 %,4 %,21 %,–,–,11 %,2.501,08.08.–14.08.,,28 %
Forsa,08.08.2023,25 %,17 %,15 %,7 %,4 %,21 %,–,–,11 %,2.502,01.08.–07.08.,,28 %
Forsa,01.08.2023,25 %,17 %,15 %,6 %,5 %,21 %,–,–,11 %,2.500,25.07.–31.07.,,28 %
Forsa,25.07.2023,27 %,18 %,14 %,6 %,5 %,19 %,–,–,11 %,2.504,18.07.–24.07.,,28 %
Forsa,18.07.2023,26 %,18 %,15 %,7 %,4 %,20 %,–,–,10 %,2.502,11.07.–17.07.,,26 %
Forsa,11.07.2023,27 %,18 %,14 %,7 %,5 %,19 %,–,–,10 %,2.003,04.07.–07.07.,,25 %
Forsa,04.07.2023,27 %,18 %,15 %,6 %,5 %,19 %,–,–,10 %,2.501,27.06.–03.07.,,25 %
Forsa,27.06.2023,27 %,18 %,15 %,7 %,4 %,19 %,–,–,10 %,2.506,20.06.–26.06.,,25 %
Forsa,20.06.2023,27 %,18 %,15 %,7 %,4 %,19 %,–,–,10 %,2.503,13.06.–19.06.,,
Forsa,13.06.2023,29 %,18 %,14 %,7 %,4 %,19 %,–,–,9 %,2.504,06.06.–12.06.,,24 %
Forsa,06.06.2023,30 %,18 %,14 %,7 %,4 %,17 %,–,–,10 %,2.505,30.05.–05.06.,,23 %
Forsa,30.05.2023,29 %,18 %,14 %,7 %,5 %,17 %,–,–,10 %,2.001,23.05.–26.05.,,23 %
Forsa,23.05.2023,30 %,18 %,14 %,7 %,5 %,16 %,–,–,10 %,2.003,16.05.–22.05.,,
Forsa,16.05.2023,30 %,17 %,15 %,8 %,4 %,16 %,–,–,10 %,2.503,09.05.–15.05.,,25 %
Forsa,09.05.2023,29 %,18 %,16 %,7 %,4 %,16 %,–,–,10 %,2.505,02.05.–08.05.,,
Forsa,02.05.2023,30 %,17 %,16 %,7 %,4 %,16 %,–,–,10 %,2.007,25.04.–28.04.,,
Forsa,25.04.2023,30 %,18 %,16 %,7 %,4 %,15 %,–,–,10 %,2.506,18.04.–24.04.,,23 %
Forsa,18.04.2023,29 %,18 %,17 %,7 %,4 %,15 %,–,–,10 %,2.508,11.04.–17.04.,,24 %
Forsa,11.04.2023,30 %,18 %,18 %,7 %,4 %,14 %,–,–,9 %,1.501,04.04.–06.04.,,25 %
Forsa,04.04.2023,29 %,18 %,18 %,7 %,4 %,14 %,–,–,10 %,2.502,28.03.–03.04.,,25 %
Forsa,28.03.2023,29 %,19 %,18 %,6 %,4 %,14 %,–,–,10 %,2.506,21.03.–27.03.,,24 %
Forsa,21.03.2023,29 %,19 %,18 %,6 %,5 %,14 %,–,–,9 %,2.503,14.03.–20.03.,,23 %
Forsa,14.03.2023,29 %,20 %,17 %,6 %,5 %,14 %,–,–,9 %,2.505,07.03.–13.03.,,22 %
Forsa,07.03.2023,31 %,20 %,17 %,5 %,5 %,13 %,–,–,9 %,2.504,28.02.–06.03.,,
Forsa,28.02.2023,31 %,20 %,17 %,5 %,5 %,13 %,–,–,9 %,2.501,21.02.–27.02.,,22 %
Forsa,21.02.2023,31 %,19 %,17 %,6 %,5 %,13 %,–,–,9 %,2.510,14.02.–20.02.,,
Forsa,14.02.2023,28 %,21 %,18 %,6 %,5 %,13 %,–,–,9 %,2.505,07.02.–13.02.,,23 %
Forsa,07.02.2023,28 %,21 %,18 %,7 %,5 %,13 %,–,–,8 %,2.502,31.01.–06.02.,,24 %
Forsa,31.01.2023,27 %,20 %,19 %,7 %,5 %,13 %,–,–,9 %,2.503,24.01.–30.01.,,
Forsa,24.01.2023,28 %,19 %,20 %,7 %,5 %,12 %,–,–,9 %,2.502,17.01.–23.01.,,23 %
Forsa,17.01.2023,28 %,18 %,20 %,7 %,5 %,13 %,–,–,9 %,2.500,10.01.–16.01.,,24 %
Forsa,10.01.2023,29 %,18 %,20 %,7 %,5 %,13 %,–,–,8 %,2.502,03.01.–09.01.,,23 %
Forsa,20.12.2022,28 %,19 %,19 %,7 %,5 %,13 %,–,–,9 %,2.503,13.12.–19.12.,,24 %
Forsa,13.12.2022,29 %,19 %,19 %,7 %,5 %,12 %,–,–,9 %,2.506,06.12.–12.12.,,24 %
Forsa,06.12.2022,29 %,19 %,19 %,7 %,5 %,12 %,–,–,9 %,2.500,29.11.–05.12.,,25 %
Forsa,29.11.2022,29 %,19 %,20 %,6 %,5 %,12 %,–,–,9 %,2.505,22.11.–28.11.,,24 %
Forsa,22.11.2022,28 %,19 %,20 %,6 %,5 %,13 %,–,–,9 %,2.502,15.11.–21.11.,,25 %
Forsa,15.11.2022,28 %,19 %,20 %,6 %,4 %,14 %,–,–,9 %,2.503,08.11.–14.11.,,25 %
Forsa,08.11.2022,28 %,19 %,19 %,6 %,5 %,14 %,–,–,9 %,2.502,01.11.–07.11.,,24 %
Forsa,02.11.2022,27 %,20 %,20 %,6 %,4 %,14 %,–,–,9 %,2.503,25.10.–31.10.,,23 %
Forsa,25.10.2022,28 %,19 %,20 %,6 %,4 %,14 %,–,–,9 %,2.502,18.10.–24.10.,,22 %
Forsa,18.10.2022,27 %,20 %,20 %,6 %,4 %,14 %,–,–,9 %,2.505,11.10.–17.10.,,
Forsa,11.10.2022,28 %,18 %,20 %,6 %,5 %,14 %,–,–,9 %,2.501,04.10.–10.10.,,24 %
Forsa,04.10.2022,28 %,18 %,20 %,6 %,5 %,14 %,–,–,9 %,2.001,27.09.–30.09.,,25 %
Forsa,27.09.2022,28 %,18 %,20 %,7 %,5 %,13 %,–,–,9 %,2.505,20.09.–26.09.,,23 %
Forsa,20.09.2022,28 %,19 %,19 %,7 %,5 %,13 %,–,–,9 %,2.506,13.09.–19.09.,,23 %
Forsa,13.09.2022,28 %,19 %,20 %,6 %,5 %,13 %,–,–,9 %,2.501,06.09.–13.09.,,
Forsa,06.09.2022,26 %,18 %,24 %,7 %,5 %,11 %,–,–,9 %,2.500,30.08.–05.09.,,25 %
Forsa,30.08.2022,26 %,17 %,25 %,7 %,5 %,11 %,–,–,9 %,2.503,23.08.–29.08.,,25 %
Forsa,23.08.2022,26 %,18 %,25 %,7 %,4 %,11 %,–,–,9 %,2.505,16.08.–22.08.,,25 %
Forsa,16.08.2022,26 %,18 %,25 %,6 %,4 %,11 %,–,–,10 %,2.500,09.08.–15.08.,,28 %
Forsa,09.08.2022,26 %,18 %,24 %,7 %,5 %,10 %,–,–,10 %,2.504,02.08.–08.08.,,26 %
Forsa,02.08.2022,27 %,18 %,24 %,7 %,5 %,10 %,–,–,9 %,2.504,26.07.–01.08.,,
Forsa,26.07.2022,26 %,19 %,24 %,6 %,5 %,10 %,–,–,10 %,2.510,19.07.–25.07.,,22 %
Forsa,19.07.2022,26 %,20 %,24 %,6 %,5 %,9 %,–,–,10 %,2.501,12.07.–18.07.,,
Forsa,12.07.2022,26 %,19 %,24 %,7 %,5 %,9 %,–,–,10 %,2.503,05.07.–11.07.,,22 %
Forsa,05.07.2022,26 %,20 %,24 %,8 %,4 %,9 %,–,–,9 %,2.502,28.06.–02.07.,,23 %
Forsa,28.06.2022,26 %,20 %,24 %,8 %,4 %,9 %,–,–,9 %,2.500,21.06.–27.06.,,22 %
Forsa,21.06.2022,28 %,19 %,23 %,8 %,4 %,9 %,–,–,9 %,2.504,14.06.–20.06.,,25 %
Forsa,14.06.2022,27 %,20 %,23 %,8 %,4 %,9 %,–,–,9 %,2.511,07.06.–13.06.,,20 %
Forsa,07.06.2022,27 %,19 %,23 %,8 %,4 %,10 %,–,–,9 %,2.002,31.05.–03.06.,,20 %
Forsa,31.05.2022,29 %,19 %,24 %,7 %,4 %,9 %,–,–,8 %,2.004,24.05.–30.05.,,21 %
Forsa,24.05.2022,28 %,21 %,23 %,7 %,4 %,9 %,–,–,8 %,2.505,17.05.–23.05.,,22 %
Forsa,17.05.2022,27 %,22 %,22 %,8 %,4 %,8 %,–,–,9 %,2.502,10.05.–16.05.,,23 %
Forsa,10.05.2022,26 %,23 %,21 %,9 %,4 %,9 %,–,–,8 %,2.501,03.05.–09.05.,,
Forsa,03.05.2022,26 %,23 %,20 %,9 %,4 %,9 %,–,–,9 %,2.508,26.04.–02.05.,,
Forsa,26.04.2022,25 %,24 %,20 %,9 %,4 %,9 %,–,–,9 %,2.507,19.04.–25.04.,,25 %
Forsa,19.04.2022,25 %,25 %,20 %,8 %,4 %,9 %,–,–,9 %,1.501,12.04.–14.04.,,25 %
Forsa,12.04.2022,24 %,27 %,19 %,8 %,4 %,9 %,–,–,9 %,2.500,05.04.–11.04.,,25 %
Forsa,05.04.2022,24 %,27 %,19 %,8 %,4 %,9 %,–,–,9 %,2.508,29.03.–04.04.,,24 %
Forsa,29.03.2022,26 %,24 %,18 %,9 %,5 %,9 %,–,–,9 %,2.507,22.03.–28.03.,,22 %
Forsa,22.03.2022,27 %,23 %,18 %,10 %,5 %,9 %,–,–,8 %,2.501,15.03.–21.03.,,22 %
Forsa,15.03.2022,26 %,25 %,18 %,9 %,5 %,9 %,–,–,8 %,2.502,08.03.–14.03.,,
Forsa,08.03.2022,25 %,26 %,18 %,9 %,6 %,7 %,–,–,9 %,2.501,01.03.–07.03.,,22 %
Forsa,01.03.2022,26 %,25 %,18 %,9 %,6 %,7 %,–,–,9 %,1.500,24.02.–28.02.,,
Forsa,22.02.2022,27 %,23 %,17 %,9 %,6 %,9 %,–,–,9 %,2.500,15.02.–21.02.,,23 %
Forsa,15.02.2022,27 %,23 %,16 %,9 %,6 %,9 %,–,–,10 %,2.504,08.02.–14.02.,,22 %
Forsa,08.02.2022,27 %,22 %,16 %,9 %,6 %,10 %,–,–,10 %,2.502,01.02.–07.02.,,23 %
Forsa,01.02.2022,27 %,23 %,16 %,9 %,6 %,10 %,–,–,9 %,2.501,25.01.–31.01.,,23 %
Forsa,25.01.2022,24 %,25 %,16 %,10 %,6 %,10 %,–,–,9 %,2.502,18.01.–24.01.,,22 %
Forsa,18.01.2022,25 %,25 %,16 %,10 %,5 %,10 %,–,–,9 %,2.504,11.01.–17.01.,,22 %
Forsa,11.01.2022,25 %,25 %,17 %,10 %,5 %,9 %,–,–,9 %,3.003,03.01.–10.01.,,22 %
Forsa,21.12.2021,24 %,26 %,16 %,10 %,5 %,9 %,–,–,10 %,2.501,14.12.–20.12.,,
Forsa,14.12.2021,23 %,26 %,15 %,11 %,5 %,10 %,–,–,10 %,2.509,07.12.–13.12.,,
Forsa,07.12.2021,22 %,25 %,17 %,11 %,5 %,10 %,–,–,10 %,2.503,30.11.–06.12.,,
Forsa,30.11.2021,22 %,24 %,17 %,12 %,5 %,10 %,–,–,10 %,2.509,23.11.–29.11.,,
Forsa,23.11.2021,22 %,24 %,17 %,12 %,5 %,10 %,–,–,10 %,2.501,16.11.–22.11.,,
Forsa,16.11.2021,22 %,24 %,17 %,12 %,5 %,10 %,–,–,10 %,2.510,09.11.–15.11.,,
Forsa,09.11.2021,22 %,25 %,16 %,14 %,5 %,9 %,–,–,9 %,2.502,02.11.–08.11.,,
Forsa,02.11.2021,21 %,25 %,16 %,15 %,5 %,9 %,–,–,9 %,2.501,26.10.–01.11.,,
Forsa,26.10.2021,20 %,25 %,17 %,16 %,5 %,9 %,–,–,8 %,2.510,19.10.–25.10.,,
Forsa,19.10.2021,20 %,26 %,16 %,15 %,5 %,9 %,–,–,9 %,2.502,12.10.–18.10.,,
Forsa,12.10.2021,20 %,26 %,16 %,14 %,5 %,9 %,–,–,10 %,2.503,05.10.–11.10.,,
Forsa,05.10.2021,20 %,26 %,16 %,14 %,5 %,9 %,–,–,10 %,3.004,27.09.–04.10.,,
Forsa,24.09.2021,22 %,25 %,17 %,12 %,6 %,10 %,3 %,–,5 %,2.002,20.09.–23.09.,,26 %
Forsa,21.09.2021,22 %,25 %,17 %,11 %,6 %,11 %,3 %,–,5 %,2.502,14.09.–20.09.,,25 %
Forsa,14.09.2021,21 %,25 %,17 %,11 %,6 %,11 %,3 %,–,6 %,2.501,07.09.–13.09.,,25 %
Forsa,07.09.2021,19 %,25 %,17 %,13 %,6 %,11 %,–,–,9 %,2.505,31.08.–06.09.,,22 %
Forsa,31.08.2021,21 %,23 %,18 %,12 %,6 %,11 %,–,–,9 %,2.508,24.08.–30.08.,,24 %
Forsa,24.08.2021,22 %,23 %,18 %,12 %,6 %,10 %,–,–,9 %,2.504,17.08.–23.08.,,26 %
Forsa,18.08.2021,23 %,21 %,19 %,12 %,6 %,10 %,–,–,9 %,2.501,10.08.–16.08.,,26 %
Forsa,11.08.2021,23 %,19 %,20 %,12 %,7 %,10 %,–,–,9 %,2.509,03.08.–09.08.,,26 %
Forsa,03.08.2021,26 %,16 %,20 %,13 %,6 %,10 %,–,–,9 %,2.502,27.07.–02.08.,,25 %
Forsa,28.07.2021,26 %,15 %,21 %,13 %,7 %,10 %,–,–,8 %,2.501,20.07.–26.07.,,25 %
Forsa,21.07.2021,28 %,16 %,19 %,12 %,7 %,10 %,–,–,8 %,2.503,13.07.–19.07.,,22 %
Forsa,14.07.2021,30 %,15 %,19 %,12 %,7 %,9 %,–,–,8 %,2.502,06.07.–12.07.,,22 %
Forsa,07.07.2021,30 %,15 %,19 %,11 %,7 %,10 %,–,–,8 %,2.505,29.06.–05.07.,,22 %
Forsa,30.06.2021,30 %,14 %,20 %,12 %,7 %,9 %,–,–,8 %,2.501,22.06.–28.06.,,22 %
Forsa,23.06.2021,29 %,15 %,21 %,13 %,6 %,9 %,–,–,7 %,2.502,15.06.–21.06.,,24 %
Forsa,16.06.2021,28 %,14 %,21 %,14 %,7 %,9 %,–,–,7 %,2.501,08.06.–14.06.,,24 %
Forsa,09.06.2021,27 %,14 %,22 %,14 %,6 %,9 %,–,–,8 %,2.501,01.06.–07.06.,,24 %
Forsa,02.06.2021,25 %,14 %,24 %,14 %,6 %,9 %,–,–,8 %,2.500,25.05.–31.05.,,26 %
Forsa,26.05.2021,24 %,14 %,25 %,13 %,6 %,10 %,–,–,8 %,2.004,18.05.–21.05.,,24 %
Forsa,19.05.2021,24 %,15 %,26 %,11 %,6 %,10 %,–,–,8 %,2.001,11.05.–17.05.,,24 %
Forsa,12.05.2021,24 %,15 %,27 %,11 %,6 %,10 %,–,–,7 %,2.501,04.05.–10.05.,,24 %
Forsa,12.05.2021,24 %,15 %,27 %,11 %,6 %,10 %,–,–,7 %,2.501,04.05.–10.05.,,24 %
Forsa,05.05.2021,23 %,14 %,28 %,12 %,6 %,10 %,–,–,7 %,2.508,27.04.–03.05.,,26 %
Forsa,28.04.2021,22 %,13 %,28 %,12 %,7 %,11 %,–,–,7 %,2.507,20.04.–26.04.,,25 %
Forsa,20.04.2021,21 %,13 %,28 %,12 %,7 %,11 %,–,–,8 %,1.502,20.04.,,25 %
Forsa,20.04.2021,28 %,15 %,23 %,10 %,6 %,11 %,–,–,7 %,2.003,13.04.–16.04.,,23 %
Forsa,14.04.2021,27 %,15 %,23 %,9 %,8 %,11 %,–,–,7 %,2.500,06.04.–12.04.,,23 %
Forsa,07.04.2021,27 %,15 %,23 %,10 %,7 %,10 %,–,–,8 %,1.501,30.03.–01.04.,,21 %
Forsa,31.03.2021,27 %,15 %,23 %,10 %,7 %,11 %,–,–,7 %,2.503,23.03.–29.03.,,22 %
Forsa,24.03.2021,26 %,16 %,22 %,10 %,8 %,10 %,–,–,8 %,2.511,16.03.–22.03.,,21 %
Forsa,17.03.2021,29 %,16 %,21 %,8 %,8 %,10 %,–,–,8 %,2.501,09.03.–15.03.,,22 %
Forsa,10.03.2021,33 %,16 %,18 %,8 %,8 %,10 %,–,–,7 %,2.510,02.03.–08.03.,,22 %
Forsa,02.03.2021,34 %,16 %,19 %,7 %,8 %,9 %,–,–,7 %,2.501,25.02.–01.03.,,24 %
Forsa,23.02.2021,35 %,16 %,19 %,8 %,7 %,8 %,–,–,7 %,2.505,16.02.–22.02.,,23 %
Forsa,16.02.2021,35 %,16 %,19 %,7 %,8 %,8 %,–,–,7 %,2.502,09.02.–15.02.,,21 %
Forsa,09.02.2021,37 %,15 %,19 %,7 %,7 %,8 %,–,–,7 %,2.501,02.02.–08.02.,,21 %
Forsa,02.02.2021,37 %,15 %,19 %,6 %,8 %,8 %,–,–,7 %,2.503,26.01.–01.02.,,23 %
Forsa,26.01.2021,37 %,15 %,18 %,7 %,7 %,9 %,–,–,7 %,3.005,18.01.–25.01.,,23 %
Forsa,18.01.2021,35 %,15 %,19 %,7 %,8 %,9 %,–,–,7 %,2.014,16.01.–17.01.,,24 %
Forsa,18.01.2021,35 %,15 %,20 %,6 %,8 %,9 %,–,–,7 %,2.504,11.01.–15.01.,,24 %
Forsa,09.01.2021,36 %,14 %,20 %,7 %,8 %,8 %,–,–,7 %,2.503,04.01.–08.01.,,21 %
Forsa,26.12.2020,36 %,15 %,18 %,6 %,9 %,9 %,–,–,7 %,1.501,21.12.–23.12.,,
Forsa,19.12.2020,37 %,15 %,19 %,6 %,8 %,8 %,–,–,7 %,2.505,14.12.–18.12.,,23 %
Forsa,12.12.2020,37 %,15 %,20 %,5 %,8 %,8 %,–,–,7 %,2.503,07.12.–11.12.,,23 %
Forsa,05.12.2020,36 %,15 %,20 %,6 %,8 %,8 %,–,–,7 %,2.507,30.11.–04.12.,,21 %
Forsa,28.11.2020,37 %,15 %,21 %,6 %,8 %,7 %,–,–,6 %,2.500,23.11.–27.11.,,23 %
Forsa,21.11.2020,36 %,16 %,19 %,6 %,7 %,9 %,–,–,7 %,2.505,16.11.–19.11.,,23 %
Forsa,14.11.2020,36 %,15 %,19 %,5 %,8 %,10 %,–,–,7 %,2.502,09.11.–13.11.,,22 %
Forsa,07.11.2020,36 %,15 %,18 %,6 %,8 %,10 %,–,–,7 %,2.502,02.11.–06.11.,,22 %
Forsa,31.10.2020,35 %,16 %,19 %,6 %,8 %,10 %,–,–,6 %,2.503,26.10.–30.10.,,22 %
Forsa,24.10.2020,36 %,15 %,20 %,6 %,7 %,9 %,–,–,7 %,2.503,19.10.–23.10.,,22 %
Forsa,17.10.2020,36 %,15 %,20 %,6 %,7 %,9 %,–,–,7 %,2.501,12.10.–16.10.,,23 %
Forsa,10.10.2020,36 %,15 %,20 %,5 %,8 %,9 %,–,–,7 %,2.504,05.10.–09.10.,,21 %
Forsa,03.10.2020,36 %,15 %,20 %,6 %,7 %,9 %,–,–,7 %,2.502,29.09.–02.10.,,22 %
Forsa,26.09.2020,35 %,15 %,21 %,6 %,8 %,9 %,–,–,6 %,2.504,21.09.–25.09.,,23 %
Forsa,19.09.2020,36 %,14 %,22 %,5 %,8 %,8 %,–,–,7 %,2.501,14.09.–18.09.,,22 %
Forsa,12.09.2020,36 %,16 %,18 %,5 %,9 %,9 %,–,–,7 %,2.501,07.09.–11.09.,,23 %
Forsa,05.09.2020,36 %,16 %,18 %,5 %,9 %,9 %,–,–,7 %,2.503,31.08.–04.09.,,22 %
Forsa,29.08.2020,36 %,16 %,19 %,5 %,7 %,9 %,–,–,8 %,2.502,24.08.–28.08.,,23 %
Forsa,22.08.2020,36 %,16 %,19 %,5 %,7 %,9 %,–,–,8 %,2.504,17.08.–21.08.,,23 %
Forsa,15.08.2020,36 %,16 %,20 %,6 %,6 %,9 %,–,–,7 %,2.501,10.08.–14.08.,,22 %
Forsa,08.08.2020,38 %,14 %,18 %,6 %,8 %,8 %,–,–,8 %,2.502,03.08.–07.08.,,22 %
Forsa,01.08.2020,38 %,14 %,18 %,6 %,8 %,8 %,–,–,8 %,2.504,27.07.–31.07.,,22 %
Forsa,25.07.2020,38 %,14 %,18 %,6 %,8 %,9 %,–,–,7 %,2.504,20.07.–24.07.,,23 %
Forsa,18.07.2020,38 %,14 %,18 %,6 %,8 %,9 %,–,–,7 %,2.501,13.07.–16.07.,,23 %
Forsa,11.07.2020,38 %,14 %,18 %,6 %,7 %,10 %,–,–,7 %,2.500,06.07.–10.07.,,24 %
Forsa,04.07.2020,38 %,14 %,18 %,5 %,8 %,10 %,–,–,7 %,2.503,29.06.–03.07.,,27 %
Forsa,27.06.2020,38 %,14 %,17 %,6 %,8 %,10 %,–,–,7 %,2.501,22.06.–26.06.,,27 %
Forsa,20.06.2020,39 %,14 %,18 %,5 %,8 %,9 %,–,–,7 %,2.501,15.06.–19.06.,,25 %
Forsa,13.06.2020,40 %,14 %,17 %,6 %,8 %,8 %,–,–,7 %,2.504,08.06.–13.06.,,26 %
Forsa,06.06.2020,40 %,16 %,15 %,6 %,8 %,8 %,–,–,7 %,2.002,02.06.–05.06.,,27 %
Forsa,30.05.2020,40 %,15 %,16 %,5 %,8 %,9 %,–,–,7 %,2.500,25.05.–29.05.,,26 %
Forsa,23.05.2020,40 %,15 %,16 %,5 %,8 %,9 %,–,–,7 %,2.002,18.05.–22.05.,,26 %
Forsa,16.05.2020,39 %,15 %,16 %,6 %,8 %,9 %,–,–,7 %,2.509,11.05.–15.05.,,25 %
Forsa,09.05.2020,40 %,15 %,15 %,6 %,7 %,10 %,–,–,7 %,2.503,04.05.–08.05.,,27 %
Forsa,02.05.2020,38 %,17 %,14 %,6 %,8 %,10 %,–,–,7 %,2.004,27.04.–30.04.,,26 %
Forsa,25.04.2020,39 %,16 %,15 %,6 %,8 %,9 %,–,–,7 %,2.505,20.04.–24.04.,,24 %
Forsa,18.04.2020,39 %,16 %,15 %,5 %,8 %,10 %,–,–,7 %,2.002,14.04.–17.04.,,25 %
Forsa,11.04.2020,37 %,17 %,16 %,5 %,8 %,10 %,–,–,7 %,2.001,06.04.–09.04.,,
Forsa,04.04.2020,37 %,17 %,16 %,6 %,8 %,9 %,–,–,7 %,2.506,30.03.–03.04.,,25 %
Forsa,28.03.2020,36 %,16 %,17 %,6 %,8 %,9 %,–,–,8 %,2.511,23.03.–27.03.,,25 %
Forsa,26.03.2020,36 %,16 %,17 %,6 %,8 %,9 %,–,–,8 %,1.502,23.03.–25.03.,,24 %
Forsa,21.03.2020,32 %,15 %,20 %,7 %,9 %,9 %,–,–,8 %,2.504,16.03.–20.03.,,24 %
Forsa,14.03.2020,29 %,14 %,22 %,6 %,10 %,11 %,–,–,8 %,2.503,09.03.–13.03.,,22 %
Forsa,07.03.2020,26 %,15 %,24 %,6 %,10 %,11 %,–,–,8 %,2.503,02.03.–06.03.,,27 %
Forsa,29.02.2020,27 %,16 %,24 %,5 %,10 %,10 %,–,–,8 %,2.505,24.02.–28.02.,,25 %
Forsa,22.02.2020,27 %,14 %,24 %,7 %,10 %,10 %,–,–,8 %,2.504,17.02.–21.02.,,
Forsa,15.02.2020,27 %,14 %,24 %,6 %,10 %,11 %,–,–,8 %,2.502,10.02.–14.02.,,20 %
Forsa,08.02.2020,28 %,14 %,23 %,8 %,9 %,10 %,–,–,8 %,2.503,03.02.–07.02.,,
Forsa,01.02.2020,28 %,12 %,23 %,9 %,9 %,11 %,–,–,8 %,2.504,27.01.–31.01.,,24 %
Forsa,25.01.2020,28 %,12 %,23 %,9 %,9 %,12 %,–,–,7 %,2.507,20.01.–24.01.,,
Forsa,18.01.2020,28 %,13 %,22 %,8 %,9 %,13 %,–,–,7 %,2.504,13.01.–17.01.,,22 %
Forsa,11.01.2020,28 %,12 %,22 %,9 %,8 %,13 %,–,–,8 %,2.503,06.01.–10.01.,,23 %
Forsa,21.12.2019,28 %,13 %,22 %,8 %,8 %,13 %,–,–,8 %,2.501,16.12.–20.12.,,23 %
Forsa,14.12.2019,28 %,12 %,22 %,8 %,9 %,13 %,–,–,8 %,2.502,09.12.–13.12.,,22 %
Forsa,07.12.2019,28 %,11 %,22 %,9 %,8 %,14 %,–,–,8 %,2.502,02.12.–06.12.,,24 %
Forsa,30.11.2019,27 %,14 %,22 %,8 %,8 %,13 %,–,–,8 %,2.500,25.11.–29.11.,,23 %
Forsa,23.11.2019,26 %,14 %,21 %,9 %,9 %,13 %,–,–,8 %,2.501,18.11.–22.11.,,22 %
Forsa,16.11.2019,26 %,15 %,19 %,9 %,10 %,13 %,–,–,8 %,2.501,11.11.–15.11.,,23 %
Forsa,09.11.2019,26 %,13 %,21 %,9 %,10 %,13 %,–,–,8 %,2.501,04.11.–08.11.,,24 %
Forsa,02.11.2019,28 %,13 %,20 %,8 %,10 %,13 %,–,–,8 %,2.502,28.10.–01.11.,,25 %
Forsa,26.10.2019,29 %,14 %,20 %,8 %,8 %,13 %,–,–,8 %,2.501,21.10.–25.10.,,22 %
Forsa,19.10.2019,27 %,14 %,22 %,8 %,8 %,13 %,–,–,8 %,2.501,14.10.–18.10.,,22 %
Forsa,12.10.2019,27 %,14 %,23 %,8 %,8 %,12 %,–,–,8 %,2.500,07.10.–11.10.,,22 %
Forsa,05.10.2019,28 %,14 %,22 %,8 %,7 %,13 %,–,–,8 %,2.505,30.09.–04.10.,,22 %
Forsa,28.09.2019,27 %,13 %,23 %,9 %,7 %,13 %,–,–,8 %,2.505,23.09.–27.09.,,20 %
Forsa,21.09.2019,27 %,15 %,22 %,8 %,7 %,13 %,–,–,8 %,2.500,16.09.–20.09.,,21 %
Forsa,14.09.2019,27 %,15 %,22 %,8 %,7 %,14 %,–,–,7 %,2.503,09.09.–13.09.,,21 %
Forsa,07.09.2019,27 %,15 %,23 %,8 %,6 %,13 %,–,–,8 %,2.503,02.09.–06.09.,,20 %
Forsa,31.08.2019,27 %,15 %,23 %,9 %,7 %,12 %,–,–,7 %,2.501,26.08.–30.08.,,19 %
Forsa,24.08.2019,26 %,14 %,23 %,9 %,8 %,13 %,–,–,7 %,2.504,19.08.–23.08.,,21 %
Forsa,17.08.2019,25 %,13 %,24 %,9 %,8 %,13 %,–,–,8 %,2.501,12.08.–16.08.,,23 %
Forsa,10.08.2019,26 %,12 %,25 %,8 %,8 %,13 %,–,–,8 %,2.503,05.08.–09.08.,,22 %
Forsa,03.08.2019,27 %,13 %,23 %,9 %,8 %,13 %,–,–,7 %,2.501,29.07.–02.08.,,22 %
Forsa,27.07.2019,27 %,13 %,24 %,9 %,7 %,13 %,–,–,7 %,2.502,22.07.–26.07.,,20 %
Forsa,20.07.2019,27 %,13 %,24 %,8 %,8 %,12 %,–,–,8 %,2.500,15.07.–19.07.,,20 %
Forsa,13.07.2019,26 %,13 %,25 %,7 %,8 %,13 %,–,–,8 %,2.500,08.07.–12.07.,,19 %
Forsa,06.07.2019,26 %,12 %,26 %,8 %,8 %,12 %,–,–,8 %,2.501,01.07.–05.07.,,19 %
Forsa,29.06.2019,26 %,12 %,26 %,8 %,8 %,12 %,–,–,8 %,2.501,24.06.–28.06.,,19 %
Forsa,22.06.2019,24 %,12 %,27 %,8 %,8 %,13 %,–,–,8 %,2.500,17.06.–21.06.,,18 %
Forsa,15.06.2019,24 %,11 %,27 %,9 %,8 %,13 %,–,–,8 %,2.001,11.06.–14.06.,,18 %
Forsa,08.06.2019,24 %,12 %,27 %,8 %,8 %,12 %,–,–,9 %,2.501,03.06.–07.06.,,18 %
Forsa,01.06.2019,26 %,12 %,27 %,8 %,7 %,11 %,–,–,9 %,2.001,27.05.–31.05.,,17 %
Forsa,27.05.2019,28 %,17 %,18 %,8 %,8 %,13 %,–,–,8 %,2.500,20.05.–24.05.,,24 %
Forsa,20.05.2019,29 %,16 %,19 %,8 %,9 %,13 %,–,–,6 %,2.503,13.05.–17.05.,,22 %
Forsa,13.05.2019,30 %,15 %,20 %,8 %,8 %,13 %,–,–,6 %,2.502,06.05.–10.05.,,23 %
Forsa,06.05.2019,29 %,15 %,20 %,8 %,9 %,13 %,–,–,6 %,2.002,29.04.–03.05.,,23 %
Forsa,29.04.2019,27 %,17 %,20 %,8 %,9 %,13 %,–,–,6 %,2.009,18.04.–24.04.,,23 %
Forsa,22.04.2019,28 %,17 %,19 %,9 %,8 %,13 %,–,–,6 %,2.004,15.04.–18.04.,,23 %
Forsa,13.04.2019,29 %,16 %,19 %,10 %,8 %,12 %,–,–,6 %,2.501,08.04.–12.04.,,24 %
Forsa,06.04.2019,29 %,16 %,20 %,10 %,8 %,12 %,–,–,5 %,2.501,01.04.–05.04.,,26 %
Forsa,30.03.2019,28 %,16 %,20 %,10 %,8 %,12 %,–,–,6 %,2.504,25.03.–29.03.,,27 %
Forsa,23.03.2019,30 %,16 %,20 %,9 %,8 %,11 %,–,–,6 %,2.501,18.03.–22.03.,,25 %
Forsa,16.03.2019,31 %,15 %,19 %,10 %,7 %,12 %,–,–,6 %,2.505,11.03.–15.03.,,24 %
Forsa,09.03.2019,31 %,15 %,19 %,9 %,8 %,12 %,–,–,6 %,2.501,04.03.–08.03.,,24 %
Forsa,04.03.2019,30 %,16 %,20 %,9 %,8 %,11 %,–,–,6 %,2.502,25.02.–01.03.,,
Forsa,23.02.2019,30 %,16 %,20 %,9 %,7 %,12 %,–,–,6 %,2.501,18.02.–22.02.,,26 %
Forsa,16.02.2019,29 %,17 %,21 %,10 %,6 %,12 %,–,–,5 %,2.501,11.02.–15.02.,,25 %
Forsa,09.02.2019,31 %,15 %,19 %,10 %,8 %,12 %,–,–,5 %,2.500,04.02.–08.02.,,24 %
Forsa,02.02.2019,32 %,15 %,19 %,9 %,8 %,12 %,–,–,5 %,2.501,28.01.–01.02.,,25 %
Forsa,26.01.2019,32 %,14 %,20 %,9 %,9 %,11 %,–,–,5 %,2.501,21.01.–25.01.,,24 %
Forsa,19.01.2019,32 %,15 %,19 %,9 %,8 %,12 %,–,–,5 %,2.503,14.01.–18.01.,,24 %
Forsa,12.01.2019,32 %,15 %,19 %,9 %,8 %,12 %,–,–,5 %,2.504,07.01.–11.01.,,25 %
Forsa,05.01.2019,32 %,15 %,19 %,8 %,9 %,12 %,–,–,5 %,1.503,02.01.–04.01.,,24 %
Forsa,22.12.2018,31 %,14 %,20 %,8 %,8 %,13 %,–,–,6 %,2.504,17.12.–21.12.,,24 %
Forsa,15.12.2018,32 %,15 %,19 %,8 %,8 %,12 %,–,–,6 %,2.507,10.12.–14.12.,,24 %
Forsa,10.12.2018,32 %,14 %,19 %,8 %,8 %,13 %,–,–,6 %,1.506,07.12.–09.12.,,22 %
Forsa,07.12.2018,29 %,14 %,22 %,8 %,8 %,13 %,–,–,6 %,2.006,03.12.–06.12.,,
Forsa,01.12.2018,27 %,14 %,22 %,9 %,8 %,14 %,–,–,6 %,2.505,26.11.–30.11.,,24 %
Forsa,24.11.2018,27 %,14 %,23 %,9 %,8 %,14 %,–,–,5 %,2.507,19.11.–23.11.,,21 %
Forsa,17.11.2018,28 %,14 %,23 %,9 %,9 %,12 %,–,–,5 %,2.503,12.11.–16.11.,,24 %
Forsa,11.11.2018,27 %,14 %,23 %,9 %,9 %,13 %,–,–,5 %,2.504,05.11.–09.11.,,23 %
Forsa,03.11.2018,27 %,13 %,24 %,9 %,9 %,13 %,–,–,5 %,2.502,29.10.–02.11.,,24 %
Forsa,27.10.2018,26 %,14 %,21 %,9 %,10 %,14 %,–,–,6 %,2.509,22.10.–26.10.,,
Forsa,20.10.2018,27 %,14 %,21 %,9 %,9 %,15 %,–,–,5 %,2.502,15.10.–19.10.,,26 %
Forsa,13.10.2018,28 %,16 %,19 %,9 %,9 %,14 %,–,–,5 %,2.504,08.10.–12.10.,,29 %
Forsa,06.10.2018,28 %,16 %,18 %,9 %,10 %,14 %,–,–,5 %,2.002,01.10.–05.10.,,29 %
Forsa,29.09.2018,28 %,16 %,17 %,9 %,10 %,15 %,–,–,5 %,2.501,24.09.–28.09.,,31 %
Forsa,22.09.2018,28 %,17 %,16 %,9 %,10 %,15 %,–,–,5 %,2.502,17.09.–21.09.,,31 %
Forsa,15.09.2018,30 %,18 %,16 %,8 %,10 %,13 %,–,–,5 %,2.507,10.09.–14.09.,,25 %
Forsa,08.09.2018,31 %,16 %,15 %,9 %,10 %,14 %,–,–,5 %,2.507,03.09.–07.09.,,27 %
Forsa,01.09.2018,30 %,17 %,16 %,8 %,8 %,16 %,–,–,5 %,2.503,27.08.–31.08.,,26 %
Forsa,25.08.2018,30 %,18 %,15 %,8 %,10 %,14 %,–,–,5 %,2.502,20.08.–24.08.,,26 %
Forsa,18.08.2018,30 %,18 %,15 %,9 %,10 %,14 %,–,–,4 %,2.503,13.08.–17.08.,,26 %
Forsa,11.08.2018,30 %,18 %,15 %,10 %,9 %,14 %,–,–,4 %,2.505,06.08.–10.08.,,26 %
Forsa,04.08.2018,31 %,18 %,13 %,10 %,9 %,14 %,–,–,5 %,2.508,30.07.–03.08.,,26 %
Forsa,28.07.2018,32 %,18 %,13 %,9 %,9 %,14 %,–,–,5 %,2.505,23.07.–27.07.,,25 %
Forsa,21.07.2018,31 %,18 %,13 %,8 %,10 %,15 %,–,–,5 %,2.505,16.07.–20.07.,,25 %
Forsa,14.07.2018,31 %,17 %,13 %,9 %,9 %,16 %,–,–,5 %,2.505,09.07.–13.07.,,24 %
Forsa,07.07.2018,30 %,17 %,13 %,10 %,9 %,16 %,–,–,5 %,2.502,02.07.–06.07.,,24 %
Forsa,30.06.2018,31 %,17 %,12 %,10 %,10 %,15 %,–,–,5 %,2.508,25.06.–29.06.,,24 %
Forsa,24.06.2018,30 %,17 %,13 %,9 %,10 %,15 %,–,–,6 %,2.503,18.06.–22.06.,,24 %
Forsa,16.06.2018,30 %,16 %,14 %,10 %,9 %,15 %,–,–,6 %,1.001,14.06.–15.06.,,26 %
Forsa,16.06.2018,34 %,18 %,12 %,9 %,8 %,13 %,–,–,6 %,1.501,11.06.–13.06.,,23 %
Forsa,09.06.2018,33 %,18 %,12 %,9 %,10 %,13 %,–,–,5 %,2.504,04.06.–08.06.,,23 %
Forsa,02.06.2018,34 %,18 %,12 %,8 %,10 %,13 %,–,–,5 %,2.506,28.05.–01.06.,,25 %
Forsa,27.05.2018,33 %,18 %,13 %,8 %,10 %,13 %,–,–,5 %,2.002,22.05.–25.05.,,24 %
Forsa,19.05.2018,33 %,18 %,12 %,9 %,9 %,13 %,–,–,6 %,2.502,14.05.–18.05.,,23 %
Forsa,12.05.2018,34 %,17 %,13 %,8 %,10 %,13 %,–,–,5 %,2.004,07.05.–11.05.,,23 %
Forsa,05.05.2018,34 %,18 %,11 %,9 %,10 %,13 %,–,–,5 %,2.003,30.04.–04.05.,,21 %
Forsa,28.04.2018,34 %,17 %,13 %,9 %,10 %,12 %,–,–,5 %,2.507,23.04.–27.04.,,22 %
Forsa,23.04.2018,34 %,18 %,13 %,9 %,10 %,12 %,–,–,4 %,2.503,16.04.–20.04.,,22 %
Forsa,14.04.2018,34 %,19 %,12 %,9 %,10 %,12 %,–,–,4 %,2.506,09.04.–13.04.,,23 %
Forsa,07.04.2018,32 %,20 %,11 %,9 %,10 %,13 %,–,–,5 %,2.005,03.04.–06.04.,,23 %
Forsa,31.03.2018,33 %,18 %,12 %,9 %,10 %,13 %,–,–,5 %,2.003,26.03.–29.03.,,23 %
Forsa,24.03.2018,31 %,19 %,12 %,9 %,11 %,14 %,–,–,4 %,2.502,19.03.–23.03.,,23 %
Forsa,17.03.2018,34 %,19 %,11 %,8 %,10 %,13 %,–,–,5 %,2.502,12.03.–16.03.,,25 %
Forsa,11.03.2018,34 %,18 %,13 %,9 %,10 %,12 %,–,–,4 %,2.507,05.03.–09.03.,,24 %
Forsa,05.03.2018,34 %,19 %,12 %,9 %,9 %,13 %,–,–,4 %,1.502,04.03.–05.03.,,26 %
Forsa,03.03.2018,35 %,18 %,12 %,9 %,9 %,13 %,–,–,4 %,2.505,26.02.–02.03.,,25 %
Forsa,24.02.2018,35 %,18 %,12 %,9 %,9 %,13 %,–,–,4 %,2.506,19.02.–23.02.,,25 %
Forsa,17.02.2018,34 %,16 %,13 %,9 %,10 %,13 %,–,–,5 %,2.501,12.02.–16.02.,,24 %
Forsa,09.02.2018,31 %,18 %,13 %,10 %,10 %,13 %,–,–,5 %,1.003,07.02.–08.02.,,–
Forsa,05.02.2018,33 %,18 %,13 %,9 %,9 %,13 %,–,–,5 %,2.507,29.01.–02.02.,,24 %
Forsa,29.01.2018,34 %,18 %,12 %,9 %,10 %,12 %,–,–,5 %,2.505,22.01.–26.01.,,25 %
Forsa,22.01.2018,34 %,17 %,12 %,8 %,11 %,13 %,–,–,5 %,1.282,22.01.,,–
Forsa,21.01.2018,34 %,18 %,12 %,8 %,10 %,12 %,–,–,6 %,2.501,15.01.–19.01.,,23 %
Forsa,18.01.2018,34 %,18 %,12 %,8 %,10 %,12 %,–,–,6 %,1.504,15.01.–17.01.,,–
Forsa,15.01.2018,33 %,20 %,12 %,9 %,9 %,11 %,–,–,6 %,2.501,08.01.–12.01.,,22 %
Forsa,07.01.2018,34 %,20 %,12 %,9 %,9 %,10 %,–,–,6 %,2.003,02.01.–05.01.,,22 %
Forsa,27.12.2017,34 %,19 %,12 %,8 %,10 %,12 %,–,–,5 %,2.504,18.12.–22.12.,,21 %
Forsa,16.12.2017,33 %,20 %,12 %,8 %,10 %,12 %,–,–,5 %,2.501,11.12.–15.12.,,21 %
Forsa,10.12.2017,34 %,20 %,12 %,8 %,9 %,11 %,–,–,6 %,1.566,09.12.–10.12.,,–
Forsa,10.12.2017,34 %,20 %,12 %,8 %,9 %,11 %,–,–,6 %,2.500,04.12.–08.12.,,22 %
Forsa,04.12.2017,34 %,20 %,13 %,8 %,9 %,10 %,–,–,6 %,2.502,27.11.–01.12.,,23 %
Forsa,27.11.2017,33 %,19 %,12 %,10 %,9 %,11 %,–,–,6 %,2.508,20.11.–24.11.,,24 %
Forsa,20.11.2017,31 %,21 %,12 %,10 %,9 %,12 %,–,–,5 %,1.789,20.11.,,–
Forsa,20.11.2017,32 %,20 %,11 %,12 %,8 %,12 %,–,–,5 %,2.505,13.11.–17.11.,,21 %
Forsa,13.11.2017,32 %,20 %,10 %,12 %,9 %,12 %,–,–,5 %,2.506,06.11.–10.11.,,21 %
Forsa,06.11.2017,32 %,21 %,10 %,11 %,9 %,12 %,–,–,5 %,2.005,30.10.–03.11.,,22 %
Forsa,01.11.2017,33 %,20 %,11 %,11 %,9 %,11 %,–,–,5 %,2.500,23.10.–27.10.,,23 %
Forsa,25.10.2017,31 %,22 %,10 %,11 %,10 %,11 %,–,–,5 %,2.503,16.10.–20.10.,,25 %
Forsa,18.10.2017,32 %,20 %,11 %,11 %,9 %,12 %,–,–,5 %,2.501,09.10.–13.10.,,25 %
Forsa,11.10.2017,32 %,20 %,11 %,11 %,9 %,12 %,–,–,5 %,2.001,02.10.–06.10.,,24 %
Forsa,04.10.2017,32 %,20 %,10 %,11 %,10 %,12 %,–,–,5 %,2.005,25.09.–29.09.,,25 %
Forsa,22.09.2017,36 %,22 %,7 %,"9,5 %","9,5 %",11 %,–,–,5 %,2.006,18.09.–21.09.,,–
Forsa,19.09.2017,36 %,23 %,8 %,9 %,10 %,9 %,–,–,5 %,2.501,11.09.–15.09.,,–
Forsa,13.09.2017,37 %,23 %,8 %,8 %,10 %,9 %,–,–,5 %,2.505,04.09.–08.09.,,26 %
Forsa,08.09.2017,37 %,23 %,8 %,9 %,10 %,9 %,–,–,4 %,2.001,04.09.–07.09.,,–
Forsa,06.09.2017,38 %,23 %,8 %,8 %,9 %,9 %,–,–,5 %,2.503,28.08.–01.09.,,28 %
Forsa,30.08.2017,38 %,24 %,7 %,8 %,9 %,9 %,–,–,5 %,2.501,21.08.–25.08.,,26 %
Forsa,23.08.2017,38 %,24 %,7 %,8 %,9 %,9 %,–,–,5 %,2.501,14.08.–18.08.,,24 %
Forsa,16.08.2017,39 %,23 %,8 %,8 %,9 %,8 %,–,–,5 %,2.507,07.08.–11.08.,,26 %
Forsa,09.08.2017,40 %,23 %,8 %,7 %,8 %,8 %,–,–,6 %,2.503,31.07.–04.08.,,24 %
Forsa,02.08.2017,40 %,22 %,8 %,8 %,8 %,8 %,–,–,6 %,2.501,24.07.–28.07.,,23 %
Forsa,26.07.2017,40 %,22 %,8 %,8 %,9 %,7 %,–,–,6 %,2.507,17.07.–21.07.,,23 %
Forsa,19.07.2017,40 %,22 %,8 %,8 %,9 %,7 %,–,–,6 %,2.502,10.07.–14.07.,,23 %
Forsa,11.07.2017,39 %,22 %,8 %,8 %,9 %,8 %,–,–,6 %,2.501,03.07.–07.07.,,22 %
Forsa,05.07.2017,39 %,23 %,8 %,8 %,9 %,7 %,–,–,6 %,2.503,26.06.–30.06.,,21 %
Forsa,29.06.2017,40 %,23 %,9 %,8 %,9 %,7 %,–,–,4 %,1.507,26.06.–28.06.,,–
Forsa,28.06.2017,40 %,23 %,9 %,7 %,9 %,7 %,–,–,5 %,2.502,19.06.–23.06.,,22 %
Forsa,21.06.2017,39 %,23 %,8 %,8 %,10 %,7 %,–,–,5 %,2.505,12.06.–16.06.,,23 %
Forsa,13.06.2017,38 %,24 %,8 %,9 %,8 %,7 %,–,–,6 %,2.004,06.06.–09.06.,,21 %
Forsa,07.06.2017,39 %,24 %,8 %,8 %,8 %,7 %,–,–,6 %,2.501,29.05.–02.06.,,20 %
Forsa,31.05.2017,38 %,25 %,7 %,9 %,8 %,7 %,–,–,6 %,2.001,22.05.–26.05.,,20 %
Forsa,23.05.2017,39 %,25 %,7 %,9 %,8 %,7 %,–,–,5 %,2.502,15.05.–19.05.,,22 %
Forsa,17.05.2017,38 %,26 %,7 %,8 %,8 %,7 %,–,–,6 %,2.506,08.05.–12.05.,,24 %
Forsa,10.05.2017,36 %,29 %,7 %,7 %,8 %,7 %,–,–,6 %,2.004,02.05.–05.05.,,23 %
Forsa,03.05.2017,36 %,28 %,8 %,7 %,8 %,8 %,–,–,5 %,2.502,24.04.–28.04.,,23 %
Forsa,26.04.2017,36 %,30 %,7 %,6 %,8 %,9 %,–,–,4 %,2.002,18.04.–21.04.,,24 %
Forsa,19.04.2017,36 %,30 %,6 %,6 %,9 %,8 %,–,–,5 %,2.007,10.04.–13.04.,,25 %
Forsa,11.04.2017,36 %,30 %,7 %,6 %,8 %,8 %,–,–,5 %,2.502,03.04.–07.04.,,23 %
Forsa,04.04.2017,36 %,29 %,7 %,5 %,9 %,8 %,–,–,6 %,2.504,27.03.–31.03.,,24 %
Forsa,29.03.2017,34 %,32 %,7 %,6 %,8 %,7 %,–,–,6 %,2.501,20.03.–24.03.,,23 %
Forsa,22.03.2017,34 %,31 %,7 %,6 %,7 %,9 %,–,–,6 %,2.504,13.03.–17.03.,,23 %
Forsa,15.03.2017,33 %,32 %,7 %,6 %,7 %,9 %,–,–,6 %,2.505,06.03.–10.03.,,24 %
Forsa,08.03.2017,33 %,32 %,8 %,6 %,7 %,8 %,–,–,6 %,2.502,27.02.–03.03.,,23 %
Forsa,01.03.2017,33 %,31 %,8 %,7 %,7 %,9 %,–,–,5 %,2.500,20.02.–24.02.,,23 %
Forsa,22.02.2017,34 %,31 %,7 %,6 %,8 %,8 %,–,–,6 %,2.502,13.02.–17.02.,,23 %
Forsa,15.02.2017,34 %,31 %,7 %,5 %,8 %,9 %,–,–,6 %,2.502,05.02.–10.02.,,24 %
Forsa,08.02.2017,34 %,31 %,8 %,5 %,8 %,10 %,–,–,4 %,2.501,30.01.–03.02.,,24 %
Forsa,01.02.2017,35 %,26 %,8 %,6 %,9 %,11 %,–,–,5 %,2.502,23.01.–27.01.,,24 %
Forsa,25.01.2017,37 %,21 %,10 %,6 %,9 %,12 %,–,–,5 %,2.504,16.01.–20.01.,,26 %
Forsa,18.01.2017,38 %,21 %,9 %,6 %,9 %,11 %,–,–,6 %,2.503,09.01.–13.01.,,26 %
Forsa,11.01.2017,37 %,20 %,10 %,6 %,9 %,12 %,–,–,6 %,2.501,02.01.–06.01.,,27 %
Forsa,04.01.2017,37 %,21 %,10 %,6 %,9 %,12 %,–,–,5 %,2.001,27.12.–30.12.,,30 %
Forsa,28.12.2016,38 %,20 %,10 %,5 %,9 %,12 %,–,–,6 %,2.504,19.12.–23.12.,,27 %
Forsa,20.12.2016,36 %,22 %,10 %,6 %,9 %,11 %,–,–,6 %,2.502,12.12.–16.12.,,26 %
Forsa,14.12.2016,37 %,21 %,10 %,6 %,9 %,11 %,–,–,6 %,2.506,05.12.–09.12.,,26 %
Forsa,07.12.2016,36 %,22 %,11 %,6 %,10 %,10 %,–,–,5 %,2.501,28.11.–02.12.,,25 %
Forsa,30.11.2016,37 %,22 %,10 %,5 %,9 %,11 %,–,–,6 %,2.503,21.11.–25.11.,,26 %
Forsa,23.11.2016,36 %,23 %,10 %,5 %,10 %,10 %,–,–,6 %,2.505,14.11.–18.11.,,25 %
Forsa,16.11.2016,35 %,23 %,11 %,6 %,10 %,10 %,–,–,5 %,2.503,07.11.–11.11.,,26 %
Forsa,09.11.2016,34 %,23 %,11 %,6 %,10 %,11 %,–,–,5 %,2.503,31.10.–04.11.,,26 %
Forsa,02.11.2016,34 %,22 %,11 %,7 %,10 %,11 %,–,–,5 %,2.503,24.10.–28.10.,,26 %
Forsa,26.10.2016,35 %,22 %,11 %,6 %,9 %,12 %,–,–,5 %,2.504,17.10.–21.10.,,29 %
Forsa,19.10.2016,34 %,22 %,11 %,6 %,9 %,12 %,–,–,6 %,2.505,10.10.–14.10.,,31 %
Forsa,12.10.2016,34 %,22 %,11 %,6 %,10 %,12 %,–,–,5 %,2.004,04.10.–07.10.,,28 %
Forsa,05.10.2016,33 %,22 %,11 %,6 %,10 %,13 %,–,–,5 %,2.503,26.09.–30.09.,,28 %
Forsa,28.09.2016,33 %,23 %,10 %,6 %,9 %,14 %,–,–,5 %,2.506,19.09.–23.09.,,25 %
Forsa,21.09.2016,33 %,23 %,11 %,6 %,8 %,13 %,–,–,6 %,2.504,12.09.–16.09.,,26 %
Forsa,14.09.2016,32 %,23 %,11 %,6 %,8 %,13 %,–,–,7 %,2.501,05.09.–09.09.,,28 %
Forsa,07.09.2016,33 %,22 %,12 %,7 %,8 %,12 %,–,–,6 %,2.501,29.08.–02.09.,,28 %
Forsa,31.08.2016,33 %,22 %,12 %,6 %,9 %,12 %,–,–,6 %,2.503,22.08.–26.08.,,29 %
Forsa,24.08.2016,35 %,22 %,12 %,6 %,9 %,10 %,–,–,6 %,2.504,15.08.–19.08.,,29 %
Forsa,17.08.2016,36 %,21 %,13 %,6 %,9 %,9 %,–,–,6 %,2.501,08.08.–12.08.,,29 %
Forsa,10.08.2016,36 %,21 %,13 %,5 %,10 %,9 %,–,–,6 %,2.501,01.08.–05.08.,,28 %
Forsa,03.08.2016,35 %,23 %,12 %,6 %,9 %,9 %,–,–,6 %,2.508,25.07.–29.07.,,27 %
Forsa,26.07.2016,35 %,22 %,13 %,6 %,9 %,9 %,–,–,6 %,2.508,18.07.–22.07.,,28 %
Forsa,20.07.2016,35 %,22 %,12 %,7 %,9 %,9 %,–,–,6 %,2.502,11.07.–15.07.,,28 %
Forsa,13.07.2016,36 %,23 %,12 %,6 %,9 %,8 %,–,–,6 %,2.503,04.07.–08.07.,,27 %
Forsa,06.07.2016,35 %,21 %,13 %,6 %,10 %,9 %,–,–,6 %,2.504,27.06.–01.07.,,27 %
Forsa,28.06.2016,34 %,22 %,12 %,6 %,9 %,10 %,–,–,7 %,2.501,20.06.–24.06.,,29 %
Forsa,22.06.2016,33 %,21 %,13 %,6 %,9 %,11 %,–,–,7 %,2.503,13.06.–17.06.,,29 %
Forsa,15.06.2016,33 %,21 %,13 %,6 %,10 %,11 %,–,–,6 %,2.505,06.06.–10.06.,,30 %
Forsa,08.06.2016,34 %,21 %,13 %,7 %,10 %,10 %,–,–,5 %,2.501,30.05.–03.06.,,29 %
Forsa,01.06.2016,34 %,21 %,13 %,6 %,9 %,10 %,–,–,7 %,2.502,23.05.–27.05.,,29 %
Forsa,24.05.2016,33 %,20 %,14 %,6 %,9 %,12 %,–,–,6 %,2.006,17.05.–20.05.,,30 %
Forsa,17.05.2016,34 %,19 %,14 %,7 %,9 %,11 %,–,–,6 %,2.501,09.05.–13.05.,,29 %
Forsa,11.05.2016,34 %,21 %,13 %,8 %,9 %,10 %,–,–,5 %,2.002,02.05.–06.05.,,27 %
Forsa,03.05.2016,34 %,21 %,13 %,8 %,9 %,9 %,–,–,6 %,2.501,25.04.–29.04.,,28 %
Forsa,27.04.2016,33 %,22 %,13 %,8 %,9 %,10 %,–,–,5 %,2.502,18.04.–22.04.,,28 %
Forsa,20.04.2016,34 %,21 %,13 %,7 %,9 %,11 %,–,–,5 %,2.504,11.04.–15.04.,,29 %
Forsa,13.04.2016,34 %,21 %,14 %,7 %,9 %,10 %,–,–,5 %,2.506,04.04.–08.04.,,29 %
Forsa,06.04.2016,35 %,21 %,13 %,7 %,8 %,10 %,–,–,6 %,2.004,29.03.–01.04.,,27 %
Forsa,30.03.2016,36 %,20 %,13 %,7 %,8 %,10 %,–,–,6 %,2.005,21.03.–24.03.,,29 %
Forsa,22.03.2016,35 %,20 %,13 %,6 %,8 %,13 %,–,–,5 %,2.501,14.03.–18.03.,,30 %
Forsa,16.03.2016,35 %,22 %,10 %,7 %,10 %,11 %,–,–,5 %,2.505,07.03.–11.03.,,34 %
Forsa,09.03.2016,35 %,23 %,11 %,6 %,9 %,10 %,–,–,6 %,2.501,29.02.–04.03.,,33 %
Forsa,02.03.2016,35 %,24 %,10 %,6 %,10 %,9 %,–,–,6 %,2.503,22.02.–26.02.,,34 %
Forsa,24.02.2016,35 %,24 %,10 %,6 %,10 %,10 %,–,–,5 %,2.502,15.02.–19.02.,,34 %
Forsa,17.02.2016,35 %,23 %,11 %,6 %,10 %,9 %,–,–,6 %,2.501,08.02.–12.02.,,35 %
Forsa,10.02.2016,36 %,24 %,10 %,5 %,9 %,10 %,–,–,6 %,2.500,01.02.–05.02.,,35 %
Forsa,03.02.2016,36 %,24 %,10 %,5 %,9 %,10 %,–,–,6 %,2.501,25.01.–29.01.,,34 %
Forsa,27.01.2016,36 %,24 %,10 %,5 %,10 %,10 %,–,–,5 %,2.505,18.01.–22.01.,,36 %
Forsa,19.01.2016,37 %,23 %,10 %,5 %,9 %,10 %,–,–,6 %,2.501,11.01.–15.01.,,36 %
Forsa,13.01.2016,38 %,23 %,10 %,5 %,10 %,9 %,–,–,5 %,2.503,04.01.–08.01.,,35 %
Forsa,06.01.2016,38 %,23 %,10 %,5 %,10 %,8 %,–,–,6 %,1.503,28.12.–30.12.,,32 %
Forsa,29.12.2015,38 %,23 %,10 %,5 %,10 %,8 %,–,–,6 %,1.501,21.12.–23.12.,,33 %
Forsa,22.12.2015,39 %,24 %,10 %,4 %,10 %,8 %,–,–,5 %,2.504,14.12.–18.12.,,34 %
Forsa,15.12.2015,39 %,24 %,11 %,4 %,9 %,8 %,–,–,5 %,2.502,07.12.–11.12.,,35 %
Forsa,09.12.2015,38 %,24 %,10 %,4 %,9 %,8 %,–,–,7 %,2.506,30.11.–04.12.,,36 %
Forsa,02.12.2015,39 %,24 %,10 %,5 %,9 %,6 %,–,–,7 %,2.501,23.11.–27.11.,,33 %
Forsa,25.11.2015,39 %,24 %,10 %,5 %,9 %,7 %,–,–,6 %,2.502,16.11.–22.11.,,33 %
Forsa,17.11.2015,36 %,25 %,10 %,5 %,9 %,8 %,–,–,7 %,2.504,09.11.–13.11.,,32 %
Forsa,11.11.2015,38 %,25 %,10 %,5 %,8 %,7 %,–,–,7 %,2.503,02.11.–06.11.,,32 %
Forsa,04.11.2015,36 %,24 %,11 %,5 %,9 %,7 %,–,–,8 %,2.504,26.10.–30.10.,,34 %
Forsa,28.10.2015,36 %,24 %,11 %,6 %,9 %,6 %,–,–,8 %,2.501,19.10.–23.10.,,34 %
Forsa,21.10.2015,38 %,24 %,11 %,4 %,10 %,7 %,–,–,6 %,2.502,12.10.–16.10.,,34 %
Forsa,14.10.2015,38 %,25 %,10 %,5 %,9 %,7 %,–,–,6 %,2.502,05.10.–09.10.,,34 %
Forsa,07.10.2015,39 %,25 %,9 %,5 %,9 %,7 %,–,–,6 %,2.505,28.09.–02.10.,,33 %
Forsa,30.09.2015,40 %,24 %,10 %,5 %,10 %,5 %,–,–,6 %,2.506,21.09.–25.09.,,32 %
Forsa,23.09.2015,40 %,24 %,10 %,5 %,10 %,4 %,–,–,7 %,2.501,14.09.–18.09.,,29 %
Forsa,16.09.2015,41 %,24 %,10 %,4 %,10 %,4 %,–,–,7 %,2.501,07.09.–11.09.,,29 %
Forsa,09.09.2015,41 %,24 %,10 %,4 %,10 %,4 %,–,–,7 %,2.503,31.08.–04.09.,,30 %
Forsa,02.09.2015,40 %,24 %,11 %,5 %,11 %,3 %,–,–,6 %,2.504,24.08.–28.08.,,30 %
Forsa,26.08.2015,41 %,23 %,10 %,4 %,11 %,4 %,–,–,7 %,2.500,17.08.–21.08.,,30 %
Forsa,19.08.2015,43 %,23 %,10 %,4 %,10 %,3 %,–,–,7 %,2.500,10.08.–14.08.,,30 %
Forsa,12.08.2015,43 %,23 %,10 %,5 %,9 %,3 %,–,–,7 %,2.500,03.08.–07.08.,,30 %
Forsa,05.08.2015,41 %,24 %,10 %,5 %,9 %,3 %,–,–,8 %,2.501,27.07.–31.07.,,29 %
Forsa,29.07.2015,42 %,23 %,10 %,4 %,10 %,3 %,–,–,8 %,2.501,20.07.–24.07.,,–
Forsa,22.07.2015,41 %,24 %,10 %,5 %,10 %,4 %,–,–,6 %,2.501,13.07.–17.07.,,28 %
Forsa,14.07.2015,42 %,23 %,11 %,4 %,10 %,4 %,–,–,6 %,2.503,06.07.–10.07.,,28 %
Forsa,08.07.2015,42 %,23 %,11 %,5 %,10 %,4 %,–,–,5 %,2.502,29.06.–03.07.,,27 %
Forsa,01.07.2015,42 %,23 %,10 %,5 %,10 %,4 %,–,–,6 %,2.505,22.06.–26.06.,,29 %
Forsa,24.06.2015,41 %,23 %,10 %,5 %,10 %,4 %,–,–,7 %,2.501,15.06.–19.06.,,28 %
Forsa,17.06.2015,41 %,23 %,11 %,5 %,9 %,5 %,–,–,6 %,2.502,08.06.–12.06.,,29 %
Forsa,10.06.2015,41 %,24 %,10 %,6 %,9 %,4 %,–,–,6 %,2.504,01.06.–05.06.,,27 %
Forsa,02.06.2015,40 %,23 %,10 %,6 %,10 %,5 %,–,–,6 %,2.502,26.05.–29.05.,,27 %
Forsa,27.05.2015,39 %,23 %,11 %,7 %,9 %,4 %,–,–,7 %,2.503,18.05.–22.05.,,29 %
Forsa,20.05.2015,40 %,22 %,11 %,6 %,9 %,5 %,–,–,7 %,2.003,11.05.–15.05.,,28 %
Forsa,12.05.2015,41 %,23 %,12 %,4 %,9 %,5 %,–,–,6 %,2.502,04.05.–08.05.,,29 %
Forsa,06.05.2015,42 %,24 %,10 %,4 %,9 %,4 %,–,–,7 %,2.001,27.04.–30.04.,,30 %
Forsa,29.04.2015,42 %,24 %,10 %,4 %,9 %,4 %,–,–,7 %,2.506,20.04.–24.04.,,29 %
Forsa,22.04.2015,42 %,24 %,10 %,4 %,8 %,6 %,–,–,6 %,2.502,13.04.–17.04.,,28 %
Forsa,15.04.2015,42 %,24 %,10 %,5 %,8 %,5 %,–,–,6 %,2.004,07.04.–10.04.,,29 %
Forsa,08.04.2015,42 %,23 %,10 %,4 %,9 %,6 %,–,–,6 %,2.001,30.03.–02.04.,,28 %
Forsa,31.03.2015,42 %,23 %,10 %,4 %,9 %,6 %,–,–,6 %,2.505,23.03.–27.03.,,29 %
Forsa,25.03.2015,41 %,24 %,10 %,5 %,8 %,5 %,–,–,7 %,2.501,16.03.–20.03.,,28 %
Forsa,18.03.2015,41 %,24 %,9 %,5 %,9 %,6 %,–,–,6 %,2.500,09.03.–13.03.,,28 %
Forsa,11.03.2015,41 %,24 %,9 %,5 %,9 %,6 %,–,–,6 %,2.504,02.03.–06.03.,,30 %
Forsa,04.03.2015,41 %,24 %,9 %,5 %,9 %,7 %,–,–,5 %,2.502,23.02.–27.02.,,29 %
Forsa,25.02.2015,42 %,24 %,9 %,5 %,9 %,6 %,–,–,5 %,2.501,16.02.–20.02.,,28 %
Forsa,18.02.2015,43 %,23 %,10 %,5 %,8 %,5 %,–,–,6 %,2.502,09.02.–13.02.,,29 %
Forsa,11.02.2015,42 %,23 %,10 %,5 %,9 %,6 %,–,–,5 %,2.503,02.02.–06.02.,,29 %
Forsa,04.02.2015,42 %,23 %,10 %,4 %,10 %,5 %,–,–,6 %,2.510,26.01.–30.01.,,30 %
Forsa,28.01.2015,42 %,23 %,10 %,3 %,9 %,6 %,–,–,7 %,2.015,19.01.–23.01.,,29 %
Forsa,21.01.2015,42 %,22 %,10 %,3 %,10 %,6 %,–,–,7 %,2.502,12.01.–16.01.,,28 %
Forsa,14.01.2015,42 %,22 %,10 %,4 %,10 %,6 %,–,–,6 %,2.504,05.01.–09.01.,,28 %
Forsa,07.01.2015,42 %,22 %,11 %,3 %,10 %,5 %,–,–,7 %,1.002,02.01.–05.01.,,29 %
Forsa,01.01.2015,42 %,23 %,10 %,2 %,11 %,5 %,–,–,7 %,2.504,15.12.–19.12.,,30 %
Forsa,16.12.2014,43 %,23 %,10 %,2 %,10 %,5 %,–,–,7 %,2.504,08.12.–12.12.,,29 %
Forsa,10.12.2014,41 %,24 %,11 %,2 %,9 %,6 %,–,–,7 %,2.503,01.12.–05.12.,,29 %
Forsa,03.12.2014,41 %,24 %,11 %,2 %,9 %,6 %,–,–,7 %,2.502,24.11.–28.11.,,29 %
Forsa,26.11.2014,42 %,23 %,10 %,2 %,10 %,6 %,–,–,7 %,2.501,17.11.–21.11.,,29 %
Forsa,19.11.2014,42 %,22 %,10 %,3 %,9 %,7 %,–,–,7 %,2.501,10.11.–14.11.,,28 %
Forsa,12.11.2014,41 %,23 %,9 %,3 %,10 %,8 %,–,–,6 %,2.502,03.11.–07.11.,,29 %
Forsa,05.11.2014,41 %,22 %,10 %,3 %,9 %,8 %,–,–,7 %,2.504,27.10.–31.10.,,28 %
Forsa,29.10.2014,41 %,23 %,10 %,2 %,9 %,8 %,–,–,7 %,2.504,20.10.–24.10.,,28 %
Forsa,22.10.2014,41 %,24 %,9 %,2 %,9 %,8 %,–,–,7 %,2.504,13.10.–17.10.,,27 %
Forsa,15.10.2014,40 %,23 %,10 %,3 %,9 %,8 %,–,–,7 %,2.505,06.10.–10.10.,,28 %
Forsa,07.10.2014,41 %,23 %,10 %,2 %,9 %,8 %,–,–,7 %,2.004,29.09.–02.10.,,28 %
Forsa,01.10.2014,42 %,23 %,9 %,2 %,8 %,9 %,–,–,7 %,2.501,22.09.–26.09.,,27 %
Forsa,23.09.2014,42 %,22 %,8 %,2 %,9 %,10 %,–,–,7 %,2.501,15.09.–19.09.,,28 %
Forsa,17.09.2014,41 %,24 %,9 %,3 %,9 %,7 %,–,–,7 %,2.503,08.09.–12.09.,,25 %
Forsa,10.09.2014,42 %,23 %,9 %,3 %,9 %,7 %,–,–,7 %,2.502,01.09.–05.09.,,26 %
Forsa,03.09.2014,41 %,24 %,10 %,3 %,10 %,5 %,–,–,7 %,2.504,25.08.–29.08.,,27 %
Forsa,27.08.2014,42 %,24 %,10 %,3 %,9 %,5 %,–,–,7 %,2.504,18.08.–22.08.,,26 %
Forsa,20.08.2014,42 %,24 %,10 %,3 %,9 %,5 %,–,–,7 %,2.502,11.08.–15.08.,,27 %
Forsa,13.08.2014,42 %,24 %,10 %,4 %,9 %,5 %,–,–,6 %,2.500,04.08.–08.08.,,26 %
Forsa,06.08.2014,43 %,24 %,9 %,4 %,9 %,5 %,–,–,6 %,2.501,28.07.–01.08.,,27 %
Forsa,30.07.2014,43 %,22 %,10 %,3 %,10 %,5 %,–,–,7 %,2.501,21.07.–25.07.,,27 %
Forsa,23.07.2014,43 %,22 %,10 %,3 %,10 %,5 %,–,–,7 %,2.505,14.07.–18.07.,,25 %
Forsa,16.07.2014,41 %,23 %,11 %,3 %,9 %,6 %,–,–,7 %,2.503,07.07.–11.07.,,25 %
Forsa,09.07.2014,41 %,23 %,11 %,3 %,9 %,6 %,–,–,7 %,2.014,30.06.–04.07.,,26 %
Forsa,02.07.2014,41 %,23 %,10 %,4 %,9 %,7 %,–,–,6 %,2.502,23.06.–27.06.,,25 %
Forsa,25.06.2014,41 %,23 %,10 %,4 %,9 %,7 %,–,–,6 %,2.504,16.06.–20.06.,,26 %
Forsa,17.06.2014,39 %,23 %,10 %,4 %,10 %,7 %,–,–,7 %,2.001,10.06.–13.06.,,26 %
Forsa,11.06.2014,39 %,23 %,9 %,4 %,10 %,8 %,–,–,7 %,2.501,02.06.–06.06.,,26 %
Forsa,04.06.2014,38 %,23 %,10 %,4 %,10 %,8 %,–,–,7 %,2.002,26.05.–30.05.,,28 %
Forsa,27.05.2014,40 %,25 %,10 %,4 %,10 %,6 %,–,–,5 %,2.503,19.05.–23.05.,,–
Forsa,21.05.2014,40 %,24 %,10 %,4 %,10 %,6 %,–,–,6 %,2.501,12.05.–16.05.,,32 %
Forsa,14.05.2014,40 %,24 %,10 %,4 %,10 %,6 %,–,–,6 %,2.504,05.05.–09.05.,,32 %
Forsa,07.05.2014,41 %,23 %,10 %,4 %,10 %,5 %,–,–,7 %,2.001,28.04.–02.05.,,32 %
Forsa,29.04.2014,41 %,24 %,10 %,4 %,9 %,6 %,–,–,6 %,2.002,22.04.–25.04.,,31 %
Forsa,23.04.2014,41 %,24 %,10 %,4 %,10 %,5 %,–,–,6 %,2.002,14.04.–17.04.,,–
Forsa,15.04.2014,41 %,23 %,10 %,4 %,10 %,6 %,–,–,6 %,2.501,07.04.–11.04.,,–
Forsa,09.04.2014,42 %,23 %,10 %,4 %,10 %,5 %,–,–,6 %,2.502,31.03.–04.04.,,–
Forsa,02.04.2014,42 %,23 %,9 %,4 %,10 %,6 %,–,–,6 %,2.501,24.03.–28.03.,,–
Forsa,26.03.2014,41 %,23 %,10 %,4 %,10 %,5 %,–,–,7 %,2.502,17.03.–21.03.,,–
Forsa,19.03.2014,42 %,23 %,9 %,4 %,10 %,5 %,–,–,7 %,2.500,10.03.–14.03.,,–
Forsa,12.03.2014,42 %,23 %,9 %,4 %,10 %,5 %,–,–,7 %,2.503,03.03.–07.03.,,–
Forsa,05.03.2014,40 %,22 %,10 %,4 %,11 %,6 %,–,–,7 %,2.500,24.02.–28.02.,,–
Forsa,26.02.2014,41 %,22 %,10 %,5 %,10 %,5 %,–,–,7 %,2.502,17.02.–21.02.,,–
Forsa,19.02.2014,40 %,24 %,10 %,4 %,10 %,5 %,–,–,7 %,2.502,10.02.–14.02.,,–
Forsa,12.02.2014,41 %,24 %,10 %,4 %,10 %,4 %,–,–,7 %,2.502,03.02.–07.02.,,–
Forsa,05.02.2014,42 %,24 %,10 %,4 %,9 %,4 %,–,–,7 %,2.501,27.01.–31.01.,,–
Forsa,29.01.2014,42 %,23 %,11 %,4 %,9 %,4 %,–,–,7 %,2.503,20.01.–24.01.,,–
Forsa,22.01.2014,41 %,23 %,10 %,5 %,10 %,4 %,–,–,7 %,2.502,13.01.–17.01.,,–
Forsa,15.01.2014,40 %,23 %,10 %,5 %,10 %,5 %,–,–,7 %,2.503,06.01.–10.01.,,–
Forsa,08.01.2014,41 %,23 %,10 %,5 %,10 %,5 %,–,–,6 %,1.003,02.01.–03.01.,,–
Forsa,01.01.2014,42 %,24 %,10 %,5 %,10 %,4 %,–,–,5 %,2.508,16.12.–20.12.,,–
Forsa,17.12.2013,42 %,24 %,9 %,4 %,10 %,5 %,–,–,6 %,2.505,09.12.–13.12.,,–
Forsa,11.12.2013,43 %,24 %,9 %,3 %,10 %,5 %,–,–,6 %,2.504,02.12.–06.12.,,–
Forsa,04.12.2013,42 %,23 %,10 %,3 %,10 %,5 %,–,–,7 %,2.507,25.11.–29.11.,,–
Forsa,27.11.2013,42 %,23 %,9 %,3 %,10 %,5 %,–,–,PIR 3 % Sonst. 5 %,2.500,18.11.–22.11.,,–
Forsa,20.11.2013,41 %,24 %,10 %,4 %,10 %,5 %,–,–,6 %,2.501,11.11.–15.11.,,–
Forsa,13.11.2013,41 %,24 %,9 %,4 %,10 %,5 %,–,–,7 %,2.501,04.11.–08.11.,,–
Forsa,06.11.2013,42 %,25 %,9 %,3 %,9 %,5 %,–,–,7 %,2.500,28.10.–01.11.,,–
Forsa,30.10.2013,42 %,24 %,9 %,4 %,9 %,5 %,–,–,7 %,2.501,21.10.–25.10.,,–
Forsa,23.10.2013,43 %,25 %,8 %,4 %,9 %,5 %,–,–,6 %,2.500,14.10.–18.10.,,–
Forsa,16.10.2013,44 %,24 %,8 %,4 %,8 %,6 %,–,–,6 %,2.501,07.10.–11.10.,,25 %
Forsa,09.10.2013,45 %,24 %,8 %,3 %,8 %,6 %,–,–,6 %,2.000,30.09.–04.10.,,27 %
Forsa,01.10.2013,42 %,25 %,8 %,4 %,9 %,5 %,–,–,7 %,2.499,23.09.–27.09.,,28 %
Forsa,20.09.2013,40 %,26 %,10 %,5 %,9 %,4 %,,,4 %,1.995,16.09.–19.09.,2 %,
Forsa,17.09.2013,39 %,25 %,9 %,5 %,10 %,3 %,,,6 %,2.502,10.09.–16.09.,3 %,
Forsa,11.09.2013,39 %,25 %,9 %,6 %,10 %,3 %,,,5 %,2.500,03.09.–09.09.,3 %,
Forsa,04.09.2013,40 %,23 %,11 %,5 %,9 %,4 %,,,5 %,2.502,27.08.–02.09.,3 %,
Forsa,28.08.2013,41 %,22 %,11 %,5 %,10 %,3 %,,,5 %,2.501,20.08.–26.08.,3 %,
Forsa,21.08.2013,41 %,22 %,13 %,6 %,8 %,2 %,,,5 %,2.502,13.08.–19.08.,3 %,
Forsa,14.08.2013,40 %,23 %,13 %,5 %,8 %,3 %,,,5 %,2.500,06.08.–12.08.,3 %,
Forsa,07.08.2013,40 %,23 %,14 %,5 %,7 %,3 %,,,5 %,3.003,29.07.–05.08.,3 %,
Forsa,31.07.2013,41 %,22 %,13 %,5 %,8 %,2 %,,,6 %,2.501,22.07.–26.07.,3 %,
Forsa,24.07.2013,41 %,22 %,12 %,5 %,9 %,2 %,,,5 %,2.500,15.07.–19.07.,4 %,
Forsa,17.07.2013,41 %,23 %,14 %,5 %,8 %,2 %,,,5 %,2.502,08.07.–13.07.,2 %,
Forsa,10.07.2013,41 %,22 %,15 %,5 %,9 %,2 %,,,4 %,2.503,01.07.–05.07.,2 %,
Forsa,03.07.2013,41 %,22 %,14 %,5 %,9 %,2 %,,,5 %,2.501,24.06.–28.06.,2 %,
Forsa,26.06.2013,41 %,22 %,15 %,5 %,8 %,2 %,,,5 %,2.502,17.06.–21.06.,2 %,
Forsa,19.06.2013,40 %,22 %,15 %,6 %,8 %,2 %,,,5 %,2.501,10.06.–15.06.,2 %,
Forsa,12.06.2013,40 %,24 %,13 %,5 %,9 %,2 %,,,5 %,2.501,03.06.–07.06.,2 %,
Forsa,05.06.2013,41 %,24 %,13 %,4 %,8 %,3 %,,,4 %,2.508,27.05.–31.05.,3 %,
Forsa,28.05.2013,40 %,24 %,14 %,4 %,8 %,3 %,,,4 %,2.001,21.05.–24.05.,3 %,
Forsa,22.05.2013,41 %,24 %,13 %,4 %,8 %,3 %,,,4 %,2.503,13.05.–17.05.,3 %,
Forsa,15.05.2013,40 %,23 %,14 %,4 %,9 %,2 %,,,5 %,2.001,06.05.–10.05.,3 %,
Forsa,07.05.2013,39 %,24 %,15 %,4 %,8 %,3 %,,,5 %,2.000,29.04.–02.05.,2 %,
Forsa,01.05.2013,39 %,23 %,14 %,5 %,8 %,3 %,,,5 %,2.502,22.04.–26.04.,3 %,
Forsa,24.04.2013,42 %,23 %,14 %,5 %,7 %,2 %,,,4 %,2.504,15.04.–19.04.,3 %,
Forsa,17.04.2013,42 %,22 %,15 %,5 %,8 %,–,,,5 %,2.508,08.04.–12.04.,3 %,
Forsa,10.04.2013,41 %,23 %,14 %,6 %,9 %,–,,,4 %,2.002,02.04.–05.04.,3 %,
Forsa,03.04.2013,40 %,24 %,15 %,5 %,8 %,–,,,5 %,2.004,25.03.–28.03.,3 %,
Forsa,26.03.2013,41 %,24 %,14 %,5 %,8 %,–,,,5 %,2.506,18.03.–22.03.,3 %,
Forsa,20.03.2013,40 %,24 %,15 %,6 %,7 %,–,,,5 %,2.501,11.03.–15.03.,3 %,
Forsa,13.03.2013,40 %,24 %,16 %,4 %,8 %,–,,,5 %,2.501,04.03.–08.03.,3 %,
Forsa,06.03.2013,40 %,25 %,15 %,4 %,8 %,–,,,5 %,2.506,25.02.–01.03.,3 %,
Forsa,27.02.2013,40 %,25 %,16 %,4 %,8 %,–,,,5 %,2.501,18.02.–22.02.,2 %,
Forsa,20.02.2013,43 %,24 %,15 %,3 %,7 %,–,,,5 %,2.502,11.02.–15.02.,3 %,
Forsa,13.02.2013,43 %,25 %,14 %,3 %,7 %,–,,,5 %,2.505,04.02.–08.02.,3 %,
Forsa,06.02.2013,41 %,25 %,15 %,4 %,7 %,–,,,5 %,2.500,28.01.–01.02.,3 %,
Forsch’gr. Wahlen,25.09.2026,21 %,13 %,14 %,3 %,12 %,28 %,–,–,9 %,1.346,22.09.–24.09.,,
Forsch’gr. Wahlen,20.08.2026,22 %,12 %,14 %,4 %,12 %,27 %,–,–,9 %,1.319,17.08.–19.08.,,
Forsch’gr. Wahlen,31.07.2026,23 %,12 %,13 %,4 %,12 %,28 %,–,–,8 %,1.405,28.07.–30.07.,,
Forsch’gr. Wahlen,17.07.2026,23 %,12 %,14 %,4 %,13 %,27 %,–,–,7 %,1.284,14.07.–16.07.,,
Forsch’gr. Wahlen,19.06.2026,24 %,13 %,12 %,4 %,11 %,28 %,–,–,8 %,1.190,16.06.–18.06.,,
Forsch’gr. Wahlen,05.06.2026,25 %,12 %,14 %,3 %,11 %,27 %,–,–,8 %,1.247,01.06.–03.06.,,
Forsch’gr. Wahlen,22.05.2026,24 %,12 %,15 %,3 %,12 %,26 %,–,–,8 %,1.340,19.05.–21.05.,,
Forsch’gr. Wahlen,08.05.2026,25 %,12 %,13 %,3 %,11 %,27 %,–,–,9 %,1.240,05.05.–07.05.,,
Forsch’gr. Wahlen,17.04.2026,25 %,12 %,14 %,3 %,11 %,26 %,–,–,9 %,1.355,14.04.–16.04.,,
Forsch’gr. Wahlen,27.03.2026,26 %,13 %,15 %,–,10 %,26 %,–,–,10 %,1.206,24.03.–26.03.,,
Forsch’gr. Wahlen,27.02.2026,26 %,15 %,12 %,–,11 %,24 %,–,–,12 %,1.262,24.02.–26.02.,,
Forsch’gr. Wahlen,06.02.2026,26 %,15 %,13 %,–,10 %,24 %,–,–,12 %,1.289,03.02.–05.02.,,
Forsch’gr. Wahlen,16.01.2026,26 %,15 %,12 %,–,10 %,25 %,–,–,12 %,1.245,13.01.–15.01.,,
Forsch’gr. Wahlen,12.12.2025,26 %,14 %,12 %,–,11 %,25 %,–,–,12 %,1.295,09.12.–11.12.,,
Forsch’gr. Wahlen,21.11.2025,27 %,14 %,12 %,–,9 %,27 %,–,–,11 %,1.207,18.11.–20.11.,,
Forsch’gr. Wahlen,07.11.2025,26 %,14 %,12 %,–,10 %,26 %,–,–,12 %,1.322,04.11.–06.11.,,
Forsch’gr. Wahlen,24.10.2025,27 %,15 %,11 %,–,10 %,25 %,–,–,12 %,1.272,21.10.–23.10.,,
Forsch’gr. Wahlen,02.10.2025,27 %,15 %,11 %,3 %,11 %,25 %,–,–,8 %,1.300,29.09.–01.10.,,
Forsch’gr. Wahlen,19.09.2025,26 %,15 %,10 %,3 %,11 %,26 %,–,3 %,6 %,1.419,16.09.–18.09.,,
Forsch’gr. Wahlen,05.09.2025,27 %,15 %,11 %,3 %,10 %,25 %,–,3 %,6 %,1.269,02.09.–04.09.,,
Forsch’gr. Wahlen,14.08.2025,27 %,15 %,12 %,3 %,11 %,23 %,–,3 %,6 %,1.370,11.08.–13.08.,,
Forsch’gr. Wahlen,25.07.2025,27 %,15 %,11 %,3 %,11 %,24 %,–,3 %,6 %,1.367,22.07.–24.07.,,
Forsch’gr. Wahlen,27.06.2025,29 %,15 %,12 %,3 %,10 %,22 %,–,3 %,6 %,1.378,24.06.–26.06.,,
Forsch’gr. Wahlen,06.06.2025,27 %,15 %,12 %,3 %,11 %,23 %,–,3 %,6 %,1.247,03.06.–05.06.,,
Forsch’gr. Wahlen,23.05.2025,26 %,16 %,12 %,4 %,10 %,23 %,–,3 %,6 %,1.328,20.05.–22.05.,,
Forsch’gr. Wahlen,02.05.2025,27 %,15 %,11 %,4 %,10 %,23 %,–,3 %,7 %,1.297,28.04.–30.04.,,
Forsch’gr. Wahlen,11.04.2025,26 %,15 %,12 %,4 %,10 %,24 %,–,3 %,6 %,1.322,08.04.–10.04.,,
Forsch’gr. Wahlen,21.03.2025,27 %,16 %,12 %,4 %,10 %,22 %,–,3 %,6 %,1.305,18.03.–20.03.,,
Forsch’gr. Wahlen,07.03.2025,28 %,15 %,13 %,4 %,10 %,21 %,–,3 %,6 %,1.249,04.03.–06.03.,,
Forsch’gr. Wahlen,20.02.2025,28 %,16 %,14 %,"4,5 %",8 %,21 %,–,"4,5 %",4 %,1.349,19.02.–20.02.,,
Forsch’gr. Wahlen,14.02.2025,30 %,16 %,14 %,4 %,7 %,20 %,–,4 %,5 %,1.348,11.02.–13.02.,,
Forsch’gr. Wahlen,07.02.2025,30 %,15 %,15 %,4 %,6 %,20 %,–,4 %,6 %,1.341,04.02.–06.02.,,
Forsch’gr. Wahlen,30.01.2025,29 %,15 %,14 %,4 %,5 %,21 %,–,4 %,8 %,1.428,27.01.–29.01.,,
Forsch’gr. Wahlen,24.01.2025,30 %,15 %,14 %,4 %,5 %,21 %,–,3 %,8 %,1.345,21.01.–23.01.,,
Forsch’gr. Wahlen,10.01.2025,30 %,14 %,15 %,4 %,4 %,21 %,–,4 %,8 %,1.433,07.01.–09.01.,,
Forsch’gr. Wahlen,20.12.2024,31 %,15 %,14 %,3 %,4 %,19 %,–,5 %,9 %,1.362,17.12.–19.12.,,
Forsch’gr. Wahlen,06.12.2024,33 %,15 %,14 %,4 %,3 %,17 %,–,5 %,9 %,1.433,03.12.–05.12.,,
Forsch’gr. Wahlen,22.11.2024,32 %,16 %,12 %,3 %,4 %,18 %,–,5 %,10 %,1.399,19.11.–21.11.,,
Forsch’gr. Wahlen,08.11.2024,33 %,16 %,12 %,3 %,4 %,18 %,–,6 %,8 %,1.231,05.11.–07.11.,,
Forsch’gr. Wahlen,18.10.2024,31 %,16 %,11 %,3 %,4 %,18 %,–,8 %,9 %,1.249,15.10.–17.10.,,
Forsch’gr. Wahlen,27.09.2024,31 %,16 %,12 %,4 %,4 %,17 %,–,8 %,8 %,1.348,24.09.–26.09.,,
Forsch’gr. Wahlen,06.09.2024,33 %,15 %,11 %,4 %,4 %,17 %,–,7 %,9 %,1.328,03.09.–05.09.,,
Forsch’gr. Wahlen,15.08.2024,32 %,14 %,13 %,4 %,3 %,16 %,–,8 %,10 %,1.334,12.08.–14.08.,,
Forsch’gr. Wahlen,12.07.2024,32 %,14 %,13 %,4 %,3 %,17 %,–,7 %,10 %,1.341,09.07.–11.07.,,
Forsch’gr. Wahlen,28.06.2024,31 %,14 %,13 %,4 %,3 %,17 %,–,7 %,11 %,1.186,25.06.–27.06.,,
Forsch’gr. Wahlen,13.06.2024,30 %,14 %,14 %,5 %,–,16 %,–,7 %,14 %,1.334,10.06.–12.06.,,
Forsch’gr. Wahlen,17.05.2024,31 %,15 %,13 %,5 %,4 %,16 %,–,5 %,11 %,1.247,14.05.–16.05.,,
Forsch’gr. Wahlen,26.04.2024,30 %,15 %,15 %,4 %,4 %,17 %,–,5 %,10 %,1.228,23.04.–25.04.,,
Forsch’gr. Wahlen,12.04.2024,31 %,16 %,12 %,4 %,3 %,18 %,–,6 %,10 %,1.254,09.04.–11.04.,,
Forsch’gr. Wahlen,22.03.2024,31 %,16 %,13 %,4 %,3 %,18 %,–,6 %,9 %,1.296,19.03.–21.03.,,
Forsch’gr. Wahlen,08.03.2024,30 %,15 %,15 %,4 %,3 %,18 %,3 %,5 %,7 %,1.260,05.03.–07.03.,,
Forsch’gr. Wahlen,23.02.2024,30 %,15 %,14 %,4 %,4 %,19 %,–,5 %,9 %,1.294,20.02.–22.02.,,
Forsch’gr. Wahlen,02.02.2024,31 %,15 %,13 %,4 %,3 %,19 %,3 %,6 %,6 %,1.217,30.01.–01.02.,,
Forsch’gr. Wahlen,12.01.2024,31 %,13 %,14 %,4 %,4 %,22 %,4 %,4 %,4 %,1.337,09.01.–11.01.,,
Forsch’gr. Wahlen,15.12.2023,32 %,14 %,14 %,5 %,4 %,22 %,3 %,–,6 %,1.146,12.12.–14.12.,,
Forsch’gr. Wahlen,24.11.2023,31 %,15 %,15 %,5 %,4 %,22 %,–,–,8 %,1.242,21.11.–23.11.,,
Forsch’gr. Wahlen,10.11.2023,30 %,16 %,15 %,5 %,4 %,21 %,3 %,–,6 %,1.234,07.11.–09.11.,,
Forsch’gr. Wahlen,20.10.2023,30 %,15 %,14 %,5 %,5 %,21 %,3 %,–,7 %,1.252,17.10.–19.10.,,
Forsch’gr. Wahlen,15.09.2023,26 %,17 %,16 %,6 %,5 %,21 %,3 %,–,6 %,1.201,12.09.–14.09.,,
Forsch’gr. Wahlen,18.08.2023,26 %,19 %,15 %,7 %,5 %,20 %,–,–,8 %,1.288,15.08.–17.08.,,
Forsch’gr. Wahlen,14.07.2023,27 %,17 %,16 %,7 %,4 %,20 %,–,–,9 %,1.346,11.07.–13.07.,,
Forsch’gr. Wahlen,30.06.2023,28 %,18 %,16 %,6 %,5 %,19 %,–,–,8 %,1.379,27.06.–29.06.,,
Forsch’gr. Wahlen,16.06.2023,28 %,19 %,16 %,6 %,5 %,18 %,–,–,8 %,1.224,13.06.–15.06.,,
Forsch’gr. Wahlen,26.05.2023,28 %,20 %,16 %,6 %,5 %,17 %,–,–,8 %,1.257,23.05.–25.05.,,
Forsch’gr. Wahlen,05.05.2023,30 %,19 %,17 %,6 %,5 %,15 %,–,–,8 %,1.225,02.05.–04.05.,,
Forsch’gr. Wahlen,21.04.2023,31 %,18 %,18 %,6 %,4 %,15 %,–,–,8 %,1.266,18.04.–20.04.,,
Forsch’gr. Wahlen,31.03.2023,30 %,19 %,17 %,7 %,5 %,15 %,–,–,7 %,1.379,28.03.–30.03.,,
Forsch’gr. Wahlen,17.03.2023,29 %,21 %,19 %,5 %,5 %,14 %,–,–,7 %,1.146,14.03.–16.03.,,
Forsch’gr. Wahlen,03.03.2023,29 %,21 %,18 %,5 %,5 %,15 %,–,–,7 %,1.165,28.02.–02.03.,,
Forsch’gr. Wahlen,17.02.2023,30 %,20 %,19 %,5 %,5 %,14 %,–,–,7 %,1.361,14.02.–16.02.,,
Forsch’gr. Wahlen,27.01.2023,27 %,21 %,19 %,6 %,6 %,15 %,–,–,6 %,1.345,24.01.–26.01.,,
Forsch’gr. Wahlen,13.01.2023,27 %,20 %,21 %,6 %,6 %,14 %,–,–,6 %,1.259,10.01.–12.01.,,
Forsch’gr. Wahlen,16.12.2022,28 %,20 %,20 %,6 %,5 %,15 %,–,–,6 %,1.365,12.12.–15.12.,,
Forsch’gr. Wahlen,25.11.2022,28 %,19 %,22 %,5 %,6 %,14 %,–,–,6 %,1.273,22.11.–24.11.,,
Forsch’gr. Wahlen,11.11.2022,28 %,19 %,22 %,5 %,5 %,15 %,–,–,6 %,1.310,08.11.–10.11.,,
Forsch’gr. Wahlen,21.10.2022,28 %,19 %,21 %,6 %,5 %,15 %,–,–,6 %,1.389,18.10.–20.10.,,
Forsch’gr. Wahlen,30.09.2022,27 %,18 %,22 %,7 %,5 %,14 %,–,–,7 %,1.355,27.09.–29.09.,,
Forsch’gr. Wahlen,09.09.2022,28 %,19 %,23 %,6 %,5 %,13 %,–,–,6 %,1.299,06.09.–08.09.,,
Forsch’gr. Wahlen,12.08.2022,26 %,19 %,26 %,7 %,4 %,12 %,–,–,6 %,1.389,09.08.–11.08.,,
Forsch’gr. Wahlen,15.07.2022,26 %,21 %,25 %,6 %,5 %,11 %,–,–,6 %,1.167,12.07.–14.07.,,
Forsch’gr. Wahlen,01.07.2022,27 %,21 %,25 %,6 %,5 %,10 %,–,–,6 %,1.186,28.06.–30.06.,,
Forsch’gr. Wahlen,17.06.2022,26 %,22 %,25 %,6 %,5 %,10 %,–,–,6 %,1.133,13.06.–15.06.,,
Forsch’gr. Wahlen,20.05.2022,26 %,22 %,24 %,7 %,4 %,10 %,–,–,7 %,1.162,17.05.–19.05.,,
Forsch’gr. Wahlen,29.04.2022,23 %,25 %,21 %,9 %,4 %,11 %,–,–,7 %,1.170,26.04.–28.04.,,
Forsch’gr. Wahlen,08.04.2022,24 %,27 %,19 %,8 %,4 %,11 %,–,–,7 %,1.230,05.04.–07.04.,,
Forsch’gr. Wahlen,11.03.2022,24 %,27 %,18 %,9 %,5 %,10 %,–,–,7 %,1.345,08.03.–10.03.,,
Forsch’gr. Wahlen,02.03.2022,24 %,26 %,17 %,9 %,6 %,11 %,–,–,7 %,1.103,21.02.–23.02.,,
Forsch’gr. Wahlen,11.02.2022,25 %,25 %,16 %,9 %,6 %,11 %,–,–,8 %,1.224,08.02.–10.02.,,
Forsch’gr. Wahlen,28.01.2022,23 %,24 %,18 %,10 %,7 %,10 %,–,–,8 %,1.249,25.01.–27.01.,,
Forsch’gr. Wahlen,14.01.2022,22 %,27 %,16 %,11 %,6 %,10 %,–,–,8 %,1.128,11.01.–13.01.,,
Forsch’gr. Wahlen,10.12.2021,21 %,28 %,17 %,12 %,5 %,10 %,–,–,7 %,1.303,07.12.–09.12.,,
Forsch’gr. Wahlen,26.11.2021,19 %,28 %,17 %,13 %,5 %,11 %,–,–,7 %,1.344,23.11.–25.11.,,
Forsch’gr. Wahlen,12.11.2021,20 %,28 %,16 %,13 %,5 %,11 %,–,–,7 %,1.257,09.11.–11.11.,,
Forsch’gr. Wahlen,29.10.2021,20 %,27 %,16 %,14 %,5 %,11 %,–,–,7 %,1.208,26.10.–28.10.,,
Forsch’gr. Wahlen,15.10.2021,19 %,28 %,17 %,13 %,5 %,11 %,–,–,7 %,1.329,12.10.–14.10.,,
Forsch’gr. Wahlen,01.10.2021,20 %,28 %,16 %,13 %,5 %,10 %,–,–,8 %,1.249,28.09.–30.09.,,
Forsch’gr. Wahlen,23.09.2021,23 %,25 %,"16,5 %",11 %,6 %,10 %,3 %,–,"5,5 %",1.273,22.09.–23.09.,,
Forsch’gr. Wahlen,17.09.2021,22 %,25 %,16 %,11 %,6 %,11 %,–,–,9 %,1.406,14.09.–16.09.,,
Forsch’gr. Wahlen,10.09.2021,22 %,25 %,17 %,11 %,6 %,11 %,3 %,–,5 %,1.281,07.09.–09.09.,,
Forsch’gr. Wahlen,03.09.2021,22 %,25 %,17 %,11 %,7 %,11 %,–,–,7 %,1.301,31.08.–02.09.,,
Forsch’gr. Wahlen,27.08.2021,22 %,22 %,20 %,10 %,6 %,11 %,3 %,–,6 %,1.300,24.08.–26.08.,,
Forsch’gr. Wahlen,13.08.2021,26 %,19 %,19 %,11 %,7 %,11 %,–,–,7 %,1.252,10.08.–12.08.,,
Forsch’gr. Wahlen,30.07.2021,28 %,16 %,21 %,10 %,7 %,11 %,3 %,–,4 %,1.268,27.07.–29.07.,,
Forsch’gr. Wahlen,16.07.2021,30 %,15 %,20 %,10 %,7 %,10 %,–,–,8 %,1.224,13.07.–15.07.,,
Forsch’gr. Wahlen,25.06.2021,29 %,14 %,22 %,10 %,7 %,10 %,–,–,8 %,1.271,22.06.–24.06.,,
Forsch’gr. Wahlen,10.06.2021,28 %,15 %,22 %,10 %,7 %,11 %,3 %,–,4 %,1.232,07.06.–09.06.,,
Forsch’gr. Wahlen,21.05.2021,24 %,14 %,25 %,11 %,7 %,11 %,3 %,–,5 %,1.229,18.05.–20.05.,,
Forsch’gr. Wahlen,07.05.2021,25 %,14 %,26 %,10 %,7 %,11 %,–,–,7 %,1.271,04.05.–06.05.,,
Forsch’gr. Wahlen,16.04.2021,31 %,14 %,21 %,9 %,7 %,11 %,–,–,7 %,1.292,13.04.–15.04.,,
Forsch’gr. Wahlen,26.03.2021,28 %,15 %,23 %,9 %,7 %,12 %,–,–,6 %,1.030,23.03.–25.03.,,
Forsch’gr. Wahlen,26.02.2021,35 %,16 %,19 %,7 %,7 %,10 %,–,–,6 %,1.202,23.02.–25.02.,,
Forsch’gr. Wahlen,28.01.2021,37 %,15 %,20 %,6 %,7 %,9 %,–,–,6 %,1.371,25.01.–27.01.,,
Forsch’gr. Wahlen,15.01.2021,37 %,15 %,20 %,5 %,8 %,10 %,–,–,5 %,1.262,12.01.–14.01.,,
Forsch’gr. Wahlen,10.12.2020,37 %,16 %,20 %,5 %,8 %,10 %,–,–,4 %,1.246,07.12.–09.12.,,
Forsch’gr. Wahlen,27.11.2020,37 %,16 %,21 %,5 %,7 %,9 %,–,–,5 %,1.330,24.11.–26.11.,,
Forsch’gr. Wahlen,13.11.2020,37 %,16 %,20 %,5 %,7 %,9 %,–,–,6 %,1.347,10.11.–12.11.,,
Forsch’gr. Wahlen,23.10.2020,38 %,15 %,20 %,5 %,8 %,9 %,–,–,5 %,1.297,20.10.–22.10.,,
Forsch’gr. Wahlen,09.10.2020,37 %,16 %,20 %,5 %,7 %,10 %,–,–,5 %,1.229,06.10.–08.10.,,
Forsch’gr. Wahlen,17.09.2020,37 %,17 %,19 %,5 %,7 %,10 %,–,–,5 %,1.241,14.09.–16.09.,,
Forsch’gr. Wahlen,28.08.2020,38 %,16 %,19 %,5 %,8 %,9 %,–,–,5 %,1.303,25.08.–27.08.,,
Forsch’gr. Wahlen,31.07.2020,38 %,14 %,21 %,5 %,8 %,9 %,–,–,5 %,1.249,28.07.–30.07.,,
Forsch’gr. Wahlen,10.07.2020,39 %,15 %,20 %,5 %,7 %,9 %,–,–,5 %,1.226,07.07.–09.07.,,
Forsch’gr. Wahlen,26.06.2020,40 %,15 %,19 %,5 %,7 %,9 %,–,–,5 %,1.227,23.06.–25.06.,,
Forsch’gr. Wahlen,12.06.2020,39 %,15 %,20 %,4 %,7 %,9 %,–,–,6 %,1.270,08.06.–10.06.,,
Forsch’gr. Wahlen,29.05.2020,39 %,15 %,19 %,4 %,8 %,9 %,–,–,6 %,1.377,26.05.–28.05.,,
Forsch’gr. Wahlen,15.05.2020,38 %,15 %,18 %,5 %,8 %,10 %,–,–,6 %,1.282,12.05.–14.05.,,
Forsch’gr. Wahlen,24.04.2020,39 %,16 %,18 %,5 %,7 %,9 %,–,–,6 %,1.323,20.04.–23.04.,,
Forsch’gr. Wahlen,09.04.2020,35 %,17 %,20 %,5 %,7 %,10 %,–,–,6 %,1.175,06.04.–08.04.,,
Forsch’gr. Wahlen,27.03.2020,33 %,15 %,22 %,6 %,8 %,10 %,–,–,6 %,1.473,23.03.–26.03.,,
Forsch’gr. Wahlen,06.03.2020,26 %,16 %,23 %,6 %,8 %,14 %,–,–,7 %,1.276,03.03.–05.03.,,
Forsch’gr. Wahlen,07.02.2020,27 %,14 %,22 %,6 %,10 %,14 %,–,–,7 %,1.067,04.02.–06.02.,,
Forsch’gr. Wahlen,16.01.2020,27 %,14 %,23 %,7 %,9 %,14 %,–,–,6 %,1.282,13.01.–15.01.,,
Forsch’gr. Wahlen,13.12.2019,27 %,13 %,23 %,8 %,9 %,14 %,–,–,6 %,1.366,10.12.–12.12.,,
Forsch’gr. Wahlen,29.11.2019,27 %,13 %,23 %,7 %,10 %,14 %,–,–,6 %,1.340,26.11.–28.11.,,
Forsch’gr. Wahlen,08.11.2019,27 %,14 %,22 %,7 %,10 %,14 %,–,–,6 %,1.264,05.11.–07.11.,,
Forsch’gr. Wahlen,18.10.2019,29 %,14 %,24 %,6 %,8 %,13 %,–,–,6 %,1.226,15.10.–17.10.,,
Forsch’gr. Wahlen,27.09.2019,27 %,13 %,27 %,6 %,7 %,14 %,–,–,6 %,1.325,24.09.–26.09.,,
Forsch’gr. Wahlen,05.09.2019,28 %,15 %,24 %,6 %,7 %,13 %,–,–,7 %,1.270,02.09.–04.09.,,
Forsch’gr. Wahlen,09.08.2019,28 %,13 %,25 %,7 %,7 %,13 %,–,–,7 %,1.307,06.08.–08.08.,,
Forsch’gr. Wahlen,19.07.2019,28 %,13 %,25 %,8 %,8 %,12 %,–,–,6 %,1.290,16.07.–18.07.,,
Forsch’gr. Wahlen,21.06.2019,27 %,14 %,26 %,7 %,7 %,13 %,–,–,6 %,1.291,17.06.–19.06.,,
Forsch’gr. Wahlen,06.06.2019,27 %,13 %,26 %,7 %,7 %,13 %,–,–,7 %,1.297,03.06.–05.06.,,
Forsch’gr. Wahlen,10.05.2019,30 %,16 %,20 %,7 %,8 %,14 %,–,–,5 %,1.357,07.05.–09.05.,,
Forsch’gr. Wahlen,12.04.2019,28 %,17 %,20 %,8 %,9 %,13 %,–,–,5 %,1.282,09.04.–11.04.,,
Forsch’gr. Wahlen,28.03.2019,30 %,15 %,19 %,9 %,9 %,13 %,–,–,5 %,1.325,25.03.–27.03.,,
Forsch’gr. Wahlen,15.03.2019,31 %,16 %,19 %,8 %,8 %,12 %,–,–,6 %,1.290,12.03.–14.03.,,
Forsch’gr. Wahlen,22.02.2019,31 %,15 %,20 %,7 %,9 %,13 %,–,–,5 %,1.266,19.02.–21.02.,,
Forsch’gr. Wahlen,08.02.2019,30 %,16 %,20 %,8 %,9 %,12 %,–,–,5 %,1.350,05.02.–07.02.,,
Forsch’gr. Wahlen,25.01.2019,31 %,14 %,20 %,8 %,9 %,13 %,–,–,5 %,1.285,22.01.–24.01.,,
Forsch’gr. Wahlen,11.01.2019,29 %,14 %,21 %,8 %,9 %,14 %,–,–,5 %,1.267,08.01.–10.01.,,
Forsch’gr. Wahlen,14.12.2018,30 %,15 %,19 %,7 %,9 %,15 %,–,–,5 %,1.268,11.12.–13.12.,,
Forsch’gr. Wahlen,23.11.2018,27 %,14 %,22 %,8 %,9 %,16 %,–,–,4 %,1.336,20.11.–22.11.,,
Forsch’gr. Wahlen,09.11.2018,27 %,14 %,22 %,9 %,9 %,14 %,–,–,5 %,1.200,06.11.–08.11.,,
Forsch’gr. Wahlen,19.10.2018,27 %,14 %,20 %,8 %,10 %,16 %,–,–,5 %,1.117,16.10.–18.10.,,
Forsch’gr. Wahlen,28.09.2018,28 %,17 %,17 %,8 %,10 %,16 %,–,–,4 %,1.260,25.09.–27.09.,,
Forsch’gr. Wahlen,14.09.2018,30 %,20 %,16 %,7 %,8 %,15 %,–,–,4 %,1.339,11.09.–13.09.,,
Forsch’gr. Wahlen,31.08.2018,31 %,18 %,14 %,8 %,8 %,17 %,–,–,4 %,1.216,28.08.–30.08.,,
Forsch’gr. Wahlen,10.08.2018,31 %,18 %,15 %,8 %,9 %,16 %,–,–,3 %,1.294,07.08.–09.08.,,
Forsch’gr. Wahlen,13.07.2018,31 %,18 %,14 %,7 %,11 %,15 %,–,–,4 %,1.340,09.07.–12.07.,,
Forsch’gr. Wahlen,29.06.2018,32 %,18 %,14 %,9 %,10 %,14 %,–,–,3 %,1.290,25.06.–28.06.,,
Forsch’gr. Wahlen,08.06.2018,33 %,20 %,13 %,8 %,10 %,13 %,–,–,3 %,1.284,05.06.–07.06.,,
Forsch’gr. Wahlen,18.05.2018,34 %,20 %,12 %,8 %,9 %,14 %,–,–,3 %,1.200,15.05.–17.05.,,
Forsch’gr. Wahlen,27.04.2018,34 %,20 %,13 %,7 %,10 %,13 %,–,–,3 %,1.285,24.04.–26.04.,,
Forsch’gr. Wahlen,13.04.2018,33 %,19 %,14 %,8 %,9 %,13 %,–,–,4 %,1.159,10.04.–12.04.,,
Forsch’gr. Wahlen,16.03.2018,32 %,19 %,12 %,9 %,11 %,13 %,–,–,4 %,1.214,13.03.–15.03.,,
Forsch’gr. Wahlen,23.02.2018,33 %,17 %,12 %,8 %,11 %,14 %,–,–,5 %,1.360,20.02.–22.02.,,
Forsch’gr. Wahlen,02.02.2018,31 %,19 %,14 %,7 %,11 %,14 %,–,–,4 %,1.302,30.01.–01.02.,,
Forsch’gr. Wahlen,19.01.2018,33 %,20 %,12 %,8 %,10 %,12 %,–,–,5 %,1.332,16.01.–18.01.,,
Forsch’gr. Wahlen,08.12.2017,32 %,23 %,12 %,8 %,9 %,12 %,–,–,4 %,1.353,05.12.–07.12.,,
Forsch’gr. Wahlen,17.11.2017,33 %,21 %,12 %,10 %,9 %,11 %,–,–,4 %,1.303,14.11.–16.11.,,
Forsch’gr. Wahlen,27.10.2017,33 %,21 %,11 %,10 %,9 %,12 %,–,–,4 %,1.325,24.10.–26.10.,,
Forsch’gr. Wahlen,13.10.2017,31 %,21 %,11 %,11 %,10 %,12 %,–,–,4 %,1.180,10.10.–12.10.,,
Forsch’gr. Wahlen,29.09.2017,32 %,21 %,11 %,10 %,10 %,12 %,–,–,4 %,1.425,26.09.–28.09.,,
Forsch’gr. Wahlen,21.09.2017,36 %,"21,5 %",8 %,10 %,"8,5 %",11 %,,,5 %,1.725,20.09.–21.09.,,
Forsch’gr. Wahlen,15.09.2017,36 %,23 %,8 %,10 %,9 %,10 %,,,4 %,1.383,12.09.–14.09.,,
Forsch’gr. Wahlen,08.09.2017,38 %,22 %,8 %,9 %,9 %,9 %,,,5 %,1.378,05.09.–07.09.,,
Forsch’gr. Wahlen,01.09.2017,39 %,22 %,8 %,10 %,9 %,8 %,,,4 %,1.309,29.08.–31.08.,,
Forsch’gr. Wahlen,25.08.2017,39 %,22 %,8 %,9 %,9 %,9 %,,,4 %,1.283,22.08.–24.08.,,
Forsch’gr. Wahlen,11.08.2017,40 %,24 %,8 %,8 %,8 %,8 %,,,4 %,1.352,08.08.–10.08.,,
Forsch’gr. Wahlen,21.07.2017,40 %,24 %,8 %,8 %,8 %,8 %,,,4 %,1.277,18.07.–20.07.,,
Forsch’gr. Wahlen,07.07.2017,40 %,24 %,8 %,8 %,9 %,7 %,,,4 %,1.321,04.07.–06.07.,,
Forsch’gr. Wahlen,23.06.2017,39 %,25 %,8 %,8 %,9 %,7 %,,,4 %,1.261,20.06.–22.06.,,
Forsch’gr. Wahlen,02.06.2017,39 %,25 %,7 %,8 %,9 %,8 %,,,4 %,1.301,30.05.–01.06.,,
Forsch’gr. Wahlen,19.05.2017,38 %,27 %,7 %,8 %,9 %,7 %,,,4 %,1.344,16.05.–18.05.,,
Forsch’gr. Wahlen,28.04.2017,37 %,29 %,8 %,6 %,9 %,8 %,,,3 %,1.328,25.04.–27.04.,,
Forsch’gr. Wahlen,07.04.2017,35 %,32 %,7 %,5 %,8 %,9 %,,,4 %,1.384,04.04.–06.04.,,
Forsch’gr. Wahlen,10.03.2017,34 %,32 %,7 %,5 %,8 %,9 %,,,5 %,1.212,07.03.–09.03.,,
Forsch’gr. Wahlen,17.02.2017,34 %,30 %,9 %,6 %,7 %,10 %,,,4 %,1.231,14.02.–16.02.,,
Forsch’gr. Wahlen,27.01.2017,36 %,24 %,8 %,6 %,10 %,11 %,,,5 %,1.303,24.01.–26.01.,,
Forsch’gr. Wahlen,13.01.2017,36 %,21 %,10 %,6 %,9 %,13 %,,,5 %,1.292,10.01.–12.01.,,
Forsch’gr. Wahlen,09.12.2016,36 %,22 %,10 %,5 %,10 %,12 %,,,5 %,1.234,06.12.–08.12.,,
Forsch’gr. Wahlen,25.11.2016,36 %,21 %,11 %,5 %,10 %,13 %,,,4 %,1.258,22.11.–24.11.,,
Forsch’gr. Wahlen,11.11.2016,34 %,22 %,13 %,5 %,10 %,12 %,,,4 %,1.276,08.11.–10.11.,,
Forsch’gr. Wahlen,28.10.2016,33 %,23 %,12 %,5 %,10 %,12 %,,,5 %,1.287,25.10.–27.10.,,
Forsch’gr. Wahlen,14.10.2016,34 %,22 %,12 %,5 %,10 %,13 %,,,4 %,1.188,11.10.–13.10.,,
Forsch’gr. Wahlen,23.09.2016,33 %,22 %,13 %,5 %,10 %,13 %,,,4 %,1.241,20.09.–22.09.,,
Forsch’gr. Wahlen,12.08.2016,35 %,22 %,13 %,6 %,9 %,11 %,,,4 %,1.221,09.08.–11.08.,,
Forsch’gr. Wahlen,22.07.2016,35 %,24 %,13 %,5 %,8 %,11 %,,,4 %,1.271,19.07.–21.07.,,
Forsch’gr. Wahlen,08.07.2016,34 %,23 %,13 %,6 %,9 %,11 %,,,4 %,1.320,04.07.–07.07.,,
Forsch’gr. Wahlen,24.06.2016,34 %,22 %,12 %,6 %,9 %,12 %,,,5 %,1.224,20.06.–23.06.,,
Forsch’gr. Wahlen,03.06.2016,33 %,21 %,13 %,6 %,9 %,13 %,,,5 %,1.292,31.05.–02.06.,,
Forsch’gr. Wahlen,13.05.2016,33 %,21 %,14 %,7 %,8 %,13 %,,,4 %,1.263,10.05.–12.05.,,
Forsch’gr. Wahlen,22.04.2016,33 %,22 %,14 %,7 %,8 %,12 %,,,4 %,1.226,19.04.–21.04.,,
Forsch’gr. Wahlen,08.04.2016,36 %,22 %,12 %,7 %,7 %,12 %,,,4 %,1.261,05.04.–07.04.,,
Forsch’gr. Wahlen,18.03.2016,35 %,23 %,12 %,6 %,8 %,12 %,,,4 %,1.205,15.03.–17.03.,,
Forsch’gr. Wahlen,19.02.2016,36 %,25 %,10 %,5 %,9 %,10 %,,,5 %,1.289,16.02.–18.02.,,
Forsch’gr. Wahlen,29.01.2016,37 %,24 %,11 %,5 %,8 %,11 %,,,4 %,1.380,26.01.–28.01.,,
Forsch’gr. Wahlen,15.01.2016,37 %,24 %,10 %,5 %,8 %,11 %,,,5 %,1.203,12.01.–14.01.,,
Forsch’gr. Wahlen,11.12.2015,39 %,24 %,10 %,4 %,9 %,9 %,,,5 %,1.246,08.12.–10.12.,,
Forsch’gr. Wahlen,27.11.2015,39 %,25 %,9 %,4 %,8 %,9 %,,,6 %,1.246,24.11.–26.11.,,
Forsch’gr. Wahlen,13.11.2015,39 %,26 %,9 %,4 %,9 %,8 %,,,5 %,1.262,10.11.–12.11.,,
Forsch’gr. Wahlen,23.10.2015,39 %,25 %,10 %,5 %,9 %,6 %,,,6 %,1.258,20.10.–22.10.,,
Forsch’gr. Wahlen,09.10.2015,41 %,25 %,9 %,4 %,9 %,6 %,,,6 %,1.268,06.10.–08.10.,,
Forsch’gr. Wahlen,25.09.2015,41 %,26 %,10 %,4 %,9 %,5 %,,,5 %,1.252,22.09.–24.09.,,
Forsch’gr. Wahlen,11.09.2015,42 %,26 %,10 %,4 %,8 %,4 %,,,6 %,1.352,08.09.–10.09.,,
Forsch’gr. Wahlen,21.08.2015,42 %,26 %,10 %,4 %,9 %,3 %,,,6 %,1.251,18.08.–20.08.,,
Forsch’gr. Wahlen,24.07.2015,41 %,25 %,11 %,4 %,9 %,4 %,,,6 %,1.304,21.07.–23.07.,,
Forsch’gr. Wahlen,03.07.2015,41 %,26 %,11 %,4 %,9 %,4 %,,,5 %,1.234,30.06.–02.07.,,
Forsch’gr. Wahlen,12.06.2015,41 %,25 %,11 %,4 %,10 %,4 %,,,5 %,1.230,09.06.–11.06.,,
Forsch’gr. Wahlen,22.05.2015,40 %,26 %,11 %,4 %,9 %,5 %,,,5 %,1.230,19.05.–21.05.,,
Forsch’gr. Wahlen,17.04.2015,41 %,26 %,10 %,3 %,9 %,6 %,,,5 %,1.224,14.04.–16.04.,,
Forsch’gr. Wahlen,27.03.2015,41 %,25 %,11 %,3 %,9 %,6 %,,,5 %,1.219,24.03.–26.03.,,
Forsch’gr. Wahlen,13.03.2015,43 %,24 %,10 %,3 %,9 %,6 %,,,5 %,1.266,10.03.–12.03.,,
Forsch’gr. Wahlen,27.02.2015,41 %,25 %,11 %,3 %,8 %,7 %,,,5 %,1.154,24.02.–26.02.,,
Forsch’gr. Wahlen,30.01.2015,41 %,25 %,12 %,3 %,8 %,6 %,,,5 %,1.258,27.01.–29.01.,,
Forsch’gr. Wahlen,16.01.2015,42 %,25 %,11 %,3 %,8 %,6 %,,,5 %,1.287,13.01.–15.01.,,
Forsch’gr. Wahlen,12.12.2014,42 %,25 %,12 %,–,8 %,6 %,,,7 %,1.269,08.12.–11.12.,,
Forsch’gr. Wahlen,28.11.2014,41 %,26 %,11 %,–,8 %,6 %,,,8 %,1.289,25.11.–27.11.,,
Forsch’gr. Wahlen,14.11.2014,41 %,26 %,10 %,–,8 %,7 %,,,8 %,1.242,11.11.–13.11.,,
Forsch’gr. Wahlen,24.10.2014,41 %,26 %,9 %,3 %,8 %,7 %,,,6 %,1.268,21.10.–23.10.,,
Forsch’gr. Wahlen,10.10.2014,41 %,25 %,9 %,3 %,8 %,8 %,,,6 %,1.379,07.10.–09.10.,,
Forsch’gr. Wahlen,26.09.2014,41 %,26 %,9 %,3 %,8 %,7 %,,,6 %,1.184,23.09.–25.09.,,
Forsch’gr. Wahlen,05.09.2014,42 %,25 %,9 %,3 %,9 %,6 %,,,6 %,1.179,02.09.–04.09.,,
Forsch’gr. Wahlen,22.08.2014,41 %,25 %,10 %,4 %,9 %,4 %,,,7 %,1.264,19.08.–21.08.,,
Forsch’gr. Wahlen,18.07.2014,41 %,24 %,11 %,3 %,9 %,5 %,,,7 %,1.273,15.07.–17.07.,,
Forsch’gr. Wahlen,27.06.2014,39 %,25 %,11 %,3 %,9 %,6 %,,,7 %,1.315,23.06.–25.06.,,
Forsch’gr. Wahlen,05.06.2014,39 %,26 %,11 %,3 %,9 %,5 %,,,7 %,1.215,02.06.–04.06.,,
Forsch’gr. Wahlen,09.05.2014,40 %,25 %,11 %,4 %,10 %,4 %,,,6 %,1.223,06.05.–08.05.,,
Forsch’gr. Wahlen,11.04.2014,41 %,25 %,10 %,4 %,10 %,4 %,,,6 %,1.226,08.04.–10.04.,,
Forsch’gr. Wahlen,28.03.2014,41 %,25 %,10 %,3 %,10 %,5 %,,,6 %,1.255,25.03.–27.03.,,
Forsch’gr. Wahlen,14.03.2014,41 %,25 %,10 %,4 %,10 %,4 %,,,6 %,1.284,11.03.–13.03.,,
Forsch’gr. Wahlen,21.02.2014,43 %,24 %,10 %,4 %,10 %,4 %,,,5 %,1.219,18.02.–20.02.,,
Forsch’gr. Wahlen,31.01.2014,43 %,25 %,10 %,4 %,9 %,4 %,,,5 %,1.208,28.01.–30.01.,,
Forsch’gr. Wahlen,17.01.2014,43 %,24 %,9 %,4 %,10 %,4 %,,,6 %,1.237,14.01.–16.01.,,
Forsch’gr. Wahlen,13.12.2013,42 %,25 %,9 %,4 %,10 %,4 %,,,6 %,1.255,10.12.–12.12.,,
Forsch’gr. Wahlen,29.11.2013,42 %,26 %,8 %,3 %,10 %,5 %,,,6 %,1.270,26.11.–28.11.,,
Forsch’gr. Wahlen,08.11.2013,42 %,26 %,9 %,3 %,9 %,5 %,,,6 %,1.288,05.11.–07.11.,,
Forsch’gr. Wahlen,18.10.2013,42 %,26 %,8 %,3 %,10 %,5 %,,,PIRATEN 3 % Sonst. 3 %,1.183,15.10.–17.10.,,
Forsch’gr. Wahlen,27.09.2013,43 %,26 %,7 %,3 %,10 %,5 %,,,6 %,1.293,24.09.–26.09.,,
Forsch’gr. Wahlen,19.09.2013,40 %,27 %,9 %,"5,5 %","8,5 %",4 %,,,6 %,1.369,18.09.–19.09.,–,
Forsch’gr. Wahlen,13.09.2013,40 %,26 %,11 %,6 %,8 %,4 %,,,5 %,1.298,10.09.–12.09.,–,
Forsch’gr. Wahlen,05.09.2013,41 %,26 %,10 %,6 %,8 %,3 %,,,6 %,1.296,02.09.–04.09.,–,
Forsch’gr. Wahlen,29.08.2013,41 %,26 %,12 %,6 %,7 %,3 %,,,5 %,1.358,26.08.–28.08.,–,
Forsch’gr. Wahlen,23.08.2013,41 %,25 %,13 %,6 %,8 %,–,,,7 %,1.287,20.08.–22.08.,–,
Forsch’gr. Wahlen,16.08.2013,41 %,25 %,13 %,5 %,8 %,–,,,5 %,1.316,13.08.–15.08.,3 %,
Forsch’gr. Wahlen,02.08.2013,40 %,27 %,14 %,5 %,7 %,–,,,7 %,1.340,30.07.–01.08.,–,
Forsch’gr. Wahlen,12.07.2013,41 %,26 %,13 %,5 %,7 %,3 %,,,5 %,1.338,09.07.–11.07.,–,
Forsch’gr. Wahlen,28.06.2013,43 %,26 %,13 %,4 %,6 %,3 %,,,5 %,1.276,25.06.–27.06.,–,
Forsch’gr. Wahlen,07.06.2013,42 %,28 %,13 %,4 %,6 %,3 %,,,4 %,1.275,04.06.–06.06.,–,
Forsch’gr. Wahlen,17.05.2013,41 %,29 %,13 %,4 %,6 %,3 %,,,4 %,1.244,14.05.–16.05.,–,
Forsch’gr. Wahlen,26.04.2013,40 %,28 %,14 %,4 %,6 %,3 %,,,5 %,1.231,23.04.–25.04.,–,
Forsch’gr. Wahlen,12.04.2013,42 %,27 %,14 %,4 %,6 %,–,,,7 %,1.302,09.04.–11.04.,–,
Forsch’gr. Wahlen,22.03.2013,40 %,29 %,14 %,4 %,7 %,–,,,3 %,1.296,19.03.–21.03.,3 %,
Forsch’gr. Wahlen,08.03.2013,41 %,28 %,14 %,4 %,7 %,–,,,6 %,1.345,05.03.–07.03.,–,
Forsch’gr. Wahlen,22.02.2013,40 %,30 %,14 %,4 %,6 %,–,,,4 %,1.298,19.02.–21.02.,2 %,
GMS,14.09.2026,20 %,11 %,14 %,4 %,11 %,30 %,1 %,3 %,6 %,TOM • 1.009,09.09.–14.09.,,
GMS,20.07.2026,23 %,11 %,13 %,5 %,10 %,28 %,1 %,2 %,7 %,TOM • 1.005,15.07.–20.07.,,
GMS,01.06.2026,23 %,11 %,16 %,5 %,11 %,27 %,2 %,2 %,3 %,TOM • 1.023,27.05.–01.06.,,
GMS,03.03.2026,26 %,16 %,12 %,3 %,10 %,24 %,2 %,3 %,4 %,TOM • 1.016,25.02.–02.03.,,
GMS,05.01.2026,24 %,15 %,12 %,3 %,10 %,27 %,2 %,4 %,3 %,TOM • 1.027,23.12.–05.01.,,
GMS,17.11.2025,25 %,14 %,12 %,3 %,11 %,26 %,1 %,3 %,5 %,TOM • 1.020,11.11.–17.11.,,
GMS,30.09.2025,26 %,15 %,11 %,3 %,10 %,25 %,1 %,3 %,6 %,TOM • 1.012,24.09.–29.09.,,
GMS,01.07.2025,29 %,15 %,13 %,4 %,9 %,22 %,1 %,3 %,4 %,TOM • 1.007,25.06.–30.06.,,
GMS,19.05.2025,26 %,14 %,12 %,4 %,10 %,23 %,1 %,4 %,6 %,TOM • 1.012,14.05.–19.05.,,
GMS,07.04.2025,26 %,15 %,11 %,4 %,10 %,25 %,1 %,4 %,4 %,TOM • 1.022,02.04.–07.04.,,
GMS,19.02.2025,31 %,15 %,13 %,4 %,6 %,20 %,2 %,4 %,5 %,TOM • 1.016,16.02.–19.02.,,
GMS,07.02.2025,30 %,15 %,14 %,4 %,5 %,21 %,2 %,4 %,7 %,TOM • 1.011,04.02.–07.02.,,
GMS,03.01.2025,33 %,16 %,13 %,4 %,3 %,18 %,2 %,4 %,7 %,TOM • 1.010,27.12.–02.01.,,
GMS,03.12.2024,34 %,15 %,13 %,4 %,3 %,17 %,2 %,6 %,6 %,TOM • 1.005,27.11.–02.12.,,
GMS,17.09.2024,34 %,14 %,11 %,4 %,2 %,18 %,3 %,7 %,7 %,TOM • 1.006,11.09.–16.09.,,
GMS,13.08.2024,32 %,14 %,12 %,5 %,3 %,17 %,2 %,8 %,7 %,TOM • 1.006,06.08.–12.08.,,
GMS,18.06.2024,31 %,14 %,14 %,5 %,3 %,18 %,2 %,6 %,7 %,TOM • 1.007,11.06.–17.06.,,
GMS,07.05.2024,31 %,15 %,14 %,4 %,2 %,18 %,3 %,6 %,7 %,TOM • 1.005,30.04.–06.05.,,
GMS,06.02.2024,32 %,16 %,13 %,4 %,2 %,18 %,3 %,5 %,7 %,TOM • 1.012,31.01.–05.02.,,
GMS,03.01.2024,33 %,14 %,13 %,6 %,3 %,23 %,3 %,–,5 %,TOM • 1.004,27.12.–02.01.,,
GMS,12.12.2023,32 %,14 %,15 %,5 %,2 %,22 %,3 %,–,7 %,T • 1.001,06.12.–11.12.,,
GMS,19.09.2023,27 %,16 %,15 %,6 %,4 %,23 %,–,–,9 %,T • 1.002,13.09.–18.09.,,
GMS,09.08.2023,27 %,17 %,14 %,7 %,4 %,21 %,–,–,10 %,T • 1.004,02.08.–09.08.,,
GMS,04.07.2023,28 %,17 %,14 %,7 %,4 %,20 %,–,–,10 %,T • 1.005,28.06.–03.07.,,
GMS,06.06.2023,29 %,18 %,15 %,7 %,4 %,19 %,–,–,8 %,T • 1.001,31.05.–05.06.,,
GMS,04.04.2023,31 %,19 %,17 %,6 %,4 %,15 %,–,–,8 %,T • 1.007,29.03.–03.04.,,
GMS,21.02.2023,29 %,19 %,17 %,7 %,5 %,15 %,–,–,8 %,T • 1.004,15.02.–20.02.,,
GMS,04.01.2023,29 %,19 %,17 %,7 %,5 %,14 %,–,–,9 %,T • 1.002,28.12.–03.01.,,
GMS,02.12.2022,28 %,18 %,21 %,7 %,4 %,12 %,–,–,10 %,T • 1.005,28.11.–01.12.,,
GMS,26.10.2022,28 %,18 %,20 %,6 %,4 %,15 %,–,–,9 %,T • 1.002,19.10.–25.10.,,
GMS,21.09.2022,28 %,18 %,21 %,7 %,4 %,13 %,–,–,9 %,T • 1.003,14.09.–20.09.,,
GMS,27.07.2022,27 %,18 %,23 %,9 %,5 %,10 %,–,–,8 %,T • 1.005,20.07.–25.07.,,
GMS,21.06.2022,29 %,21 %,21 %,8 %,4 %,8 %,–,–,9 %,T • 1.003,15.06.–20.06.,,
GMS,31.05.2022,30 %,22 %,20 %,8 %,4 %,7 %,–,–,9 %,T • 1.005,25.05.–30.05.,,
GMS,26.04.2022,26 %,26 %,18 %,8 %,4 %,9 %,–,–,9 %,T • 1.003,20.04.–25.04.,,
GMS,01.03.2022,27 %,24 %,15 %,10 %,6 %,9 %,–,–,9 %,T • 1.005,23.02.–26.02.,,
GMS,04.01.2022,24 %,26 %,16 %,12 %,4 %,11 %,–,–,7 %,T • 1.003,29.12.–03.01.,,
GMS,05.11.2021,21 %,26 %,16 %,15 %,4 %,10 %,–,–,8 %,T • 1.005,01.11.–04.11.,,
GMS,14.09.2021,23 %,25 %,16 %,13 %,6 %,11 %,–,–,6 %,T • 1.003,08.09.–13.09.,,
GMS,07.09.2021,23 %,25 %,17 %,12 %,6 %,11 %,–,–,6 %,T • 1.004,01.09.–06.09.,,
GMS,27.07.2021,30 %,15 %,18 %,12 %,7 %,10 %,–,–,8 %,T • 1.003,21.07.–27.07.,,
GMS,21.06.2021,28 %,16 %,20 %,12 %,8 %,10 %,–,–,6 %,T • 1.002,16.06.–21.06.,,
GMS,17.05.2021,26 %,15 %,24 %,11 %,7 %,11 %,–,–,6 %,T • 1.005,11.05.–17.05.,,
GMS,29.03.2021,26 %,16 %,21 %,11 %,8 %,11 %,–,–,7 %,T • 1.003,24.03.–29.03.,,
GMS,15.02.2021,37 %,17 %,18 %,7 %,7 %,9 %,–,–,5 %,T • 1.005,10.02.–15.02.,,
GMS,04.01.2021,37 %,16 %,18 %,6 %,8 %,9 %,–,–,6 %,T • 1.004,29.12.–04.01.,,
GMS,09.11.2020,37 %,15 %,19 %,5 %,7 %,10 %,–,–,7 %,T • 1.007,04.11.–09.11.,,
GMS,13.10.2020,36 %,16 %,20 %,5 %,7 %,10 %,–,–,6 %,T • 1.005,07.10.–12.10.,,
GMS,27.07.2020,38 %,14 %,19 %,6 %,6 %,10 %,–,–,7 %,T • 1.003,22.07.–27.07.,,
GMS,15.06.2020,39 %,15 %,17 %,6 %,8 %,9 %,–,–,6 %,T • 1.002,09.06.–15.06.,,
GMS,27.04.2020,38 %,16 %,16 %,6 %,8 %,10 %,–,–,6 %,T • 1.002,20.04.–27.04.,,
GMS,03.01.2020,28 %,13 %,21 %,9 %,8 %,14 %,–,–,7 %,T • 1.005,27.12.–02.01.,,
GMS,03.12.2019,27 %,14 %,21 %,9 %,8 %,15 %,–,–,6 %,T • 1.004,27.11.–02.12.,,
GMS,08.10.2019,27 %,14 %,22 %,8 %,7 %,15 %,–,–,7 %,T • 1.002,01.10.–07.10.,,
GMS,13.09.2019,27 %,16 %,23 %,7 %,8 %,12 %,–,–,7 %,T • 1.005,06.09.–12.09.,,
GMS,23.07.2019,28 %,13 %,25 %,8 %,8 %,12 %,–,–,6 %,T • 1.002,17.07.–22.07.,,
GMS,25.06.2019,26 %,13 %,26 %,8 %,8 %,13 %,–,–,6 %,T • 1.004,18.06.–24.06.,,
GMS,09.05.2019,29 %,17 %,19 %,8 %,9 %,13 %,–,–,5 %,T • 1.006,02.05.–08.05.,,
GMS,04.04.2019,30 %,15 %,18 %,10 %,9 %,13 %,–,–,5 %,T • 1.003,28.03.–03.04.,,
GMS,28.02.2019,31 %,16 %,18 %,9 %,9 %,14 %,–,–,3 %,T • 1.005,21.02.–27.02.,,
GMS,24.01.2019,31 %,14 %,19 %,10 %,9 %,13 %,–,–,4 %,T • 1.003,16.01.–23.01.,,
GMS,13.12.2018,30 %,14 %,19 %,9 %,9 %,15 %,–,–,4 %,T • 1.005,06.12.–12.12.,,
GMS,11.10.2018,27 %,15 %,16 %,10 %,10 %,18 %,–,–,4 %,T • 1.007,04.10.–10.10.,,
GMS,27.09.2018,27 %,16 %,15 %,9 %,10 %,18 %,–,–,5 %,T • 1.005,20.09.–26.09.,,
GMS,11.09.2018,29 %,17 %,14 %,9 %,9 %,16 %,–,–,6 %,T • 1.003,04.09.–10.09.,,
GMS,01.08.2018,30 %,17 %,13 %,10 %,10 %,16 %,–,–,4 %,T • 1.005,25.07.–31.07.,,
GMS,12.07.2018,30 %,17 %,12 %,9 %,10 %,17 %,–,–,5 %,T • 1.006,05.07.–11.07.,,
GMS,17.05.2018,34 %,16 %,12 %,9 %,10 %,14 %,–,–,5 %,T • 1.003,11.05.–16.05.,,
GMS,27.04.2018,33 %,17 %,12 %,9 %,11 %,13 %,–,–,5 %,T • 1.005,20.04.–26.04.,,
GMS,22.03.2018,33 %,18 %,11 %,10 %,10 %,13 %,–,–,5 %,T • 1.003,16.03.–21.03.,,
GMS,08.02.2018,32 %,18 %,13 %,9 %,9 %,14 %,–,–,5 %,T • 1.007,01.02.–07.02.,,
GMS,03.01.2018,32 %,20 %,11 %,9 %,10 %,14 %,–,–,4 %,T • 1.005,27.12.–02.01.,,
GMS,04.12.2017,32 %,21 %,10 %,10 %,10 %,13 %,–,–,4 %,T • 1.010,28.11.–01.12.,,
GMS,19.10.2017,31 %,21 %,9 %,12 %,10 %,13 %,–,–,4 %,T • 1.005,12.10.–18.10.,,
GMS,21.09.2017,37 %,22 %,8 %,9 %,9 %,10 %,–,,5 %,T • 1.004,14.09.–20.09.,–,
GMS,07.09.2017,38 %,22 %,9 %,10 %,9 %,8 %,–,,4 %,T • 1.012,31.08.–06.09.,–,
GMS,16.08.2017,40 %,22 %,8 %,9 %,8 %,7 %,–,,6 %,T • 1.007,08.08.–15.08.,–,
GMS,06.07.2017,39 %,23 %,9 %,9 %,8 %,7 %,–,,5 %,T • 1.009,29.06.–05.07.,–,
GMS,01.06.2017,39 %,23 %,8 %,10 %,8 %,8 %,–,,4 %,T • 1.016,26.05.–31.05.,–,
GMS,04.05.2017,36 %,29 %,7 %,7 %,8 %,9 %,–,,4 %,T • 1.004,30.04.–03.05.,–,
GMS,23.03.2017,34 %,31 %,8 %,6 %,8 %,9 %,–,,4 %,T • 1.008,16.03.–22.03.,–,
GMS,09.02.2017,33 %,29 %,9 %,6 %,8 %,11 %,–,,4 %,T • 1.009,02.02.–08.02.,–,
GMS,05.01.2017,36 %,20 %,10 %,7 %,10 %,13 %,–,,4 %,T • 1.006,28.12.–04.01.,–,
GMS,03.11.2016,33 %,22 %,11 %,7 %,11 %,12 %,–,,4 %,T • 1.012,27.10.–02.11.,–,
GMS,13.10.2016,34 %,21 %,12 %,7 %,10 %,13 %,–,,3 %,T • 1.003,07.10.–12.10.,–,
GMS,15.09.2016,33 %,23 %,11 %,7 %,8 %,13 %,–,,5 %,T • 1.010,09.09.–14.09.,–,
GMS,14.07.2016,34 %,22 %,13 %,7 %,9 %,9 %,–,,6 %,T • 1.005,08.07.–13.07.,–,
GMS,02.06.2016,32 %,21 %,13 %,7 %,8 %,13 %,–,,6 %,T • 1.004,27.05.–01.06.,–,
GMS,21.04.2016,35 %,21 %,12 %,7 %,9 %,11 %,–,,5 %,T • 1.008,15.04.–20.04.,–,
GMS,17.03.2016,36 %,21 %,10 %,7 %,8 %,14 %,–,,4 %,T • 1.010,14.03.–16.03.,–,
GMS,18.02.2016,37 %,24 %,9 %,5 %,10 %,11 %,–,,4 %,T • 1.009,12.02.–17.02.,–,
GMS,04.01.2016,39 %,24 %,10 %,5 %,8 %,9 %,–,,5 %,T • 1.008,28.12.–03.01.,–,
GMS,19.11.2015,39 %,23 %,10 %,4 %,9 %,9 %,–,,6 %,T • 1.005,12.11.–18.11.,–,
GMS,08.10.2015,40 %,25 %,10 %,5 %,9 %,5 %,–,,6 %,T • 1.014,01.10.–07.10.,–,
GMS,17.09.2015,42 %,24 %,10 %,4 %,9 %,4 %,–,,5 %,T • 1.010,10.09.–16.09.,2 %,
GMS,27.08.2015,42 %,25 %,10 %,5 %,10 %,3 %,–,,4 %,T • 1.013,20.08.–26.08.,1 %,
GMS,23.07.2015,42 %,24 %,10 %,5 %,9 %,4 %,2 %,,3 %,T • 1.007,16.07.–22.07.,1 %,
GMS,25.06.2015,42 %,24 %,10 %,5 %,9 %,4 %,1 %,,4 %,T • 1.012,18.06.–24.06.,1 %,
GMS,15.05.2015,41 %,25 %,11 %,4 %,10 %,5 %,1 %,,2 %,T • 1.010,07.05.–13.05.,1 %,
GMS,16.04.2015,42 %,24 %,10 %,5 %,9 %,5 %,1 %,,3 %,T • 1.015,09.04.–15.04.,1 %,
GMS,24.03.2015,42 %,25 %,10 %,5 %,8 %,5 %,1 %,,3 %,T • 1.018,18.03.–23.03.,1 %,
GMS,24.02.2015,42 %,23 %,11 %,4 %,9 %,6 %,1 %,,2 %,T • 1.007,18.02.–23.02.,2 %,
GMS,20.01.2015,42 %,24 %,10 %,3 %,10 %,6 %,1 %,,3 %,T • 1.016,14.01.–19.01.,1 %,
GMS,16.12.2014,42 %,25 %,10 %,2 %,9 %,7 %,1 %,,3 %,T • 1.005,10.12.–15.12.,1 %,
GMS,25.11.2014,42 %,25 %,9 %,3 %,8 %,6 %,1 %,,4 %,T • 1.009,19.11.–24.11.,2 %,
GMS,21.10.2014,41 %,24 %,9 %,3 %,9 %,7 %,1 %,,4 %,T • 1.016,15.10.–20.10.,2 %,
GMS,23.09.2014,41 %,24 %,9 %,3 %,9 %,9 %,1 %,,3 %,T • 1.011,17.09.–22.09.,1 %,
GMS,19.08.2014,41 %,26 %,10 %,3 %,9 %,4 %,1 %,,5 %,T • 1.007,13.08.–18.08.,1 %,
GMS,22.07.2014,40 %,26 %,10 %,4 %,8 %,5 %,1 %,,4 %,T • 1.004,16.07.–21.07.,2 %,
GMS,24.06.2014,39 %,25 %,11 %,4 %,9 %,6 %,1 %,,3 %,T • 1.007,17.06.–23.06.,2 %,
GMS,13.05.2014,41 %,25 %,11 %,4 %,9 %,5 %,1 %,,3 %,T • 1.005,07.05.–12.05.,1 %,
GMS,16.04.2014,41 %,24 %,10 %,4 %,10 %,6 %,1 %,,2 %,T • 1.008,10.04.–15.04.,2 %,
GMS,18.03.2014,41 %,24 %,11 %,4 %,10 %,5 %,1 %,,3 %,T • 1.006,12.03.–17.03.,1 %,
GMS,25.02.2014,41 %,24 %,11 %,4 %,9 %,5 %,2 %,,3 %,T • 1.005,19.02.–24.02.,1 %,
GMS,21.01.2014,42 %,25 %,9 %,4 %,9 %,4 %,–,,5 %,T • 1.007,15.01.–20.01.,2 %,
GMS,10.12.2013,43 %,25 %,10 %,3 %,9 %,4 %,–,,4 %,T • 1.004,04.12.–09.12.,2 %,
GMS,19.11.2013,41 %,25 %,9 %,4 %,9 %,5 %,2 %,,3 %,T • 1.009,13.11.–18.11.,2 %,
GMS,15.10.2013,42 %,25 %,9 %,3 %,9 %,6 %,–,,4 %,T • 1.010,09.10.–14.10.,2 %,
GMS,10.09.2013,40 %,25 %,11 %,5 %,9 %,3 %,1 %,,3 %,T • 1.007,04.09.–09.09.,3 %,
GMS,20.08.2013,41 %,25 %,12 %,6 %,8 %,1 %,1 %,,3 %,T • 1.008,14.08.–19.08.,3 %,
GMS,16.07.2013,41 %,25 %,13 %,5 %,7 %,2 %,1 %,,4 %,T • 1.008,10.07.–15.07.,2 %,
GMS,18.06.2013,41 %,25 %,14 %,5 %,8 %,2 %,2 %,,1 %,T • 1.006,12.06.–17.06.,2 %,
GMS,16.05.2013,40 %,25 %,14 %,4 %,7 %,3 %,2 %,,2 %,T • 1.010,10.05.–15.05.,3 %,
GMS,16.04.2013,42 %,24 %,13 %,6 %,8 %,–,2 %,,3 %,T • 1.003,10.04.–15.04.,2 %,
GMS,19.03.2013,40 %,26 %,16 %,5 %,7 %,–,1 %,,2 %,T • 1.007,13.03.–18.03.,3 %,
GMS,19.02.2013,40 %,27 %,15 %,5 %,6 %,–,2 %,,2 %,T • 1.005,13.02.–18.02.,3 %,
Infratest dimap,03.09.2026,21 %,13 %,15 %,4 %,12 %,27 %,–,–,8 %,1.319,31.08.–02.09.,,
Infratest dimap,06.08.2026,21 %,12 %,15 %,4 %,11 %,28 %,–,–,9 %,1.297,03.08.–05.08.,,
Infratest dimap,02.07.2026,22 %,12 %,15 %,4 %,11 %,27 %,–,–,9 %,1.317,29.06.–01.07.,,
Infratest dimap,03.06.2026,23 %,13 %,14 %,4 %,10 %,27 %,–,3 %,6 %,1.326,01.06.–02.06.,,
Infratest dimap,07.05.2026,24 %,12 %,15 %,4 %,10 %,27 %,–,3 %,5 %,1.303,04.05.–06.05.,,
Infratest dimap,01.04.2026,26 %,12 %,14 %,3 %,10 %,25 %,–,3 %,7 %,1.316,30.03.–31.03.,,
Infratest dimap,05.03.2026,28 %,14 %,13 %,–,9 %,23 %,–,4 %,9 %,1.317,02.03.–04.03.,,
Infratest dimap,05.02.2026,26 %,15 %,12 %,3 %,10 %,24 %,–,3 %,7 %,1.319,02.02.–04.02.,,
Infratest dimap,08.01.2026,28 %,13 %,12 %,3 %,10 %,25 %,–,3 %,6 %,1.323,05.01.–07.01.,,
Infratest dimap,04.12.2025,27 %,14 %,12 %,3 %,10 %,25 %,–,4 %,5 %,1.306,01.12.–03.12.,,
Infratest dimap,06.11.2025,27 %,14 %,12 %,3 %,10 %,26 %,–,3 %,5 %,1.300,03.11.–05.11.,,
Infratest dimap,02.10.2025,26 %,14 %,12 %,3 %,10 %,26 %,–,3 %,6 %,1.306,29.09.–01.10.,,
Infratest dimap,03.09.2025,27 %,14 %,11 %,3 %,10 %,25 %,–,4 %,6 %,1.342,01.09.–02.09.,,
Infratest dimap,07.08.2025,27 %,13 %,12 %,4 %,10 %,24 %,–,3 %,7 %,1.321,04.08.–06.08.,,
Infratest dimap,03.07.2025,30 %,13 %,12 %,3 %,10 %,23 %,–,4 %,5 %,1.312,30.06.–02.07.,,
Infratest dimap,04.06.2025,29 %,15 %,12 %,4 %,9 %,23 %,–,4 %,4 %,1.292,02.06.–03.06.,,
Infratest dimap,07.05.2025,27 %,16 %,11 %,4 %,10 %,23 %,–,4 %,5 %,1.325,05.05.–06.05.,,
Infratest dimap,03.04.2025,26 %,16 %,11 %,4 %,10 %,24 %,–,4 %,5 %,1.334,31.03.–02.04.,,
Infratest dimap,06.03.2025,29 %,16 %,12 %,3 %,9 %,21 %,–,5 %,5 %,1.325,04.03.–05.03.,,
Infratest dimap,13.02.2025,32 %,14 %,14 %,4 %,6 %,21 %,–,"4,5 %","4,5 %",1.579,10.02.–12.02.,,
Infratest dimap,06.02.2025,31 %,15 %,14 %,4 %,5 %,21 %,–,4 %,6 %,1.302,03.02.–05.02.,,
Infratest dimap,30.01.2025,30 %,15 %,15 %,4 %,5 %,20 %,–,4 %,7 %,1.336,27.01.–29.01.,,
Infratest dimap,09.01.2025,31 %,15 %,14 %,4 %,4 %,20 %,–,5 %,7 %,1.323,06.01.–08.01.,,
Infratest dimap,19.12.2024,33 %,14 %,14 %,3 %,3 %,19 %,–,5 %,9 %,1.336,16.12.–18.12.,,
Infratest dimap,05.12.2024,32 %,16 %,14 %,4 %,3 %,18 %,–,5 %,8 %,1.307,02.12.–04.12.,,
Infratest dimap,21.11.2024,33 %,14 %,14 %,4 %,3 %,19 %,–,6 %,7 %,1.318,18.11.–20.11.,,
Infratest dimap,07.11.2024,34 %,16 %,12 %,5 %,–,18 %,–,6 %,9 %,1.065,07.11.–07.11.,,
Infratest dimap,31.10.2024,34 %,16 %,11 %,4 %,–,17 %,–,6 %,12 %,1.333,28.10.–30.10.,,
Infratest dimap,10.10.2024,31 %,16 %,13 %,3 %,3 %,17 %,3 %,8 %,6 %,1.321,07.10.–09.10.,,
Infratest dimap,05.09.2024,33 %,15 %,11 %,4 %,3 %,17 %,–,8 %,9 %,1.309,03.09.–04.09.,,
Infratest dimap,08.08.2024,32 %,15 %,12 %,5 %,–,16 %,–,9 %,11 %,1.311,05.08.–07.08.,,
Infratest dimap,04.07.2024,31 %,14 %,13 %,5 %,3 %,17 %,–,8 %,9 %,1.294,01.07.–03.07.,,
Infratest dimap,30.05.2024,31 %,15 %,14 %,4 %,3 %,18 %,3 %,5 %,7 %,1.479,27.05.–29.05.,,
Infratest dimap,02.05.2024,31 %,15 %,15 %,5 %,–,18 %,–,5 %,11 %,1.280,29.04.–30.04.,,
Infratest dimap,04.04.2024,30 %,15 %,15 %,4 %,3 %,18 %,3 %,5 %,7 %,1.304,02.04.–03.04.,,
Infratest dimap,07.03.2024,29 %,16 %,14 %,5 %,3 %,19 %,–,6 %,8 %,1.288,04.03.–06.03.,,
Infratest dimap,01.02.2024,30 %,16 %,14 %,4 %,3 %,19 %,–,5 %,9 %,1.303,29.01.–31.01.,,
Infratest dimap,04.01.2024,31 %,14 %,13 %,5 %,4 %,22 %,3 %,–,8 %,1.321,02.01.–03.01.,,
Infratest dimap,21.12.2023,32 %,14 %,14 %,5 %,3 %,21 %,4 %,–,7 %,1.210,18.12.–20.12.,,
Infratest dimap,07.12.2023,32 %,14 %,15 %,4 %,3 %,21 %,3 %,–,8 %,1.364,04.12.–06.12.,,
Infratest dimap,09.11.2023,30 %,15 %,15 %,5 %,4 %,21 %,3 %,–,7 %,1.195,07.11.–08.11.,,
Infratest dimap,02.11.2023,30 %,16 %,14 %,4 %,5 %,22 %,3 %,–,6 %,1.314,30.10.–01.11.,,
Infratest dimap,12.10.2023,29 %,15 %,13 %,5 %,4 %,23 %,4 %,–,7 %,1.203,10.10.–11.10.,,
Infratest dimap,28.09.2023,28 %,16 %,14 %,6 %,4 %,22 %,3 %,–,7 %,1.302,25.09.–27.09.,,
Infratest dimap,14.09.2023,28 %,16 %,15 %,7 %,4 %,22 %,–,–,8 %,1.222,12.09.–13.09.,,
Infratest dimap,31.08.2023,29 %,16 %,14 %,6 %,4 %,22 %,–,–,9 %,1.310,28.08.–30.08.,,
Infratest dimap,17.08.2023,27 %,17 %,14 %,7 %,4 %,21 %,–,–,10 %,1.216,15.08.–16.08.,,
Infratest dimap,03.08.2023,27 %,17 %,15 %,7 %,4 %,21 %,–,–,9 %,1.297,31.07.–02.08.,,
Infratest dimap,20.07.2023,28 %,18 %,13 %,7 %,4 %,20 %,–,–,10 %,1.235,18.07.–19.07.,,
Infratest dimap,06.07.2023,28 %,18 %,14 %,7 %,4 %,20 %,–,–,9 %,1.305,03.07.–05.07.,,
Infratest dimap,22.06.2023,29 %,17 %,15 %,6 %,4 %,19 %,–,–,10 %,1.191,20.06.–21.06.,,
Infratest dimap,01.06.2023,29 %,18 %,15 %,7 %,4 %,18 %,–,–,9 %,1.302,30.05.–31.05.,,
Infratest dimap,11.05.2023,28 %,18 %,16 %,8 %,5 %,16 %,–,–,9 %,1.220,09.05.–10.05.,,
Infratest dimap,04.05.2023,30 %,17 %,16 %,7 %,5 %,16 %,–,–,9 %,1.360,02.05.–03.05.,,
Infratest dimap,13.04.2023,29 %,19 %,17 %,7 %,4 %,15 %,–,–,9 %,1.204,11.04.–12.04.,,
Infratest dimap,06.04.2023,30 %,18 %,17 %,7 %,4 %,15 %,–,–,9 %,1.304,03.04.–05.04.,,
Infratest dimap,16.03.2023,30 %,18 %,16 %,7 %,5 %,15 %,–,–,9 %,1.215,14.03.–15.03.,,
Infratest dimap,02.03.2023,31 %,18 %,17 %,6 %,5 %,14 %,–,–,9 %,1.311,27.02.–01.03.,,
Infratest dimap,16.02.2023,29 %,19 %,17 %,6 %,5 %,15 %,–,–,9 %,1.216,14.02.–15.02.,,
Infratest dimap,02.02.2023,27 %,20 %,18 %,7 %,4 %,15 %,–,–,9 %,1.328,30.01.–01.02.,,
Infratest dimap,19.01.2023,29 %,19 %,19 %,6 %,4 %,14 %,–,–,9 %,1.211,17.01.–18.01.,,
Infratest dimap,05.01.2023,29 %,18 %,19 %,6 %,5 %,15 %,–,–,8 %,1.314,02.01.–04.01.,,
Infratest dimap,08.12.2022,29 %,18 %,18 %,6 %,5 %,15 %,–,–,9 %,1.259,06.12.–07.12.,,
Infratest dimap,01.12.2022,30 %,18 %,18 %,5 %,5 %,15 %,–,–,9 %,1.318,28.11.–30.11.,,
Infratest dimap,10.11.2022,28 %,18 %,19 %,7 %,4 %,14 %,–,–,10 %,1.225,08.11.–09.11.,,
Infratest dimap,03.11.2022,28 %,19 %,19 %,6 %,5 %,14 %,–,–,9 %,1.307,31.10.–02.11.,,
Infratest dimap,13.10.2022,26 %,19 %,20 %,6 %,5 %,15 %,–,–,9 %,1.225,11.10.–12.10.,,
Infratest dimap,06.10.2022,28 %,17 %,19 %,7 %,5 %,15 %,–,–,9 %,1.307,03.10.–05.10.,,
Infratest dimap,15.09.2022,28 %,17 %,21 %,7 %,5 %,14 %,–,–,8 %,1.224,13.09.–14.09.,,
Infratest dimap,01.09.2022,27 %,17 %,22 %,8 %,5 %,13 %,–,–,8 %,1.324,29.08.–31.08.,,
Infratest dimap,18.08.2022,28 %,18 %,23 %,7 %,4 %,12 %,–,–,8 %,1.273,16.08.–17.08.,,
Infratest dimap,04.08.2022,28 %,17 %,23 %,7 %,4 %,13 %,–,–,8 %,1.313,01.08.–03.08.,,
Infratest dimap,21.07.2022,27 %,19 %,22 %,7 %,4 %,12 %,–,–,9 %,1.210,19.07.–20.07.,,
Infratest dimap,07.07.2022,27 %,19 %,23 %,8 %,4 %,11 %,–,–,8 %,1.327,04.07.–06.07.,,
Infratest dimap,23.06.2022,26 %,20 %,23 %,8 %,4 %,12 %,–,–,7 %,1.248,21.06.–22.06.,,
Infratest dimap,02.06.2022,27 %,21 %,21 %,8 %,4 %,11 %,–,–,8 %,1.337,30.05.–01.06.,,
Infratest dimap,12.05.2022,26 %,22 %,20 %,8 %,4 %,11 %,–,–,9 %,1.226,10.05.–11.05.,,
Infratest dimap,28.04.2022,26 %,24 %,18 %,9 %,3 %,11 %,–,–,9 %,1.314,25.04.–27.04.,,
Infratest dimap,14.04.2022,26 %,24 %,18 %,8 %,4 %,11 %,–,–,9 %,1.226,11.04.–12.04.,,
Infratest dimap,07.04.2022,25 %,24 %,19 %,9 %,4 %,11 %,–,–,8 %,1.325,04.04.–06.04.,,
Infratest dimap,17.03.2022,26 %,25 %,17 %,9 %,4 %,11 %,–,–,8 %,1.254,15.03.–16.03.,,
Infratest dimap,03.03.2022,26 %,25 %,16 %,9 %,5 %,11 %,–,–,8 %,1.320,28.02.–02.03.,,
Infratest dimap,17.02.2022,26 %,24 %,15 %,9 %,5 %,12 %,–,–,9 %,1.202,15.02.–16.02.,,
Infratest dimap,03.02.2022,27 %,22 %,16 %,10 %,5 %,12 %,–,–,8 %,1.339,31.01.–02.02.,,
Infratest dimap,20.01.2022,24 %,25 %,16 %,10 %,5 %,12 %,–,–,8 %,1.424,18.01.–19.01.,,
Infratest dimap,06.01.2022,23 %,26 %,16 %,11 %,5 %,11 %,–,–,8 %,1.325,03.01.–05.01.,,
Infratest dimap,09.12.2021,23 %,26 %,16 %,12 %,5 %,11 %,–,–,7 %,1.266,07.12.–08.12.,,
Infratest dimap,02.12.2021,23 %,25 %,17 %,12 %,5 %,11 %,–,–,7 %,1.316,29.11.–01.12.,,
Infratest dimap,25.11.2021,21 %,25 %,17 %,13 %,5 %,11 %,–,–,8 %,1.239,23.11.–24.11.,,
Infratest dimap,04.11.2021,21 %,27 %,16 %,13 %,5 %,10 %,–,–,8 %,1.329,02.11.–03.11.,,
Infratest dimap,28.10.2021,22 %,26 %,16 %,13 %,4 %,10 %,–,–,9 %,1.239,26.10.–27.10.,,
Infratest dimap,16.09.2021,22 %,26 %,15 %,11 %,6 %,11 %,3 %,–,6 %,1.512,13.09.–15.09.,,
Infratest dimap,02.09.2021,20 %,25 %,16 %,13 %,6 %,12 %,–,–,8 %,1.337,30.08.–01.09.,,
Infratest dimap,19.08.2021,23 %,21 %,17 %,13 %,7 %,11 %,–,–,8 %,1.219,17.08.–18.08.,,
Infratest dimap,05.08.2021,27 %,18 %,19 %,12 %,6 %,10 %,–,–,8 %,1.312,02.08.–04.08.,,
Infratest dimap,22.07.2021,29 %,16 %,19 %,12 %,6 %,10 %,–,–,8 %,1.188,20.07.–21.07.,,
Infratest dimap,01.07.2021,28 %,15 %,20 %,11 %,7 %,11 %,–,–,8 %,1.317,28.06.–30.06.,,
Infratest dimap,24.06.2021,28 %,15 %,21 %,11 %,6 %,12 %,3 %,–,4 %,1.217,22.06.–23.06.,,
Infratest dimap,10.06.2021,28 %,14 %,20 %,12 %,7 %,12 %,–,–,7 %,1.316,07.06.–09.06.,,
Infratest dimap,13.05.2021,24 %,15 %,25 %,12 %,7 %,11 %,–,–,6 %,1.198,10.05.–11.05.,,
Infratest dimap,06.05.2021,23 %,14 %,26 %,11 %,6 %,12 %,3 %,–,5 %,1.351,03.05.–05.05.,,
Infratest dimap,15.04.2021,28 %,15 %,21 %,11 %,7 %,11 %,–,–,7 %,1.174,13.04.–14.04.,,
Infratest dimap,01.04.2021,27 %,16 %,22 %,9 %,7 %,11 %,–,–,8 %,1.348,29.03.–30.03.,,
Infratest dimap,18.03.2021,29 %,17 %,20 %,9 %,7 %,11 %,–,–,7 %,1.207,15.03.–17.03.,,
Infratest dimap,04.03.2021,33 %,16 %,20 %,7 %,7 %,11 %,–,–,6 %,1.296,01.03.–02.03.,,
Infratest dimap,18.02.2021,33 %,16 %,20 %,8 %,6 %,11 %,–,–,6 %,1.025,15.02.–17.02.,,
Infratest dimap,04.02.2021,34 %,15 %,21 %,8 %,6 %,10 %,–,–,6 %,1.503,01.02.–03.02.,,
Infratest dimap,21.01.2021,34 %,15 %,21 %,7 %,6 %,10 %,–,–,7 %,1.027,18.01.–20.01.,,
Infratest dimap,07.01.2021,35 %,14 %,21 %,7 %,7 %,10 %,–,–,6 %,1.520,04.01.–06.01.,,
Infratest dimap,10.12.2020,36 %,16 %,20 %,6 %,7 %,9 %,–,–,6 %,1.004,07.12.–09.12.,,
Infratest dimap,03.12.2020,36 %,15 %,21 %,6 %,7 %,10 %,–,–,5 %,1.507,30.11.–02.12.,,
Infratest dimap,26.11.2020,35 %,15 %,21 %,7 %,7 %,11 %,–,–,4 %,1.047,24.11.–25.11.,,
Infratest dimap,12.11.2020,36 %,15 %,20 %,6 %,7 %,10 %,–,–,6 %,1.504,09.11.–11.11.,,
Infratest dimap,15.10.2020,35 %,15 %,20 %,6 %,7 %,11 %,–,–,6 %,1.038,12.10.–14.10.,,
Infratest dimap,01.10.2020,35 %,15 %,21 %,6 %,8 %,10 %,–,–,5 %,1.501,28.09.–30.09.,,
Infratest dimap,17.09.2020,36 %,16 %,20 %,5 %,8 %,10 %,–,–,5 %,1.051,15.09.–16.09.,,
Infratest dimap,03.09.2020,36 %,17 %,19 %,6 %,7 %,10 %,–,–,5 %,1.527,31.08.–02.09.,,
Infratest dimap,20.08.2020,37 %,16 %,17 %,6 %,8 %,10 %,–,–,6 %,1.065,18.08.–19.08.,,
Infratest dimap,06.08.2020,38 %,15 %,18 %,6 %,7 %,11 %,–,–,5 %,1.511,03.08.–05.08.,,
Infratest dimap,23.07.2020,37 %,14 %,20 %,5 %,7 %,11 %,–,–,6 %,1.064,21.07.–22.07.,,
Infratest dimap,02.07.2020,37 %,16 %,20 %,5 %,7 %,10 %,–,–,5 %,1.503,29.06.–01.07.,,
Infratest dimap,25.06.2020,37 %,16 %,20 %,5 %,7 %,10 %,–,–,5 %,1.068,23.06.–24.06.,,
Infratest dimap,04.06.2020,38 %,15 %,19 %,6 %,8 %,9 %,–,–,5 %,1.505,02.06.–03.06.,,
Infratest dimap,14.05.2020,38 %,15 %,18 %,6 %,7 %,10 %,–,–,6 %,1.074,12.05.–13.05.,,
Infratest dimap,07.05.2020,39 %,16 %,18 %,5 %,8 %,9 %,–,–,5 %,1.503,04.05.–06.05.,,
Infratest dimap,16.04.2020,38 %,17 %,19 %,5 %,7 %,9 %,–,–,5 %,1.057,14.04.–15.04.,,
Infratest dimap,02.04.2020,34 %,16 %,22 %,5 %,7 %,10 %,–,–,6 %,1.502,30.03.–01.04.,,
Infratest dimap,19.03.2020,30 %,14 %,23 %,7 %,9 %,10 %,–,–,7 %,1.035,17.03.–18.03.,,
Infratest dimap,05.03.2020,27 %,16 %,23 %,6 %,9 %,12 %,–,–,7 %,1.502,02.03.–04.03.,,
Infratest dimap,13.02.2020,26 %,16 %,22 %,7 %,9 %,14 %,–,–,6 %,1.007,11.02.–13.02.,,
Infratest dimap,06.02.2020,27 %,14 %,22 %,8 %,9 %,14 %,–,–,6 %,1.503,03.02.–05.02.,,
Infratest dimap,23.01.2020,26 %,14 %,24 %,8 %,8 %,14 %,–,–,6 %,1.043,21.01.–22.01.,,
Infratest dimap,09.01.2020,27 %,13 %,23 %,9 %,8 %,14 %,–,–,6 %,1.506,07.01.–08.01.,,
Infratest dimap,12.12.2019,27 %,14 %,21 %,8 %,8 %,15 %,–,–,7 %,1.038,10.12.–11.12.,,
Infratest dimap,05.12.2019,25 %,13 %,23 %,9 %,8 %,15 %,–,–,7 %,1.507,02.12.–04.12.,,
Infratest dimap,14.11.2019,25 %,15 %,22 %,7 %,9 %,14 %,–,–,8 %,1.046,12.11.–13.11.,,
Infratest dimap,07.11.2019,26 %,14 %,22 %,8 %,9 %,14 %,–,–,7 %,1.507,04.11.–06.11.,,
Infratest dimap,17.10.2019,28 %,14 %,22 %,7 %,8 %,14 %,–,–,7 %,1.062,14.10.–16.10.,,
Infratest dimap,10.10.2019,28 %,13 %,24 %,7 %,8 %,14 %,–,–,6 %,1.504,07.10.–09.10.,,
Infratest dimap,19.09.2019,27 %,14 %,23 %,8 %,8 %,14 %,–,–,6 %,1.067,17.09.–18.09.,,
Infratest dimap,05.09.2019,27 %,14 %,23 %,7 %,7 %,15 %,–,–,7 %,1.514,03.09.–04.09.,,
Infratest dimap,22.08.2019,26 %,14 %,25 %,7 %,7 %,14 %,–,–,7 %,1.063,20.08.–21.08.,,
Infratest dimap,01.08.2019,26 %,12 %,26 %,8 %,7 %,14 %,–,–,7 %,1.503,29.07.–31.07.,,
Infratest dimap,25.07.2019,26 %,13 %,26 %,9 %,8 %,12 %,–,–,6 %,1.046,22.07.–24.07.,,
Infratest dimap,04.07.2019,25 %,13 %,26 %,8 %,8 %,13 %,–,–,7 %,1.506,01.07.–03.07.,,
Infratest dimap,27.06.2019,26 %,13 %,25 %,9 %,7 %,12 %,–,–,8 %,1.051,24.06.–26.06.,,
Infratest dimap,06.06.2019,25 %,12 %,26 %,8 %,7 %,13 %,–,–,9 %,1.500,03.06.–05.06.,,
Infratest dimap,02.05.2019,28 %,18 %,20 %,8 %,9 %,12 %,–,–,5 %,1.505,29.04.–30.04.,,
Infratest dimap,17.04.2019,29 %,16 %,21 %,8 %,8 %,13 %,–,–,5 %,1.051,15.04.–16.04.,,
Infratest dimap,04.04.2019,29 %,17 %,20 %,9 %,8 %,12 %,–,–,5 %,1.503,01.04.–03.04.,,
Infratest dimap,21.03.2019,29 %,18 %,19 %,9 %,8 %,12 %,–,–,5 %,1.041,19.03.–20.03.,,
Infratest dimap,14.03.2019,29 %,17 %,19 %,8 %,9 %,13 %,–,–,5 %,1.508,11.03.–13.03.,,
Infratest dimap,21.02.2019,30 %,18 %,18 %,8 %,8 %,12 %,–,–,6 %,1.029,19.02.–20.02.,,
Infratest dimap,14.02.2019,29 %,17 %,19 %,9 %,8 %,13 %,–,–,5 %,1.503,11.02.–13.02.,,
Infratest dimap,24.01.2019,28 %,15 %,20 %,9 %,8 %,15 %,–,–,5 %,1.051,22.01.–23.01.,,
Infratest dimap,10.01.2019,29 %,15 %,20 %,9 %,9 %,14 %,–,–,4 %,1.505,07.01.–09.01.,,
Infratest dimap,13.12.2018,31 %,15 %,20 %,8 %,8 %,13 %,–,–,5 %,1.048,11.12.–12.12.,,
Infratest dimap,06.12.2018,30 %,14 %,20 %,8 %,8 %,14 %,–,–,6 %,1.502,03.12.–05.12.,,
Infratest dimap,29.11.2018,28 %,14 %,21 %,9 %,8 %,15 %,–,–,5 %,1.052,27.11.–28.11.,,
Infratest dimap,15.11.2018,26 %,14 %,23 %,8 %,9 %,14 %,–,–,6 %,1.506,12.11.–14.11.,,
Infratest dimap,18.10.2018,25 %,14 %,19 %,11 %,9 %,16 %,–,–,6 %,1.040,16.10.–17.10.,,
Infratest dimap,11.10.2018,26 %,15 %,17 %,10 %,10 %,16 %,–,–,6 %,1.508,08.10.–10.10.,,
Infratest dimap,20.09.2018,28 %,17 %,15 %,9 %,10 %,18 %,–,–,3 %,1.035,17.09.–19.09.,,
Infratest dimap,06.09.2018,29 %,18 %,14 %,8 %,10 %,16 %,–,–,5 %,1.502,03.09.–05.09.,,
Infratest dimap,23.08.2018,29 %,18 %,14 %,8 %,9 %,17 %,–,–,5 %,1.047,20.08.–22.08.,,
Infratest dimap,02.08.2018,29 %,18 %,15 %,7 %,9 %,17 %,–,–,5 %,1.508,30.07.–01.08.,,
Infratest dimap,26.07.2018,30 %,18 %,15 %,8 %,8 %,16 %,–,–,5 %,1.047,24.07.–25.07.,,
Infratest dimap,05.07.2018,30 %,18 %,14 %,8 %,9 %,16 %,–,–,5 %,1.505,03.07.–04.07.,,
Infratest dimap,27.06.2018,32 %,19 %,13 %,8 %,9 %,14 %,–,–,5 %,1.025,25.06.–26.06.,,
Infratest dimap,14.06.2018,31 %,18 %,13 %,8 %,10 %,15 %,–,–,5 %,1.506,11.06.–13.06.,,
Infratest dimap,17.05.2018,33 %,17 %,13 %,8 %,10 %,14 %,–,–,5 %,1.009,14.05.–16.05.,,
Infratest dimap,09.05.2018,32 %,18 %,13 %,8 %,9 %,15 %,–,–,5 %,1.507,07.05.–08.05.,,
Infratest dimap,19.04.2018,32 %,17 %,12 %,10 %,10 %,15 %,–,–,4 %,1.039,16.04.–18.04.,,
Infratest dimap,05.04.2018,33 %,18 %,12 %,9 %,10 %,14 %,–,–,4 %,1.503,03.04.–04.04.,,
Infratest dimap,22.03.2018,33 %,19 %,12 %,9 %,10 %,13 %,–,–,4 %,1.038,20.03.–21.03.,,
Infratest dimap,01.03.2018,34 %,18 %,11 %,9 %,9 %,15 %,–,–,4 %,1.502,26.02.–28.02.,,
Infratest dimap,22.02.2018,34 %,17 %,12 %,9 %,10 %,14 %,–,–,4 %,1.052,20.02.–21.02.,,
Infratest dimap,15.02.2018,33 %,16 %,13 %,9 %,11 %,15 %,–,–,3 %,1.001,13.02.–15.02.,,
Infratest dimap,01.02.2018,33 %,18 %,11 %,10 %,11 %,14 %,–,–,3 %,1.502,29.01.–31.01.,,
Infratest dimap,25.01.2018,33 %,19 %,11 %,10 %,10 %,12 %,–,–,5 %,1.043,22.01.–24.01.,,
Infratest dimap,04.01.2018,33 %,21 %,11 %,9 %,9 %,13 %,–,–,4 %,1.506,02.01.–03.01.,,
Infratest dimap,14.12.2017,32 %,20 %,12 %,9 %,9 %,13 %,–,–,5 %,1.029,11.12.–13.12.,,
Infratest dimap,07.12.2017,32 %,21 %,11 %,9 %,10 %,13 %,–,–,4 %,1.504,04.12.–06.12.,,
Infratest dimap,20.11.2017,32 %,22 %,11 %,10 %,10 %,11 %,–,–,4 %,1.011,20.11.,,
Infratest dimap,16.11.2017,31 %,21 %,11 %,11 %,10 %,12 %,–,–,4 %,1.382,10.11.–15.11.,,
Infratest dimap,09.11.2017,30 %,21 %,11 %,12 %,9 %,13 %,–,–,4 %,1.505,06.11.–08.11.,,
Infratest dimap,20.10.2017,31 %,21 %,11 %,12 %,9 %,12 %,–,–,4 %,1.026,16.10.–18.10.,,
Infratest dimap,12.10.2017,32 %,20 %,10 %,11 %,10 %,11 %,–,–,6 %,1.506,09.10.–11.10.,,
Infratest dimap,14.09.2017,37 %,20 %,"7,5 %","9,5 %",9 %,12 %,–,–,5 %,1.503,12.09.–13.09.,,
Infratest dimap,07.09.2017,37 %,21 %,8 %,9 %,10 %,11 %,–,–,4 %,1.503,04.09.–06.09.,,
Infratest dimap,31.08.2017,37 %,23 %,8 %,8 %,9 %,11 %,–,–,4 %,1.411,28.08.–30.08.,,
Infratest dimap,24.08.2017,38 %,22 %,8 %,9 %,9 %,10 %,–,–,4 %,1.035,22.08.–23.08.,,
Infratest dimap,09.08.2017,39 %,24 %,8 %,8 %,9 %,8 %,–,–,4 %,1.505,04.08.–08.08.,,
Infratest dimap,27.07.2017,40 %,23 %,8 %,8 %,8 %,9 %,–,–,4 %,1.004,25.07.–26.07.,,
Infratest dimap,06.07.2017,39 %,23 %,8 %,9 %,9 %,9 %,–,–,3 %,1.500,03.07.–05.07.,,
Infratest dimap,15.06.2017,39 %,24 %,7 %,9 %,8 %,8 %,–,–,5 %,1.018,12.06.–13.06.,,
Infratest dimap,08.06.2017,38 %,24 %,7 %,10 %,8 %,9 %,–,–,4 %,1.503,06.06.–07.06.,,
Infratest dimap,18.05.2017,38 %,26 %,8 %,9 %,6 %,9 %,–,–,4 %,1.017,16.05.–17.05.,,
Infratest dimap,11.05.2017,37 %,27 %,8 %,8 %,7 %,10 %,–,–,3 %,1.500,08.05.–10.05.,,
Infratest dimap,20.04.2017,35 %,30 %,7 %,6 %,8 %,10 %,–,–,4 %,934,18.04.–19.04.,,
Infratest dimap,13.04.2017,34 %,31 %,8 %,6 %,7 %,11 %,–,–,3 %,1.502,10.04.–12.04.,,
Infratest dimap,23.03.2017,32 %,32 %,8 %,6 %,7 %,11 %,–,–,4 %,1.023,20.03.–22.03.,,
Infratest dimap,09.03.2017,32 %,31 %,8 %,6 %,8 %,11 %,–,–,4 %,1.502,06.03.–08.03.,,
Infratest dimap,23.02.2017,31 %,32 %,8 %,6 %,7 %,11 %,–,–,5 %,1.047,20.02.–22.02.,,
Infratest dimap,02.02.2017,34 %,28 %,8 %,6 %,8 %,12 %,–,–,4 %,1.506,30.01.–01.02.,,
Infratest dimap,27.01.2017,35 %,23 %,9 %,6 %,8 %,14 %,–,–,5 %,1.029,24.01.–25.01.,,
Infratest dimap,05.01.2017,37 %,20 %,9 %,5 %,9 %,15 %,–,–,5 %,1.505,02.01.–04.01.,,
Infratest dimap,16.12.2016,36 %,21 %,10 %,6 %,9 %,13 %,–,–,5 %,1.005,12.12.–14.12.,,
Infratest dimap,08.12.2016,35 %,22 %,11 %,5 %,9 %,13 %,–,–,5 %,1.504,05.12.–07.12.,,
Infratest dimap,18.11.2016,32 %,23 %,13 %,6 %,9 %,12 %,–,–,5 %,1.014,14.11.–16.11.,,
Infratest dimap,03.11.2016,33 %,22 %,12 %,6 %,9 %,13 %,–,–,5 %,1.505,31.10.–02.11.,,
Infratest dimap,20.10.2016,33 %,22 %,12 %,5 %,9 %,14 %,–,–,5 %,1.018,18.10.–19.10.,,
Infratest dimap,06.10.2016,33 %,22 %,11 %,6 %,9 %,14 %,–,–,5 %,1.503,04.10.–05.10.,,
Infratest dimap,23.09.2016,32 %,22 %,12 %,6 %,8 %,16 %,–,–,4 %,1018,19.09.–21.09.,,
Infratest dimap,01.09.2016,33 %,23 %,11 %,5 %,9 %,14 %,–,–,5 %,1.504,29.08.–31.08.,,
Infratest dimap,26.08.2016,33 %,22 %,12 %,5 %,9 %,13 %,–,–,6 %,1.008,23.08.–24.08.,,
Infratest dimap,04.08.2016,34 %,22 %,13 %,5 %,9 %,12 %,–,–,5 %,1.503,01.08.–03.08.,,
Infratest dimap,15.07.2016,33 %,22 %,14 %,6 %,8 %,12 %,–,–,5 %,1.037,12.07.–13.07.,,
Infratest dimap,07.07.2016,34 %,22 %,13 %,6 %,9 %,12 %,–,–,4 %,1.504,04.07.–06.07.,,
Infratest dimap,17.06.2016,31 %,21 %,14 %,7 %,9 %,14 %,–,–,4 %,1.000,13.06.–15.06.,,
Infratest dimap,02.06.2016,32 %,21 %,13 %,6 %,9 %,15 %,–,–,4 %,1.506,30.05.–01.06.,,
Infratest dimap,20.05.2016,32 %,21 %,12 %,7 %,9 %,15 %,–,–,4 %,1.015,17.05.–18.05.,,
Infratest dimap,04.05.2016,33 %,20 %,13 %,6 %,8 %,15 %,–,–,5 %,1.503,02.05.–03.05.,,
Infratest dimap,22.04.2016,33 %,21 %,12 %,7 %,8 %,14 %,–,–,5 %,1.011,18.04.–20.04.,,
Infratest dimap,07.04.2016,34 %,21 %,13 %,7 %,7 %,14 %,–,–,4 %,1.505,04.04.–06.04.,,
Infratest dimap,24.03.2016,34 %,22 %,12 %,7 %,8 %,13 %,–,–,4 %,1.000,21.03.–22.03.,,
Infratest dimap,29.02.2016,36 %,23 %,10 %,6 %,9 %,11 %,–,–,5 %,1.505,26.02.–27.02.,,
Infratest dimap,26.02.2016,37 %,23 %,11 %,6 %,8 %,10 %,–,–,5 %,1.028,23.02.–24.02.,,
Infratest dimap,03.02.2016,35 %,24 %,10 %,5 %,9 %,12 %,–,–,5 %,1.504,01.02.–02.02.,,
Infratest dimap,15.01.2016,37 %,25 %,10 %,4 %,8 %,10 %,–,–,6 %,1.027,12.01.–13.01.,,
Infratest dimap,07.01.2016,39 %,24 %,11 %,4 %,8 %,9 %,–,–,5 %,1.504,05.01.–07.01.,,
Infratest dimap,18.12.2015,38 %,24 %,10 %,4 %,8 %,10 %,–,–,6 %,1.021,14.12.–16.12.,,
Infratest dimap,03.12.2015,37 %,25 %,11 %,4 %,8 %,10 %,–,–,5 %,1.503,30.11.–01.12.,,
Infratest dimap,20.11.2015,37 %,25 %,10 %,5 %,8 %,9 %,–,–,6 %,1.851,16.11.–19.11.,,
Infratest dimap,05.11.2015,37 %,24 %,11 %,5 %,9 %,8 %,–,–,6 %,1.503,02.11.–04.11.,,
Infratest dimap,23.10.2015,38 %,24 %,11 %,5 %,9 %,8 %,–,–,5 %,1.000,19.10.–21.10.,,
Infratest dimap,01.10.2015,40 %,24 %,10 %,5 %,9 %,6 %,–,–,6 %,1.501,28.09.–30.09.,,
Infratest dimap,11.09.2015,42 %,25 %,11 %,4 %,9 %,4 %,–,–,5 %,1.021,07.09.–09.09.,,
Infratest dimap,03.09.2015,42 %,24 %,12 %,4 %,8 %,4 %,–,–,6 %,1.501,31.08.–02.09.,,
Infratest dimap,14.08.2015,42 %,24 %,11 %,4 %,9 %,4 %,–,–,6 %,1.033,11.08.–12.08.,,
Infratest dimap,30.07.2015,42 %,24 %,11 %,5 %,9 %,4 %,–,–,5 %,1.504,27.07.–29.07.,,
Infratest dimap,17.07.2015,41 %,24 %,11 %,6 %,9 %,4 %,–,–,5 %,1.029,14.07.–15.07.,,
Infratest dimap,02.07.2015,40 %,25 %,11 %,5 %,10 %,5 %,–,–,4 %,1.501,29.06.–01.07.,,
Infratest dimap,19.06.2015,40 %,25 %,10 %,5 %,10 %,5 %,–,–,5 %,1.001,15.06.–17.06.,,
Infratest dimap,03.06.2015,40 %,25 %,10 %,6 %,9 %,5 %,–,–,5 %,1.503,01.06.–02.06.,,
Infratest dimap,21.05.2015,41 %,26 %,9 %,5 %,9 %,5 %,–,–,5 %,1.011,18.05.–20.05.,,
Infratest dimap,07.05.2015,40 %,25 %,10 %,4 %,9 %,6 %,–,–,6 %,1.506,04.05.–06.05.,,
Infratest dimap,24.04.2015,41 %,24 %,11 %,4 %,8 %,6 %,–,–,6 %,1.002,20.04.–22.04.,,
Infratest dimap,02.04.2015,41 %,25 %,10 %,4 %,9 %,6 %,–,–,5 %,1.501,30.03.–01.04.,,
Infratest dimap,13.03.2015,41 %,24 %,11 %,4 %,9 %,6 %,–,–,5 %,1.000,10.03.–11.03.,,
Infratest dimap,05.03.2015,41 %,25 %,10 %,4 %,9 %,6 %,–,–,5 %,1.506,02.03.–04.03.,,
Infratest dimap,13.02.2015,42 %,24 %,10 %,3 %,8 %,7 %,–,–,6 %,1.023,10.02.–11.02.,,
Infratest dimap,05.02.2015,41 %,25 %,10 %,3 %,9 %,6 %,–,–,6 %,1.503,02.02.–04.02.,,
Infratest dimap,16.01.2015,41 %,25 %,10 %,4 %,8 %,6 %,–,–,6 %,1.017,12.01.–14.01.,,
Infratest dimap,08.01.2015,41 %,26 %,10 %,3 %,8 %,6 %,–,–,6 %,1.506,05.01.–07.01.,,
Infratest dimap,19.12.2014,42 %,25 %,10 %,–,8 %,6 %,–,–,9 %,1.006,15.12.–17.12.,,
Infratest dimap,04.12.2014,40 %,26 %,11 %,2 %,9 %,7 %,–,–,5 %,1.502,01.12.–03.12.,,
Infratest dimap,21.11.2014,41 %,26 %,11 %,3 %,8 %,6 %,–,–,5 %,1.023,17.11.–19.11.,,
Infratest dimap,06.11.2014,41 %,25 %,10 %,3 %,9 %,7 %,–,–,5 %,1.504,03.11.–05.11.,,
Infratest dimap,24.10.2014,40 %,26 %,10 %,2 %,9 %,7 %,–,–,6 %,1.022,20.10.–22.10.,,
Infratest dimap,02.10.2014,41 %,24 %,9 %,2 %,10 %,9 %,–,–,5 %,1.502,29.09.–01.10.,,
Infratest dimap,26.09.2014,39 %,25 %,10 %,3 %,10 %,8 %,–,–,5 %,1.008,22.09.–24.09.,,
Infratest dimap,04.09.2014,40 %,24 %,10 %,3 %,10 %,7 %,–,–,6 %,1.503,01.09.–03.09.,,
Infratest dimap,29.08.2014,42 %,25 %,9 %,3 %,9 %,5 %,–,–,7 %,1.027,26.08.–27.08.,,
Infratest dimap,07.08.2014,41 %,26 %,10 %,3 %,9 %,5 %,–,–,6 %,1.503,04.08.–06.08.,,
Infratest dimap,18.07.2014,40 %,26 %,10 %,4 %,10 %,4 %,–,–,6 %,1.008,15.07.–16.07.,,
Infratest dimap,03.07.2014,39 %,26 %,11 %,4 %,9 %,5 %,–,–,6 %,1.505,30.06.–02.07.,,
Infratest dimap,20.06.2014,39 %,25 %,12 %,4 %,8 %,6 %,–,–,6 %,1.000,17.06.–18.06.,,
Infratest dimap,05.06.2014,38 %,26 %,11 %,4 %,9 %,7 %,–,–,5 %,1.504,02.06.–04.06.,,
Infratest dimap,16.05.2014,39 %,26 %,11 %,4 %,9 %,6 %,–,–,5 %,1.500,12.05.–14.05.,,
Infratest dimap,30.04.2014,40 %,26 %,10 %,4 %,9 %,5 %,–,–,6 %,1.600,28.04.–29.04.,,
Infratest dimap,25.04.2014,41 %,25 %,10 %,4 %,10 %,5 %,–,–,5 %,1.008,22.04.–23.04.,,
Infratest dimap,03.04.2014,41 %,26 %,10 %,4 %,9 %,5 %,–,–,5 %,1.506,31.03.–02.04.,,
Infratest dimap,28.03.2014,41 %,25 %,10 %,4 %,8 %,5 %,–,–,7 %,1.000,25.03.–26.03.,,
Infratest dimap,06.03.2014,42 %,24 %,11 %,4 %,9 %,4 %,–,–,6 %,1.515,04.03.–05.03.,,
Infratest dimap,28.02.2014,40 %,26 %,10 %,4 %,9 %,5 %,–,–,6 %,1.026,24.02.–26.02.,,
Infratest dimap,06.02.2014,41 %,27 %,9 %,4 %,9 %,5 %,–,–,5 %,1.536,03.02.–05.02.,,
Infratest dimap,31.01.2014,42 %,27 %,9 %,4 %,8 %,4 %,–,–,6 %,1.014,27.01.–29.01.,,
Infratest dimap,09.01.2014,41 %,27 %,9 %,4 %,8 %,4 %,–,–,7 %,1.559,06.01.–08.01.,,
Infratest dimap,20.12.2013,42 %,27 %,9 %,4 %,8 %,4 %,–,–,6 %,1.000,17.12.–18.12.,,
Infratest dimap,05.12.2013,43 %,25 %,10 %,3 %,9 %,4 %,–,–,6 %,1.523,02.12.–04.12.,,
Infratest dimap,22.11.2013,42 %,25 %,10 %,3 %,9 %,4 %,–,–,7 %,1.006,19.11.–20.11.,,
Infratest dimap,07.11.2013,42 %,26 %,10 %,3 %,9 %,4 %,–,–,6 %,1.520,04.11.–06.11.,,
Infratest dimap,25.10.2013,40 %,27 %,9 %,4 %,9 %,5 %,–,–,6 %,1.028,21.10.–23.10.,,
Infratest dimap,10.10.2013,42 %,26 %,8 %,3 %,9 %,"4,5 %",–,–,"7,5 %",1.503,07.10.–09.10.,,
Infratest dimap,12.09.2013,40 %,28 %,10 %,5 %,8 %,"2,5 %",,,4 %,2.012,10.09.–12.09.,"2,5 %",
Infratest dimap,05.09.2013,41 %,27 %,10 %,5 %,8 %,3 %,,,4 %,1.502,02.09.–04.09.,2 %,
Infratest dimap,29.08.2013,41 %,26 %,11 %,5 %,8 %,3 %,,,6 %,1.500,27.08.–28.08.,–,
Infratest dimap,23.08.2013,42 %,24 %,12 %,5 %,9 %,3 %,,,3 %,1.000,20.08.–21.08.,2 %,
Infratest dimap,15.08.2013,42 %,25 %,12 %,5 %,8 %,–,,,5 %,1.000,13.08.–14.08.,3 %,
Infratest dimap,09.08.2013,42 %,25 %,13 %,5 %,7 %,–,,,5 %,1.000,06.08.–07.08.,3 %,
Infratest dimap,01.08.2013,42 %,26 %,13 %,5 %,7 %,–,,,7 %,1.503,29.07.–31.07.,–,
Infratest dimap,25.07.2013,42 %,25 %,14 %,4 %,7 %,2 %,,,4 %,1.000,23.07.–24.07.,2 %,
Infratest dimap,19.07.2013,41 %,26 %,13 %,4 %,7 %,3 %,,,4 %,1.000,16.07.–17.07.,2 %,
Infratest dimap,12.07.2013,41 %,26 %,14 %,4 %,6 %,3 %,,,6 %,1.000,09.07.–10.07.,–,
Infratest dimap,04.07.2013,42 %,25 %,14 %,4 %,7 %,–,,,5 %,1.505,01.07.–03.07.,3 %,
Infratest dimap,28.06.2013,41 %,26 %,13 %,4 %,7 %,–,,,6 %,1.000,25.06.–26.06.,3 %,
Infratest dimap,21.06.2013,41 %,25 %,14 %,5 %,7 %,–,,,8 %,1.008,18.06.–19.06.,–,
Infratest dimap,14.06.2013,41 %,26 %,15 %,4 %,7 %,2 %,,,5 %,1.000,11.06.–13.06.,–,
Infratest dimap,06.06.2013,41 %,27 %,14 %,4 %,6 %,3 %,,,5 %,1.503,03.06.–05.06.,–,
Infratest dimap,31.05.2013,42 %,26 %,14 %,4 %,6 %,3 %,,,5 %,1.000,28.05.–29.05.,–,
Infratest dimap,24.05.2013,41 %,27 %,14 %,4 %,6 %,2 %,,,4 %,1.008,21.05.–22.05.,2 %,
Infratest dimap,17.05.2013,41 %,26 %,14 %,4 %,6 %,3 %,,,3 %,1.000,14.05.–15.05.,3 %,
Infratest dimap,10.05.2013,40 %,27 %,14 %,5 %,6 %,3 %,,,5 %,1.000,06.05.–07.05.,–,
Infratest dimap,02.05.2013,40 %,26 %,15 %,4 %,7 %,3 %,,,5 %,1.506,29.04.–01.05.,–,
Infratest dimap,26.04.2013,40 %,27 %,14 %,4 %,7 %,3 %,,,3 %,1.008,23.04.–24.04.,2 %,
Infratest dimap,21.04.2013,41 %,27 %,14 %,4 %,7 %,3 %,,,4 %,1.000,16.04.–17.04.,–,
Infratest dimap,12.04.2013,42 %,27 %,15 %,4 %,7 %,–,,,3 %,1.000,09.04.–10.04.,2 %,
Infratest dimap,04.04.2013,41 %,27 %,14 %,4 %,8 %,–,,,3 %,1.502,02.04.–03.04.,3 %,
Infratest dimap,28.03.2013,39 %,28 %,15 %,4 %,8 %,–,,,3 %,1.000,25.03.–26.03.,3 %,
Infratest dimap,22.03.2013,38 %,27 %,16 %,5 %,8 %,–,,,4 %,1.008,19.03.–20.03.,2 %,
Infratest dimap,14.03.2013,40 %,25 %,17 %,5 %,7 %,–,,,3 %,1.000,12.03.–13.03.,3 %,
Infratest dimap,07.03.2013,40 %,26 %,17 %,4 %,7 %,–,,,4 %,1.503,04.03.–06.03.,2 %,
Infratest dimap,28.02.2013,41 %,27 %,15 %,4 %,6 %,–,,,4 %,1.000,26.02.–27.02.,3 %,
Infratest dimap,21.02.2013,40 %,28 %,15 %,5 %,6 %,–,,,3 %,1.000,19.02.–20.02.,3 %,
Infratest dimap,15.02.2013,40 %,27 %,16 %,4 %,7 %,–,,,3 %,1.000,12.02.–13.02.,3 %,
Infratest dimap,07.02.2013,39 %,29 %,15 %,4 %,6 %,–,,,4 %,1.000,05.02.–06.02.,3 %,
INSA,29.09.2026,19 %,"14,5 %","14,5 %",4 %,10 %,"29,5 %",,"3,5 %",5 %,O • 2.001,25.09.–28.09.,,
INSA,26.09.2026,19 %,14 %,15 %,4 %,10 %,29 %,,3 %,6 %,TOM • 1.203,21.09.–25.09.,,
INSA,22.09.2026,"19,5 %","13,5 %","13,5 %","4,5 %","10,5 %","29,5 %",,"3,5 %","5,5 %",O • 2.004,18.09.–21.09.,,
INSA,20.09.2026,20 %,13 %,14 %,5 %,11 %,29 %,,3 %,5 %,TOM • 1.202,14.09.–18.09.,,
INSA,15.09.2026,"19,5 %","12,5 %",14 %,"4,5 %","10,5 %",29 %,,"3,5 %","6,5 %",O • 2.006,11.09.–14.09.,,
INSA,12.09.2026,20 %,13 %,14 %,4 %,10 %,29 %,,3 %,7 %,TOM • 1.203,07.09.–11.09.,,
INSA,08.09.2026,"19,5 %","12,5 %","13,5 %","4,5 %","10,5 %",29 %,,4 %,"6,5 %",O • 2.010,04.09.–07.09.,,
INSA,05.09.2026,20 %,13 %,13 %,4 %,10 %,28 %,,4 %,8 %,TOM • 1.206,31.08.–04.09.,,
INSA,01.09.2026,"20,5 %",12 %,"13,5 %","4,5 %","10,5 %",29 %,,"3,5 %","6,5 %",O • 2.002,28.08.–31.08.,,
INSA,29.08.2026,20 %,12 %,13 %,4 %,10 %,29 %,,4 %,8 %,TOM • 1.200,24.08.–28.08.,,
INSA,25.08.2026,"20,5 %",12 %,"13,5 %","4,5 %",11 %,29 %,,3 %,"6,5 %",O • 2.004,21.08.–24.08.,,
INSA,23.08.2026,21 %,12 %,13 %,5 %,11 %,29 %,,3 %,6 %,TOM • 1.203,17.08.–21.08.,,
INSA,18.08.2026,"20,5 %",12 %,13 %,5 %,12 %,"28,5 %",,3 %,6 %,O • 2.006,14.08.–17.08.,,
INSA,15.08.2026,20 %,12 %,13 %,5 %,12 %,28 %,,3 %,7 %,TOM • 1.203,10.08.–14.08.,,
INSA,11.08.2026,"20,5 %","12,5 %",13 %,"4,5 %","11,5 %","28,5 %",,3 %,"6,5 %",O • 2.010,07.08.–10.08.,,
INSA,08.08.2026,21 %,12 %,13 %,5 %,11 %,28 %,,3 %,7 %,TOM • 1.205,03.08.–07.08.,,
INSA,04.08.2026,21 %,12 %,"13,5 %",5 %,11 %,28 %,,4 %,"5,5 %",O • 2.004,31.07.–03.08.,,
INSA,02.08.2026,21 %,12 %,14 %,5 %,11 %,28 %,,4 %,5 %,TOM • 1.201,27.07.–31.07.,,
INSA,28.07.2026,21 %,"12,5 %","13,5 %",4 %,11 %,28 %,,4 %,6 %,O • 2.006,24.07.–27.07.,,
INSA,24.07.2026,21 %,12 %,14 %,4 %,11 %,28 %,,4 %,6 %,TOM • 1.204,20.07.–24.07.,,
INSA,21.07.2026,"20,5 %",13 %,13 %,"4,5 %","10,5 %",29 %,,"3,5 %",6 %,O • 2.005,17.07.–20.07.,,
INSA,18.07.2026,21 %,13 %,13 %,4 %,10 %,29 %,,3 %,7 %,TOM • 1.201,13.07.–17.07.,,
INSA,14.07.2026,"21,5 %","12,5 %",13 %,4 %,"10,5 %","28,5 %",,4 %,6 %,O • 2.006,10.07.–13.07.,,
INSA,11.07.2026,22 %,12 %,12 %,4 %,11 %,28 %,,4 %,7 %,TOM • 1.204,06.07.–10.07.,,
INSA,07.07.2026,22 %,"12,5 %",13 %,4 %,"10,5 %",29 %,,4 %,5 %,O • 2.010,03.07.–06.07.,,
INSA,04.07.2026,21 %,13 %,13 %,4 %,10 %,29 %,,4 %,6 %,TOM • 1.205,29.06.–03.07.,,
INSA,30.06.2026,22 %,12 %,13 %,4 %,"10,5 %",29 %,,"3,5 %",6 %,O • 2.006,26.06.–29.06.,,
INSA,27.06.2026,22 %,12 %,13 %,4 %,10 %,29 %,,3 %,7 %,TOM • 1.204,22.06.–26.06.,,
INSA,23.06.2026,"21,5 %","12,5 %",13 %,4 %,"10,5 %",29 %,,"3,5 %",6 %,O • 2.008,19.06.–22.06.,,
INSA,20.06.2026,22 %,13 %,13 %,3 %,10 %,29 %,,3 %,7 %,TOM • 1.204,15.06.–19.06.,,
INSA,16.06.2026,22 %,12 %,"14,5 %","3,5 %","10,5 %",29 %,,"3,5 %",5 %,O • 2.003,12.06.–15.06.,,
INSA,13.06.2026,22 %,13 %,14 %,3 %,10 %,29 %,,3 %,6 %,TOM • 1.203,08.06.–12.06.,,
INSA,09.06.2026,21 %,12 %,"14,5 %","3,5 %","10,5 %",29 %,,"3,5 %",6 %,O • 2.009,05.06.–08.06.,,
INSA,06.06.2026,21 %,12 %,14 %,3 %,11 %,29 %,,3 %,7 %,TOM • 1.206,01.06.–05.06.,,
INSA,02.06.2026,22 %,12 %,"13,5 %","3,5 %","10,5 %",29 %,,"3,5 %",6 %,O • 2.006,29.05.–01.06.,,
INSA,30.05.2026,22 %,12 %,14 %,3 %,11 %,29 %,,3 %,6 %,TOM • 1.205,26.05.–29.05.,,
INSA,26.05.2026,22 %,12 %,14 %,4 %,"10,5 %",29 %,,3 %,"5,5 %",O • 2.010,22.05.–26.05.,,
INSA,23.05.2026,22 %,12 %,14 %,4 %,11 %,29 %,,3 %,5 %,TOM • 1.203,18.05.–22.05.,,
INSA,19.05.2026,22 %,"12,5 %",14 %,"3,5 %","10,5 %",29 %,,"3,5 %",5 %,O • 2.005,15.05.–18.05.,,
INSA,16.05.2026,22 %,12 %,14 %,3 %,10 %,29 %,,3 %,7 %,TOM • 1.203,11.05.–15.05.,,
INSA,12.05.2026,23 %,13 %,"12,5 %","3,5 %",11 %,28 %,,"3,5 %","5,5 %",O • 2.006,08.05.–11.05.,,
INSA,09.05.2026,23 %,13 %,13 %,3 %,11 %,28 %,,3 %,6 %,TOM • 1.200,04.05.–08.05.,,
INSA,05.05.2026,24 %,"13,5 %",13 %,4 %,"10,5 %","27,5 %",,"3,5 %",4 %,O • 2.008,30.04.–04.05.,,
INSA,02.05.2026,24 %,14 %,13 %,3 %,11 %,28 %,,3 %,4 %,TOM • 1.207,27.04.–30.04.,,
INSA,28.04.2026,"23,5 %",14 %,"12,5 %","3,5 %",11 %,28 %,,"3,5 %",4 %,O • 2.010,24.04.–27.04.,,
INSA,25.04.2026,24 %,14 %,12 %,3 %,11 %,28 %,,3 %,5 %,TOM • 1.203,20.04.–24.04.,,
INSA,21.04.2026,24 %,14 %,"12,5 %","3,5 %",11 %,"26,5 %",,"3,5 %",5 %,O • 2.003,17.04.–20.04.,,
INSA,18.04.2026,24 %,14 %,13 %,3 %,11 %,27 %,,3 %,5 %,TOM • 1.201,13.04.–17.04.,,
INSA,14.04.2026,25 %,14 %,"12,5 %","3,5 %",10 %,26 %,,"3,5 %","5,5 %",O • 2.006,10.04.–13.04.,,
INSA,11.04.2026,25 %,14 %,13 %,3 %,10 %,26 %,,4 %,5 %,TOM • 1.205,07.04.–10.04.,,
INSA,08.04.2026,25 %,13 %,12 %,"3,5 %","10,5 %",26 %,,4 %,6 %,O • 2.002,02.04.–07.04.,,
INSA,04.04.2026,25 %,13 %,12 %,3 %,11 %,26 %,,4 %,6 %,TOM • 1.199,30.03.–02.04.,,
INSA,31.03.2026,26 %,"14,5 %",12 %,3 %,"10,5 %",26 %,,"3,5 %","4,5 %",O • 2.006,27.03.–30.03.,,
INSA,28.03.2026,26 %,14 %,12 %,3 %,11 %,26 %,,3 %,5 %,TOM • 1.205,23.03.–27.03.,,
INSA,24.03.2026,26 %,15 %,12 %,3 %,10 %,26 %,,"3,5 %","4,5 %",O • 2.010,20.03.–23.03.,,
INSA,21.03.2026,26 %,15 %,12 %,3 %,11 %,25 %,,3 %,5 %,TOM • 1.205,16.03.–20.03.,,
INSA,17.03.2026,"25,5 %",15 %,12 %,3 %,"10,5 %",26 %,,"3,5 %","4,5 %",O • 2.002,13.03.–16.03.,,
INSA,14.03.2026,25 %,15 %,12 %,3 %,11 %,25 %,,3 %,6 %,TOM • 1.201,09.03.–13.03.,,
INSA,10.03.2026,26 %,"15,5 %","11,5 %","3,5 %","10,5 %","24,5 %",,"3,5 %",5 %,O • 2.003,06.03.–09.03.,,
INSA,07.03.2026,26 %,15 %,11 %,4 %,11 %,25 %,,3 %,5 %,TOM • 1.200,02.03.–06.03.,,
INSA,03.03.2026,"25,5 %",16 %,"11,5 %",3 %,10 %,25 %,,"3,5 %","5,5 %",O • 2.002,27.02.–02.03.,,
INSA,28.02.2026,26 %,16 %,11 %,3 %,10 %,25 %,,3 %,6 %,TOM • 1.203,23.02.–27.02.,,
INSA,24.02.2026,25 %,"15,5 %",11 %,"3,5 %",11 %,25 %,,"3,5 %","5,5 %",O • 2.006,20.02.–23.02.,,
INSA,22.02.2026,25 %,16 %,11 %,3 %,11 %,25 %,,3 %,6 %,TOM • 1.203,16.02.–20.02.,,
INSA,16.02.2026,"25,5 %","15,5 %",11 %,3 %,10 %,"25,5 %",,4 %,"5,5 %",O • 2.002,13.02.–16.02.,,
INSA,13.02.2026,25 %,16 %,11 %,3 %,10 %,25 %,,4 %,6 %,TOM • 1.202,09.02.–13.02.,,
INSA,10.02.2026,"25,5 %","15,5 %",11 %,3 %,10 %,26 %,,4 %,5 %,O • 2.004,06.02.–09.02.,,
INSA,07.02.2026,25 %,16 %,11 %,3 %,10 %,26 %,,4 %,5 %,TOM • 1.202,02.02.–06.02.,,
INSA,03.02.2026,26 %,"15,5 %","11,5 %",3 %,10 %,26 %,,4 %,4 %,O • 2.006,30.01.–02.02.,,
INSA,31.01.2026,26 %,16 %,11 %,3 %,10 %,26 %,,4 %,4 %,TOM • 1.204,26.01.–30.01.,,
INSA,27.01.2026,25 %,"14,5 %","11,5 %",4 %,"10,5 %",26 %,,"4,5 %",4 %,O • 2.008,23.01.–26.01.,,
INSA,24.01.2026,25 %,15 %,11 %,4 %,10 %,26 %,,4 %,5 %,TOM • 1.204,19.01.–23.01.,,
INSA,20.01.2026,25 %,14 %,12 %,4 %,"10,5 %",26 %,,4 %,"4,5 %",O • 2.004,16.01.–19.01.,,
INSA,17.01.2026,25 %,14 %,12 %,4 %,11 %,26 %,,4 %,4 %,TOM • 1.202,12.01.–16.01.,,
INSA,12.01.2026,"24,5 %","14,5 %",12 %,4 %,10 %,26 %,,4 %,5 %,O • 2.010,09.01.–12.01.,,
INSA,10.01.2026,24 %,14 %,12 %,4 %,11 %,26 %,,3 %,6 %,TOM • 1.205,05.01.–09.01.,,
INSA,06.01.2026,25 %,"14,5 %",11 %,"3,5 %",11 %,"25,5 %",,4 %,"5,5 %",O • 2.008,02.01.–05.01.,,
INSA,03.01.2026,25 %,14 %,11 %,4 %,11 %,26 %,,4 %,5 %,TOM • 1.004,30.12.–02.01.,,
INSA,23.12.2025,"24,5 %",14 %,"11,5 %","3,5 %",11 %,26 %,,4 %,"5,5 %",O • 2.002,19.12.–22.12.,,
INSA,21.12.2025,24 %,14 %,12 %,4 %,11 %,26 %,,4 %,5 %,TOM • 1.201,15.12.–19.12.,,
INSA,16.12.2025,25 %,14 %,"10,5 %",4 %,"10,5 %",26 %,,"4,5 %","5,5 %",O • 2.006,12.12.–15.12.,,
INSA,13.12.2025,24 %,14 %,11 %,4 %,11 %,26 %,,4 %,6 %,TOM • 1.201,08.12.–12.12.,,
INSA,09.12.2025,"24,5 %",15 %,"10,5 %",4 %,11 %,"26,5 %",,4 %,"4,5 %",O • 2.007,05.12.–08.12.,,
INSA,06.12.2025,25 %,15 %,10 %,4 %,11 %,26 %,,4 %,5 %,TOM • 1.206,01.12.–05.12.,,
INSA,02.12.2025,"24,5 %","14,5 %",11 %,"3,5 %","10,5 %",27 %,,4 %,5 %,O • 2.002,28.11.–01.12.,,
INSA,28.11.2025,25 %,15 %,11 %,3 %,10 %,27 %,,4 %,5 %,TOM • 1.198,24.11.–28.11.,,
INSA,24.11.2025,"25,5 %",15 %,11 %,3 %,"10,5 %",26 %,,4 %,5 %,O • 2.008,21.11.–24.11.,,
INSA,22.11.2025,25 %,15 %,11 %,3 %,10 %,26 %,,4 %,6 %,TOM • 1.208,17.11.–21.11.,,
INSA,17.11.2025,"24,5 %",15 %,11 %,"3,5 %",11 %,26 %,,4 %,5 %,O • 2.006,14.11.–17.11.,,
INSA,15.11.2025,25 %,15 %,11 %,3 %,11 %,26 %,,4 %,5 %,TOM • 1.203,10.11.–14.11.,,
INSA,11.11.2025,25 %,"15,5 %","11,5 %",3 %,"10,5 %",26 %,,4 %,"4,5 %",O • 2.010,07.11.–10.11.,,
INSA,08.11.2025,25 %,15 %,12 %,3 %,11 %,26 %,,4 %,4 %,TOM • 1.205,03.11.–07.11.,,
INSA,03.11.2025,"25,5 %",15 %,11 %,3 %,11 %,"25,5 %",,4 %,5 %,O • 2.002,30.10.–03.11.,,
INSA,01.11.2025,25 %,15 %,11 %,3 %,11 %,26 %,,4 %,5 %,TOM • 1.202,27.10.–30.10.,,
INSA,27.10.2025,"24,5 %",15 %,11 %,"3,5 %","11,5 %",26 %,,4 %,"4,5 %",O • 2.004,24.10.–27.10.,,
INSA,24.10.2025,24 %,15 %,11 %,4 %,11 %,26 %,,4 %,5 %,TOM • 1.205,20.10.–24.10.,,
INSA,20.10.2025,"24,5 %",14 %,11 %,4 %,11 %,27 %,,"4,5 %",4 %,O • 2.006,17.10.–20.10.,,
INSA,18.10.2025,25 %,14 %,11 %,4 %,11 %,27 %,,4 %,4 %,TOM • 1.200,13.10.–17.10.,,
INSA,14.10.2025,25 %,14 %,"11,5 %",4 %,"10,5 %","26,5 %",,4 %,"4,5 %",O • 2.008,10.10.–13.10.,,
INSA,11.10.2025,24 %,14 %,12 %,4 %,11 %,26 %,,4 %,5 %,TOM • 1.224,06.10.–10.10.,,
INSA,06.10.2025,"24,5 %","14,5 %",11 %,"3,5 %","11,5 %","26,5 %",,4 %,"4,5 %",O • 2.010,02.10.–06.10.,,
INSA,04.10.2025,24 %,14 %,11 %,4 %,12 %,26 %,,4 %,5 %,TOM • 1.186,29.09.–02.10.,,
INSA,29.09.2025,25 %,"15,5 %","11,5 %",3 %,11 %,26 %,,4 %,4 %,O • 2.006,26.09.–29.09.,,
INSA,26.09.2025,25 %,15 %,12 %,3 %,11 %,26 %,,4 %,4 %,TOM • 1.200,22.09.–26.09.,,
INSA,23.09.2025,"24,5 %","14,5 %",11 %,"3,5 %","11,5 %",26 %,,4 %,5 %,O • 2.002,19.09.–22.09.,,
INSA,20.09.2025,25 %,15 %,11 %,3 %,11 %,26 %,,4 %,5 %,TOM • 1.200,15.09.–19.09.,,
INSA,16.09.2025,"25,5 %","14,5 %","11,5 %",3 %,11 %,"25,5 %",,4 %,5 %,O • 2.004,12.09.–15.09.,,
INSA,13.09.2025,25 %,14 %,12 %,3 %,11 %,25 %,,4 %,6 %,TOM • 1.204,08.09.–12.09.,,
INSA,08.09.2025,"25,5 %","14,5 %",11 %,"3,5 %",10 %,"25,5 %",,"4,5 %","5,5 %",O • 2.006,05.09.–08.09.,,
INSA,07.09.2025,26 %,15 %,12 %,3 %,11 %,25 %,,4 %,4 %,TOM • 1.287,01.09.–05.09.,,
INSA,01.09.2025,"25,5 %","14,5 %",11 %,"3,5 %",11 %,25 %,,4 %,"5,5 %",O • 2.004,29.08.–01.09.,,
INSA,29.08.2025,26 %,15 %,11 %,3 %,11 %,25 %,,4 %,5 %,TOM • 1.202,25.08.–29.08.,,
INSA,25.08.2025,25 %,15 %,"10,5 %","3,5 %",11 %,25 %,,"4,5 %","5,5 %",O • 2.002,22.08.–25.08.,,
INSA,23.08.2025,25 %,15 %,11 %,3 %,11 %,25 %,,4 %,6 %,TOM • 1.201,18.08.–22.08.,,
INSA,19.08.2025,26 %,"14,5 %",11 %,4 %,10 %,25 %,,5 %,"4,5 %",O • 2.010,15.08.–18.08.,,
INSA,15.08.2025,26 %,15 %,11 %,4 %,9 %,25 %,,4 %,6 %,TOM • 1.206,11.08.–15.08.,,
INSA,11.08.2025,27 %,"14,5 %","10,5 %","3,5 %","9,5 %",25 %,,"4,5 %","5,5 %",O • 2.008,08.08.–11.08.,,
INSA,09.08.2025,27 %,15 %,11 %,4 %,9 %,25 %,,4 %,5 %,TOM • 1.204,03.08.–08.08.,,
INSA,04.08.2025,"27,5 %","14,5 %","10,5 %",3 %,"9,5 %",25 %,,"4,5 %","5,5 %",O • 2.004,01.08.–04.08.,,
INSA,02.08.2025,27 %,15 %,11 %,3 %,10 %,25 %,,4 %,5 %,TOM • 1.203,28.07.–01.08.,,
INSA,28.07.2025,"27,5 %","14,5 %","10,5 %","3,5 %",10 %,24 %,,"4,5 %","5,5 %",O • 2.006,25.07.–28.07.,,
INSA,26.07.2025,27 %,15 %,11 %,3 %,10 %,24 %,,4 %,6 %,TOM • 1.203,21.07.–25.07.,,
INSA,21.07.2025,"27,5 %",14 %,"10,5 %","3,5 %","10,5 %",24 %,,"4,5 %","5,5 %",O • 2.005,18.07.–21.07.,,
INSA,19.07.2025,27 %,15 %,11 %,3 %,11 %,24 %,,5 %,4 %,TOM • 1.205,14.07.–18.07.,,
INSA,14.07.2025,"27,5 %",15 %,11 %,"3,5 %","10,5 %","23,5 %",,"4,5 %","4,5 %",O • 2.004,11.07.–14.07.,,
INSA,12.07.2025,28 %,15 %,11 %,3 %,11 %,24 %,,4 %,4 %,TOM • 1.202,07.07.–11.07.,,
INSA,07.07.2025,28 %,"14,5 %",11 %,"3,5 %",11 %,"23,5 %",,"4,5 %",4 %,O • 2.007,04.07.–07.07.,,
INSA,05.07.2025,28 %,15 %,11 %,4 %,11 %,24 %,,4 %,3 %,TOM • 1.205,30.06.–04.07.,,
INSA,01.07.2025,28 %,"15,5 %","11,5 %","3,5 %","9,5 %","23,5 %",,5 %,"3,5 %",O • 2.008,27.06.–30.06.,,
INSA,27.06.2025,28 %,16 %,11 %,3 %,9 %,24 %,,5 %,4 %,TOM • 1.202,23.06.–27.06.,,
INSA,23.06.2025,"27,5 %",16 %,"11,5 %",4 %,10 %,23 %,,"4,5 %","3,5 %",O • 2.002,20.06.–23.06.,,
INSA,21.06.2025,28 %,16 %,11 %,4 %,9 %,23 %,,4 %,5 %,TOM • 1.205,16.06.–20.06.,,
INSA,16.06.2025,27 %,16 %,"11,5 %",4 %,"10,5 %",23 %,,4 %,4 %,O • 2.006,13.06.–16.06.,,
INSA,14.06.2025,27 %,17 %,11 %,4 %,10 %,23 %,,4 %,4 %,TOM • 1.203,10.06.–13.06.,,
INSA,10.06.2025,"27,5 %",16 %,11 %,4 %,10 %,"22,5 %",,"4,5 %",4 %,O • 2.004,06.06.–10.06.,,
INSA,07.06.2025,27 %,16 %,11 %,4 %,10 %,23 %,,4 %,5 %,TOM • 1.202,02.06.–06.06.,,
INSA,02.06.2025,"26,5 %",16 %,"10,5 %",4 %,"10,5 %","24,5 %",,4 %,4 %,O • 2.002,30.05.–02.06.,,
INSA,31.05.2025,26 %,17 %,10 %,4 %,11 %,24 %,,4 %,4 %,TOM • 1.203,26.05.–30.05.,,
INSA,26.05.2025,26 %,16 %,11 %,"3,5 %",10 %,"24,5 %",,"4,5 %","4,5 %",O • 2.006,23.05.–26.05.,,
INSA,24.05.2025,27 %,16 %,11 %,4 %,10 %,24 %,,4 %,4 %,TOM • 1.198,19.05.–23.05.,,
INSA,19.05.2025,26 %,"15,5 %",11 %,"3,5 %",10 %,"24,5 %",,4 %,"5,5 %",O • 2.008,16.05.–19.05.,,
INSA,16.05.2025,26 %,16 %,11 %,3 %,10 %,25 %,,4 %,5 %,TOM • 1.205,12.05.–16.05.,,
INSA,12.05.2025,25 %,16 %,11 %,"3,5 %",10 %,"24,5 %",,4 %,6 %,O • 2.004,09.05.–12.05.,,
INSA,10.05.2025,25 %,16 %,11 %,4 %,10 %,24 %,,4 %,6 %,TOM • 1.203,05.05.–09.05.,,
INSA,05.05.2025,"24,5 %",16 %,11 %,4 %,10 %,"24,5 %",,4 %,6 %,O • 2.003,02.05.–05.05.,,
INSA,03.05.2025,25 %,16 %,12 %,4 %,10 %,24 %,,4 %,5 %,TOM • 1.204,28.04.–02.05.,,
INSA,28.04.2025,25 %,"15,5 %",11 %,3 %,10 %,25 %,,4 %,"6,5 %",O • 2.006,25.04.–28.04.,,
INSA,25.04.2025,25 %,15 %,12 %,3 %,10 %,25 %,,4 %,6 %,TOM • 1.204,22.04.–25.04.,,
INSA,22.04.2025,25 %,15 %,11 %,"3,5 %",10 %,25 %,,5 %,"5,5 %",O • 2.010,17.04.–22.04.,,
INSA,19.04.2025,25 %,16 %,11 %,4 %,10 %,24 %,,5 %,5 %,TOM • 1.205,14.04.–17.04.,,
INSA,14.04.2025,"25,5 %",16 %,11 %,"3,5 %",10 %,"24,5 %",,"4,5 %",5 %,O • 2.002,11.04.–14.04.,,
INSA,12.04.2025,25 %,16 %,11 %,3 %,10 %,24 %,,5 %,6 %,TOM • 1.202,07.04.–11.04.,,
INSA,07.04.2025,"24,5 %",16 %,"10,5 %",4 %,"10,5 %","24,5 %",,"4,5 %","5,5 %",O • 2.008,04.04.–07.04.,,
INSA,05.04.2025,24 %,16 %,11 %,4 %,11 %,24 %,,4 %,6 %,TOM • 1.206,31.03.–04.04.,,
INSA,31.03.2025,"26,5 %","15,5 %",12 %,"3,5 %","10,5 %","23,5 %",,"4,5 %",4 %,O • 2.006,28.03.–31.03.,,
INSA,29.03.2025,26 %,16 %,12 %,3 %,10 %,23 %,,5 %,5 %,TOM • 1.204,24.03.–28.03.,,
INSA,24.03.2025,27 %,"14,5 %",12 %,"3,5 %","10,5 %","23,5 %",,"4,5 %","4,5 %",O • 2.004,21.03.–24.03.,,
INSA,21.03.2025,27 %,15 %,12 %,3 %,10 %,23 %,,5 %,5 %,TOM • 1.202,17.03.–21.03.,,
INSA,17.03.2025,29 %,"15,5 %",11 %,3 %,"10,5 %",22 %,,5 %,4 %,O • 2.008,14.03.–17.03.,,
INSA,15.03.2025,28 %,16 %,11 %,3 %,10 %,22 %,,5 %,5 %,TOM • 1.201,10.03.–14.03.,,
INSA,10.03.2025,"28,5 %","16,5 %","10,5 %","3,5 %","10,5 %",22 %,,"4,5 %",4 %,O • 2.003,07.03.–10.03.,,
INSA,09.03.2025,28 %,16 %,11 %,4 %,10 %,21 %,,5 %,5 %,TOM • 1.201,03.03.–07.03.,,
INSA,04.03.2025,"29,5 %","15,5 %",11 %,"3,5 %","9,5 %",22 %,,5 %,4 %,O • 2.002,28.02.–03.03.,,
INSA,02.03.2025,30 %,15 %,11 %,4 %,9 %,22 %,,5 %,4 %,O • 1.001,24.02.–28.02.,,
INSA,22.02.2025,"29,5 %",15 %,"12,5 %","4,5 %","7,5 %",21 %,–,5 %,5 %,O • 2.005,21.02.–22.02.,,
INSA,20.02.2025,30 %,15 %,13 %,4 %,7 %,21 %,–,5 %,5 %,O • 2.503,18.02.–19.02.,,
INSA,17.02.2025,30 %,15 %,13 %,"4,5 %","6,5 %",22 %,–,5 %,4 %,O • 2.010,14.02.–17.02.,,
INSA,15.02.2025,30 %,15 %,13 %,4 %,6 %,21 %,–,5 %,6 %,TOM • 1.205,10.02.–14.02.,,
INSA,10.02.2025,30 %,"15,5 %",13 %,4 %,6 %,22 %,–,"5,5 %",4 %,O • 2.006,07.02.–10.02.,,
INSA,08.02.2025,29 %,16 %,12 %,4 %,5 %,21 %,–,6 %,7 %,TOM • 1.204,03.02.–07.02.,,
INSA,03.02.2025,30 %,16 %,13 %,"4,5 %",5 %,22 %,–,"5,5 %",4 %,O • 2.004,31.01.–03.02.,,
INSA,01.02.2025,30 %,17 %,12 %,4 %,4 %,22 %,–,6 %,5 %,TOM • 1.203,30.01.–31.01.,,
INSA,30.01.2025,29 %,17 %,13 %,4 %,4 %,22 %,–,6 %,5 %,O • 1.001,30.01.–30.01.,,
INSA,27.01.2025,30 %,"15,5 %","12,5 %","4,5 %","4,5 %",22 %,–,6 %,5 %,O • 2.006,24.01.–27.01.,,
INSA,25.01.2025,30 %,16 %,12 %,4 %,4 %,21 %,–,7 %,6 %,TOM • 1.203,20.01.–24.01.,,
INSA,20.01.2025,29 %,16 %,13 %,5 %,4 %,"21,5 %",–,7 %,"4,5 %",O • 2.008,17.01.–20.01.,,
INSA,18.01.2025,29 %,16 %,13 %,5 %,4 %,21 %,–,7 %,5 %,TOM • 1.206,13.01.–17.01.,,
INSA,13.01.2025,31 %,15 %,13 %,4 %,"3,5 %",22 %,–,"6,5 %",5 %,O • 2.005,10.01.–13.01.,,
INSA,11.01.2025,30 %,16 %,13 %,4 %,3 %,22 %,–,6 %,6 %,TOM • 1.205,06.01.–10.01.,,
INSA,06.01.2025,31 %,"15,5 %","13,5 %",4 %,3 %,"21,5 %",–,"6,5 %",5 %,O • 2.001,03.01.–06.01.,,
INSA,04.01.2025,31 %,16 %,13 %,4 %,3 %,20 %,–,7 %,6 %,TOM • 1.201,30.12.–03.01.,,
INSA,30.12.2024,31 %,"16,5 %",12 %,"3,5 %",4 %,"20,5 %",–,7 %,"5,5 %",O • 2.004,27.12.–30.12.,,
INSA,28.12.2024,31 %,17 %,12 %,4 %,3 %,20 %,–,7 %,6 %,O • 1.002,23.12.–27.12.,,
INSA,23.12.2024,31 %,16 %,"12,5 %",5 %,3 %,"19,5 %",–,8 %,5 %,O • 2.010,20.12.–23.12.,,
INSA,21.12.2024,32 %,16 %,12 %,5 %,3 %,20 %,–,8 %,4 %,TOM • 1.205,16.12.–19.12.,,
INSA,16.12.2024,"31,5 %","16,5 %","11,5 %",5 %,"2,5 %","19,5 %",–,"8,0 %","5,5 %",O • 2.002,13.12.–16.12.,,
INSA,14.12.2024,31 %,17 %,11 %,5 %,3 %,20 %,–,8 %,5 %,TOM • 1.203,09.12.–13.12.,,
INSA,09.12.2024,"31,5 %",17 %,"11,5 %","4,5 %","3,0 %","19,5 %",–,"8,0 %","5,0 %",O • 2.004,06.12.–09.12.,,
INSA,07.12.2024,32 %,16 %,12 %,4 %,4 %,19 %,–,8 %,5 %,TOM • 1.202,02.12.–06.12.,,
INSA,02.12.2024,"31,5 %",16 %,13 %,"4,5 %","3,5 %","18,5 %",–,"7,5 %","5,5 %",O • 2.003,29.11.–02.12.,,
INSA,30.11.2024,32 %,15 %,13 %,5 %,3 %,18 %,–,8 %,6 %,TOM • 1.201,25.11.–29.11.,,
INSA,25.11.2024,"32,5 %",15 %,11 %,"4,5 %","3,5 %","19,5 %",–,"7,5 %","6,5 %",O • 2.003,22.11.–25.11.,,
INSA,23.11.2024,32 %,14 %,11 %,5 %,4 %,19 %,–,7 %,8 %,TOM • 1.203,18.11.–21.11.,,
INSA,18.11.2024,32 %,16 %,11 %,"4,5 %","3,5 %",19 %,–,"7,5 %","6,5 %",O • 2.008,15.11.–18.11.,,
INSA,16.11.2024,32 %,16 %,10 %,4 %,4 %,19 %,–,8 %,7 %,TOM • 1.204,11.11.–15.11.,,
INSA,11.11.2024,"32,5 %","15,5 %","11,5 %",5 %,"3,5 %","19,5 %",–,7 %,"5,5 %",O • 3.009,08.11.–11.11.,,
INSA,09.11.2024,32 %,15 %,10 %,4 %,4 %,19 %,–,7 %,9 %,TOM • 1.065,07.11.–08.11.,,
INSA,05.11.2024,32 %,"15,5 %","10,5 %","4,5 %","3,5 %",18 %,–,8 %,8 %,O • 2.005,01.11.–04.11.,,
INSA,02.11.2024,32 %,16 %,10 %,4 %,4 %,18 %,–,8 %,8 %,TOM • 1.202,28.10.–01.11.,,
INSA,28.10.2024,31 %,15 %,11 %,4 %,"2,5 %",19 %,–,9 %,"8,5 %",O • 2.008,25.10.–28.10.,,
INSA,26.10.2024,30 %,15 %,11 %,4 %,3 %,19 %,–,9 %,9 %,TOM • 1.204,21.10.–25.10.,,
INSA,21.10.2024,"30,5 %","16,5 %",10 %,4 %,"2,5 %",19 %,–,9 %,"8,5 %",O • 2.006,18.10.–21.10.,,
INSA,19.10.2024,31 %,16 %,10 %,4 %,3 %,19 %,–,9 %,8 %,TOM • 1.201,14.10.–18.10.,,
INSA,14.10.2024,"31,5 %",16 %,10 %,4 %,"3,5 %","18,5 %",–,9 %,"7,5 %",O • 2.002,11.10.–14.10.,,
INSA,12.10.2024,31 %,16 %,11 %,4 %,3 %,19 %,–,9 %,7 %,TOM • 1.202,07.10.–11.10.,,
INSA,07.10.2024,"31,5 %",16 %,"10,5 %",4 %,"2,5 %",20 %,–,8 %,"7,5 %",O • 2.010,04.10.–07.10.,,
INSA,05.10.2024,31 %,16 %,11 %,4 %,3 %,20 %,–,8 %,7 %,TOM • 1.237,30.09.–04.10.,,
INSA,30.09.2024,"31,5 %",15 %,11 %,4 %,"2,5 %",19 %,–,"9,5 %","7,5 %",O • 2.002,27.09.–30.09.,,
INSA,28.09.2024,32 %,15 %,11 %,4 %,3 %,19 %,–,10 %,6 %,TOM • 1.203,23.09.–27.09.,,
INSA,23.09.2024,32 %,"15,5 %","9,5 %","3,5 %","2,5 %",20 %,–,10 %,7 %,O • 2.002,20.09.–23.09.,,
INSA,21.09.2024,32 %,15 %,10 %,4 %,2 %,20 %,–,10 %,7 %,TOM • 1.202,16.09.–19.09.,,
INSA,16.09.2024,33 %,14 %,10 %,"4,5 %","2,5 %","19,5 %",–,10 %,"6,5 %",O • 2.008,13.09.–16.09.,,
INSA,14.09.2024,33 %,14 %,10 %,4 %,3 %,19 %,–,10 %,7 %,TOM • 1.206,09.09.–13.09.,,
INSA,10.09.2024,"32,5 %",14 %,10 %,4 %,"2,5 %","19,5 %",–,10 %,"7,5 %",O • 2.010,06.09.–09.09.,,
INSA,07.09.2024,31 %,15 %,10 %,4 %,3 %,19 %,–,10 %,8 %,TOM • 1.202,02.09.–06.09.,,
INSA,02.09.2024,"31,5 %",15 %,"10,5 %","4,5 %","2,5 %",19 %,–,"9,5 %","7,5 %",O • 2.002,30.08.–02.09.,,
INSA,31.08.2024,31 %,16 %,11 %,4 %,3 %,19 %,–,9 %,7 %,TOM • 1.202,26.08.–30.08.,,
INSA,26.08.2024,"31,5 %",15 %,"11,5 %","5,5 %",3 %,"18,5 %",–,9 %,6 %,O • 2.004,23.08.–26.08.,,
INSA,24.08.2024,31 %,16 %,11 %,5 %,3 %,18 %,–,9 %,7 %,TOM • 1.202,19.08.–23.08.,,
INSA,20.08.2024,"30,5 %","15,5 %","10,5 %",5 %,3 %,19 %,–,"9,5 %",7 %,O • 2.006,16.08.–19.08.,,
INSA,17.08.2024,30 %,16 %,11 %,5 %,3 %,19 %,–,9 %,7 %,TOM • 1.203,12.08.–16.08.,,
INSA,13.08.2024,"30,5 %",15 %,"10,5 %",5 %,3 %,18 %,–,"9,5 %","8,5 %",O • 2.008,09.08.–12.08.,,
INSA,10.08.2024,31 %,16 %,10 %,5 %,3 %,18 %,–,9 %,8 %,TOM • 1.203,05.08.–09.08.,,
INSA,06.08.2024,"30,5 %",15 %,"10,5 %",5 %,3 %,17 %,–,"9,5 %","9,5 %",O • 2.002,02.08.–05.08.,,
INSA,03.08.2024,31 %,15 %,10 %,5 %,3 %,18 %,–,9 %,9 %,TOM • 1.199,29.07.–02.08.,,
INSA,29.07.2024,30 %,15 %,10 %,5 %,"3,5 %",18 %,–,"9,5 %",9 %,O • 2.006,26.07.–29.07.,,
INSA,27.07.2024,30 %,15 %,11 %,5 %,3 %,18 %,–,10 %,8 %,TOM • 1.203,22.07.–26.07.,,
INSA,22.07.2024,31 %,15 %,"10,5 %",5 %,"3,5 %",17 %,–,9 %,9 %,O • 2.010,19.07.–22.07.,,
INSA,20.07.2024,30 %,15 %,11 %,5 %,3 %,17 %,–,9 %,10 %,TOM • 1.207,15.07.–19.07.,,
INSA,16.07.2024,31 %,15 %,"11,5 %",5 %,3 %,18 %,–,"8,5 %",8 %,O • 2.500,12.07.–15.07.,,
INSA,13.07.2024,30 %,15 %,12 %,5 %,2 %,18 %,–,9 %,9 %,TOM • 1.449,08.07.–12.07.,,
INSA,08.07.2024,"30,5 %",15 %,11 %,"5,5 %",3 %,"17,5 %","1,5 %","8,5 %","7,5 %",O • 2.007,05.07.–08.07.,,
INSA,05.07.2024,30 %,15 %,11 %,5 %,2 %,18 %,–,9 %,10 %,TOM • 1.204,01.07.–05.07.,,
INSA,01.07.2024,"29,5 %",15 %,12 %,"5,5 %","2,5 %","17,5 %",2 %,"8,5 %","7,5 %",O • 2.006,28.06.–01.07.,,
INSA,29.06.2024,30 %,15 %,12 %,6 %,2 %,17 %,2 %,9 %,7 %,TOM • 1.203,24.06.–28.06.,,
INSA,25.06.2024,"30,5 %","14,5 %","11,5 %",5 %,3 %,"17,5 %",2 %,"8,5 %","7,5 %",O • 2.008,21.06.–24.06.,,
INSA,23.06.2024,30 %,15 %,12 %,5 %,3 %,17 %,2 %,8 %,8 %,TOM • 1.204,17.06.–21.06.,,
INSA,17.06.2024,31 %,15 %,11 %,5 %,3 %,17 %,2 %,8 %,8 %,O • 2.010,14.06.–17.06.,,
INSA,15.06.2024,31 %,16 %,11 %,5 %,3 %,17 %,2 %,7 %,8 %,TOM • 1.205,10.06.–14.06.,,
INSA,11.06.2024,30 %,"15,5 %",12 %,5 %,3 %,16 %,"2,5 %","7,5 %","8,5 %",O • 2.008,07.06.–10.06.,,
INSA,08.06.2024,30 %,16 %,12 %,5 %,3 %,16 %,3 %,8 %,7 %,TOM • 1.203,03.06.–07.06.,,
INSA,04.06.2024,"30,5 %",16 %,12 %,5 %,"3,5 %","15,5 %","2,5 %","7,5 %","7,5 %",O • 2.002,31.05.–03.06.,,
INSA,01.06.2024,31 %,16 %,12 %,5 %,3 %,16 %,3 %,7 %,7 %,TOM • 1.205,27.05.–31.05.,,
INSA,28.05.2024,"30,5 %",15 %,12 %,5 %,3 %,17 %,"2,5 %",7 %,8 %,O • 2.004,24.05.–27.05.,,
INSA,25.05.2024,30 %,15 %,13 %,5 %,3 %,17 %,3 %,7 %,7 %,TOM • 1.202,21.05.–24.05.,,
INSA,21.05.2024,30 %,16 %,"12,5 %",5 %,3 %,17 %,3 %,7 %,"6,5 %",O • 2.010,17.05.–21.05.,,
INSA,18.05.2024,30 %,16 %,12 %,5 %,3 %,17 %,3 %,7 %,7 %,TOM • 1.206,13.05.–17.05.,,
INSA,14.05.2024,"30,5 %","15,5 %",13 %,5 %,"3,5 %",17 %,"2,5 %",7 %,6 %,O • 2.087,10.05.–13.05.,,
INSA,11.05.2024,30 %,15 %,13 %,5 %,4 %,17 %,2 %,7 %,7 %,TOM • 1.247,06.05.–10.05.,,
INSA,06.05.2024,"30,5 %","15,5 %",12 %,5 %,"3,5 %",18 %,"2,5 %","7,5 %","5,5 %",O • 2.006,03.05.–06.05.,,
INSA,04.05.2024,30 %,15 %,12 %,5 %,4 %,18 %,2 %,7 %,7 %,TOM • 1.203,29.04.–03.05.,,
INSA,30.04.2024,"29,5 %","16,5 %","12,5 %",5 %,"3,5 %","18,5 %","2,5 %",7 %,5 %,O • 2.004,26.04.–29.04.,,
INSA,27.04.2024,29 %,16 %,13 %,5 %,4 %,18 %,2 %,7 %,6 %,TOM • 1.203,22.04.–26.04.,,
INSA,22.04.2024,"30,5 %",15 %,"12,5 %",5 %,4 %,"18,5 %","2,5 %",7 %,5 %,O • 2.008,19.04.–22.04.,,
INSA,20.04.2024,30 %,15 %,13 %,5 %,4 %,18 %,2 %,7 %,6 %,TOM • 1.204,15.04.–19.04.,,
INSA,15.04.2024,"29,5 %",16 %,13 %,6 %,3 %,"18,5 %","2,5 %","6,5 %",5 %,O • 2.006,12.04.–15.04.,,
INSA,13.04.2024,30 %,16 %,13 %,5 %,3 %,18 %,2 %,6 %,7 %,TOM • 1.203,08.04.–12.04.,,
INSA,09.04.2024,"30,5 %",15 %,13 %,5 %,"3,5 %","18,5 %","2,5 %","6,5 %","5,5 %",O • 2.084,05.04.–08.04.,,
INSA,06.04.2024,31 %,15 %,13 %,5 %,3 %,19 %,2 %,6 %,6 %,TOM • 1.243,02.04.–05.04.,,
INSA,02.04.2024,30 %,15 %,"12,5 %",5 %,"3,5 %","19,5 %","2,5 %","6,5 %","5,5 %",O • 2.004,28.03.–02.04.,,
INSA,30.03.2024,30 %,15 %,13 %,5 %,3 %,20 %,2 %,6 %,6 %,TOM • 1.210,25.03.–28.03.,,
INSA,25.03.2024,30 %,"15,5 %","12,5 %",5 %,"3,5 %","19,5 %","2,5 %","6,5 %",5 %,O • 2.008,22.03.–25.03.,,
INSA,24.03.2024,30 %,16 %,13 %,5 %,3 %,19 %,2 %,6 %,6 %,TOM • 1.204,18.03.–22.03.,,
INSA,18.03.2024,"29,5 %",16 %,12 %,5 %,"3,5 %","19,5 %","2,5 %","6,5 %","5,5 %",O • 2.002,15.03.–18.03.,,
INSA,16.03.2024,30 %,15 %,12 %,5 %,3 %,19 %,2 %,6 %,8 %,TOM • 1.199,11.03.–15.03.,,
INSA,11.03.2024,31 %,"14,5 %","12,5 %","5,5 %","3,5 %","18,5 %","2,5 %","6,5 %","5,5 %",O • 2.079,08.03.–11.03.,,
INSA,09.03.2024,31 %,15 %,12 %,5 %,3 %,19 %,2 %,7 %,6 %,TOM • 1.249,04.03.–08.03.,,
INSA,04.03.2024,"30,5 %","14,5 %",13 %,"5,5 %",3 %,"19,5 %","2,5 %","6,5 %",5 %,O • 2.004,01.03.–04.03.,,
INSA,02.03.2024,30 %,15 %,13 %,5 %,3 %,19 %,3 %,7 %,5 %,TOM • 1.200,26.02.–01.03.,,
INSA,27.02.2024,"30,5 %","15,5 %",13 %,"4,5 %",3 %,19 %,3 %,"7,5 %",4 %,O • 2.006,23.02.–26.02.,,
INSA,24.02.2024,30 %,15 %,13 %,5 %,3 %,19 %,3 %,8 %,4 %,TOM • 1.203,19.02.–23.02.,,
INSA,19.02.2024,"30,5 %","14,5 %","12,5 %","4,5 %","3,5 %","19,5 %",3 %,"7,5 %","4,5 %",O • 2.007,16.02.–19.02.,,
INSA,17.02.2024,31 %,14 %,13 %,4 %,3 %,19 %,3 %,8 %,5 %,TOM • 1.203,12.02.–16.02.,,
INSA,12.02.2024,30 %,15 %,"12,5 %","3,5 %","3,5 %","20,5 %",3 %,"7,5 %","4,5 %",O • 2.083,09.02.–12.02.,,
INSA,10.02.2024,30 %,15 %,13 %,4 %,3 %,20 %,3 %,7 %,5 %,TOM • 1.276,05.02.–08.02.,,
INSA,05.02.2024,30 %,15 %,"12,5 %","4,5 %","3,5 %","20,5 %",3 %,"7,5 %","3,5 %",O • 2.004,02.02.–05.02.,,
INSA,03.02.2024,30 %,15 %,13 %,4 %,4 %,20 %,3 %,7 %,4 %,TOM • 1.202,29.01.–02.02.,,
INSA,29.01.2024,30 %,"14,5 %","12,5 %",5 %,"3,5 %",21 %,"2,5 %",7 %,4 %,O • 2.002,26.01.–29.01.,,
INSA,27.01.2024,31 %,14 %,13 %,4 %,4 %,21 %,2 %,7 %,4 %,TOM • 1.201,22.01.–26.01.,,
INSA,22.01.2024,"30,5 %","13,5 %","12,5 %",5 %,3 %,"21,5 %","2,5 %",–,"11,5 %",O • 2.006,19.01.–22.01.,,
INSA,20.01.2024,30 %,13 %,13 %,5 %,3 %,22 %,3 %,7 %,4 %,TOM • 1.203,15.01.–19.01.,,
INSA,15.01.2024,31 %,14 %,12 %,5 %,4 %,23 %,3 %,–,8 %,O • 2.004,12.01.–15.01.,,
INSA,13.01.2024,30 %,15 %,12 %,5 %,4 %,22 %,3 %,–,9 %,TOM • 1.202,08.01.–12.01.,,
INSA,09.01.2024,32 %,16 %,12 %,5 %,4 %,23 %,3 %,–,5 %,O • 2.008,05.01.–08.01.,,
INSA,06.01.2024,31 %,16 %,12 %,5 %,4 %,23 %,3 %,–,6 %,TOM • 1.204,02.01.–05.01.,,
INSA,03.01.2024,32 %,15 %,13 %,5 %,4 %,"22,5 %",3 %,–,"5,5 %",O • 2.002,29.12.–02.01.,,
INSA,31.12.2023,32 %,15 %,12 %,5 %,4 %,23 %,3 %,–,6 %,O • 1.001,28.12.–29.12.,,
INSA,28.12.2023,32 %,15 %,12 %,5 %,4 %,23 %,3 %,–,6 %,O • 2.000,22.12.–27.12.,,
INSA,23.12.2023,32 %,15 %,12 %,5 %,4 %,22 %,3 %,–,7 %,TOM • 1.202,18.12.–22.12.,,
INSA,18.12.2023,"31,5 %","15,5 %","12,5 %",5 %,4 %,23 %,"2,5 %",–,6 %,O • 2.002,15.12.–18.12.,,
INSA,16.12.2023,32 %,15 %,12 %,5 %,4 %,23 %,2 %,–,7 %,TOM • 1.202,11.12.–15.12.,,
INSA,12.12.2023,30 %,16 %,"12,5 %",6 %,4 %,"22,5 %",3 %,–,6 %,O • 2.008,08.12.–11.12.,,
INSA,09.12.2023,30 %,16 %,12 %,6 %,4 %,22 %,3 %,–,7 %,TOM • 1.203,04.12.–08.12.,,
INSA,05.12.2023,"29,5 %","15,5 %",13 %,6 %,"3,5 %","22,5 %",3 %,–,7 %,O • 2.006,01.12.–04.12.,,
INSA,02.12.2023,30 %,16 %,13 %,6 %,3 %,22 %,3 %,–,7 %,TOM • 1.202,27.11.–01.12.,,
INSA,27.11.2023,"30,5 %","15,5 %","12,5 %",6 %,4 %,22 %,3 %,–,"6,5 %",O • 2.007,24.11.–27.11.,,
INSA,25.11.2023,30 %,16 %,12 %,6 %,4 %,22 %,3 %,–,7 %,TOM • 1.202,20.11.–24.11.,,
INSA,21.11.2023,30 %,"16,5 %",13 %,"5,5 %","4,5 %",21 %,3 %,–,"6,5 %",O • 2.003,17.11.–20.11.,,
INSA,18.11.2023,30 %,16 %,13 %,6 %,4 %,21 %,3 %,–,7 %,TOM • 1.201,13.11.–17.11.,,
INSA,13.11.2023,"30,5 %","16,5 %","13,5 %",5 %,"4,5 %","21,5 %",3 %,–,"5,5 %",O • 2.008,10.11.–13.11.,,
INSA,11.11.2023,30 %,17 %,14 %,5 %,4 %,21 %,3 %,–,6 %,TOM • 1.204,06.11.–10.11.,,
INSA,06.11.2023,"29,5 %","16,5 %","13,5 %","5,5 %","4,5 %",22 %,3 %,–,"5,5 %",O • 2.006,03.11.–06.11.,,
INSA,05.11.2023,30 %,16 %,13 %,6 %,4 %,22 %,3 %,–,6 %,TOM • 1.204,30.10.–03.11.,,
INSA,30.10.2023,"30,5 %","16,5 %",13 %,"5,5 %",4 %,21 %,"3,5 %",–,6 %,O • 2.010,27.10.–30.10.,,
INSA,28.10.2023,31 %,16 %,13 %,6 %,4 %,21 %,3 %,–,6 %,TOM • 1.216,23.10.–27.10.,,
INSA,24.10.2023,"28,5 %","16,5 %",13 %,"5,5 %",5 %,22 %,"3,5 %",–,6 %,O • 2.004,20.10.–23.10.,,
INSA,21.10.2023,29 %,16 %,13 %,5 %,5 %,22 %,4 %,–,6 %,TOM • 1.202,16.10.–20.10.,,
INSA,16.10.2023,28 %,"16,5 %",13 %,6 %,"4,5 %",23 %,4 %,–,5 %,O • 2.006,13.10.–16.10.,,
INSA,14.10.2023,28 %,17 %,13 %,6 %,5 %,23 %,4 %,–,4 %,TOM • 1.202,09.10.–13.10.,,
INSA,10.10.2023,27 %,17 %,"13,5 %",6 %,5 %,"22,5 %",3 %,–,6 %,O • 2.001,06.10.–09.10.,,
INSA,07.10.2023,27 %,17 %,14 %,6 %,5 %,22 %,3 %,–,6 %,TOM • 1.201,02.10.–06.10.,,
INSA,02.10.2023,"26,5 %",18 %,"13,5 %",7 %,5 %,22 %,"2,5 %",–,"5,5 %",O • 2.010,29.09.–02.10.,,
INSA,30.09.2023,26 %,18 %,14 %,7 %,5 %,22 %,3 %,–,5 %,TOM • 1.206,25.09.–29.09.,,
INSA,26.09.2023,27 %,"17,5 %","13,5 %","6,5 %",5 %,"21,5 %",3 %,–,6 %,O • 2.003,22.09.–25.09.,,
INSA,23.09.2023,27 %,17 %,14 %,6 %,5 %,22 %,3 %,–,6 %,TOM • 1.203,18.09.–22.09.,,
INSA,19.09.2023,"26,5 %",17 %,"14,5 %",6 %,5 %,21 %,"3,5 %",–,"6,5 %",O • 2.008,15.09.–18.09.,,
INSA,16.09.2023,27 %,17 %,15 %,6 %,5 %,21 %,3 %,–,6 %,TOM • 1.204,11.09.–15.09.,,
INSA,11.09.2023,"26,5 %",18 %,14 %,7 %,"4,5 %",22 %,–,–,8 %,O • 2.002,08.09.–11.09.,,
INSA,09.09.2023,27 %,18 %,13 %,7 %,5 %,22 %,–,–,8 %,TOM • 1.201,04.09.–08.09.,,
INSA,04.09.2023,"26,5 %","17,5 %","13,5 %","7,5 %","4,5 %","21,5 %",–,–,9 %,O • 2.010,01.09.–04.09.,,
INSA,02.09.2023,27 %,18 %,13 %,7 %,5 %,21 %,–,–,9 %,TOM • 1.195,28.08.–01.09.,,
INSA,28.08.2023,"26,5 %",18 %,"14,5 %",7 %,"4,5 %",21 %,–,–,"8,5 %",O • 2.006,25.08.–28.08.,,
INSA,26.08.2023,27 %,18 %,14 %,7 %,5 %,21 %,–,–,8 %,TOM • 1.285,21.08.–25.08.,,
INSA,21.08.2023,"26,5 %","18,5 %",14 %,8 %,5 %,"20,5 %",–,–,"7,5 %",O • 2.008,18.08.–21.08.,,
INSA,19.08.2023,27 %,18 %,14 %,8 %,5 %,21 %,–,–,7 %,TOM • 1.203,14.08.–18.08.,,
INSA,14.08.2023,26 %,"19,5 %","13,5 %",7 %,"4,5 %",21 %,–,–,"8,5 %",O • 2.002,11.08.–14.08.,,
INSA,12.08.2023,26 %,20 %,13 %,7 %,5 %,21 %,–,–,8 %,TOM • 1.200,07.08.–11.08.,,
INSA,07.08.2023,27 %,19 %,"14,5 %","7,5 %","4,5 %","20,5 %",–,–,7 %,O • 2.004,04.08.–07.08.,,
INSA,05.08.2023,27 %,19 %,14 %,7 %,5 %,21 %,–,–,7 %,TOM • 1.203,31.07.–04.08.,,
INSA,31.07.2023,"26,5 %","18,5 %",14 %,"6,5 %",5 %,"21,5 %",–,–,8 %,O • 2.003,28.07.–31.07.,,
INSA,29.07.2023,26 %,18 %,14 %,7 %,5 %,22 %,–,–,8 %,TOM • 1.200,24.07.–28.07.,,
INSA,25.07.2023,"26,5 %","18,5 %",14 %,"7,5 %","4,5 %","21,5 %",–,–,"7,5 %",O • 2.006,21.07.–24.07.,,
INSA,22.07.2023,26 %,18 %,14 %,7 %,5 %,22 %,–,–,8 %,TOM • 1.266,17.07.–21.07.,,
INSA,17.07.2023,27 %,18 %,14 %,7 %,5 %,"20,5 %",–,–,"8,5 %",O • 2.004,14.07.–17.07.,,
INSA,15.07.2023,27 %,18 %,14 %,7 %,5 %,20 %,–,–,9 %,TOM • 1.184,10.07.–14.07.,,
INSA,10.07.2023,26 %,19 %,14 %,7 %,5 %,"20,5 %",–,–,"8,5 %",O • 2.008,07.07.–10.07.,,
INSA,08.07.2023,27 %,19 %,13 %,7 %,5 %,20 %,–,–,9 %,TOM • 1.204,03.07.–07.07.,,
INSA,03.07.2023,"25,5 %",19 %,"14,5 %","6,5 %",5 %,21 %,–,–,"8,5 %",O • 2.897,30.06.–03.07.,,
INSA,01.07.2023,26 %,19 %,14 %,7 %,5 %,20 %,–,–,9 %,TOM • 1.401,26.06.–30.06.,,
INSA,26.06.2023,"26,5 %","19,5 %","13,5 %","6,5 %","4,5 %","20,5 %",–,–,9 %,O • 2.004,23.06.–26.06.,,
INSA,24.06.2023,26 %,20 %,13 %,7 %,4 %,20 %,–,–,10 %,TOM • 1.203,19.06.–23.06.,,
INSA,19.06.2023,"26,5 %",20 %,"13,5 %","7,5 %","4,5 %",20 %,–,–,8 %,O • 2.006,16.06.–19.06.,,
INSA,17.06.2023,27 %,20 %,13 %,8 %,4 %,19 %,–,–,9 %,TOM • 1.203,12.06.–16.06.,,
INSA,12.06.2023,27 %,20 %,13 %,8 %,"4,5 %","19,5 %",–,–,8 %,O • 2.003,09.06.–12.06.,,
INSA,10.06.2023,27 %,20 %,13 %,8 %,5 %,19 %,–,–,8 %,TOM • 1.201,05.06.–09.06.,,
INSA,05.06.2023,"26,5 %",19 %,"13,5 %",9 %,5 %,19 %,–,–,8 %,O • 2.009,02.06.–05.06.,,
INSA,03.06.2023,27 %,19 %,13 %,9 %,5 %,19 %,–,–,8 %,TOM • 1.205,30.05.–02.06.,,
INSA,31.05.2023,28 %,"20,5 %",13 %,"8,5 %","4,5 %",18 %,–,–,"7,5 %",O • 2.004,26.05.–30.05.,,
INSA,27.05.2023,28 %,20 %,13 %,9 %,4 %,18 %,–,–,8 %,TOM • 1.207,22.05.–26.05.,,
INSA,22.05.2023,"27,5 %","20,5 %",14 %,"8,5 %",5 %,17 %,–,–,"7,5 %",O • 2.004,19.05.–22.05.,,
INSA,20.05.2023,28 %,21 %,14 %,8 %,5 %,17 %,–,–,7 %,TOM • 1.195,15.05.–19.05.,,
INSA,15.05.2023,28 %,20 %,"14,5 %","8,5 %",5 %,"16,5 %",–,–,"7,5 %",O • 2.010,12.05.–15.05.,,
INSA,13.05.2023,28 %,20 %,15 %,9 %,4 %,16 %,–,–,8 %,TOM • 1.205,08.05.–12.05.,,
INSA,08.05.2023,28 %,20 %,14 %,9 %,"4,5 %","16,5 %",–,–,8 %,O • 2.008,05.05.–08.05.,,
INSA,06.05.2023,28 %,20 %,14 %,9 %,4 %,16 %,–,–,9 %,TOM • 1.204,02.05.–05.05.,,
INSA,02.05.2023,27 %,21 %,15 %,8 %,"4,5 %","16,5 %",–,–,8 %,O • 2.006,28.04.–02.05.,,
INSA,29.04.2023,28 %,21 %,14 %,8 %,5 %,16 %,–,–,8 %,TOM • 1.202,24.04.–28.04.,,
INSA,24.04.2023,"27,5 %",20 %,"14,5 %",9 %,"4,5 %",16 %,–,–,"8,5 %",O • 2.004,21.04.–24.04.,,
INSA,22.04.2023,28 %,20 %,15 %,9 %,4 %,16 %,–,–,8 %,TOM • 1.202,17.04.–21.04.,,
INSA,17.04.2023,"27,5 %",21 %,15 %,8 %,"4,5 %",16 %,–,–,8 %,O • 2.008,14.04.–17.04.,,
INSA,15.04.2023,27 %,21 %,15 %,8 %,5 %,16 %,–,–,8 %,TOM • 1.204,11.04.–14.04.,,
INSA,11.04.2023,"27,5 %",20 %,"15,5 %",8 %,"4,5 %",16 %,–,–,"8,5 %",O • 2.005,06.04.–11.04.,,
INSA,08.04.2023,28 %,20 %,16 %,8 %,4 %,16 %,–,–,8 %,TOM • 1.204,03.04.–06.04.,,
INSA,03.04.2023,28 %,20 %,"15,5 %","7,5 %","4,5 %",16 %,–,–,"8,5 %",O • 2.007,31.03.–03.04.,,
INSA,01.04.2023,27 %,21 %,16 %,8 %,4 %,16 %,–,–,8 %,TOM • 1.200,27.03.–31.03.,,
INSA,27.03.2023,28 %,"20,5 %",16 %,8 %,4 %,"15,5 %",–,–,8 %,O • 2.004,24.03.–27.03.,,
INSA,25.03.2023,28 %,21 %,16 %,8 %,4 %,15 %,–,–,8 %,TOM • 1.203,20.03.–24.03.,,
INSA,20.03.2023,28 %,"21,5 %",15 %,"7,5 %",5 %,16 %,–,–,7 %,O • 2.006,17.03.–20.03.,,
INSA,19.03.2023,28 %,21 %,15 %,8 %,5 %,16 %,–,–,7 %,TOM • 1.202,13.03.–17.03.,,
INSA,13.03.2023,"28,5 %","21,5 %","15,5 %","7,5 %",4 %,16 %,–,–,7 %,O • 2.002,10.03.–13.03.,,
INSA,11.03.2023,29 %,21 %,16 %,7 %,4 %,15 %,–,–,8 %,TOM • 1.268,06.03.–10.03.,,
INSA,07.03.2023,"29,5 %",20 %,"15,5 %","7,5 %",5 %,"15,5 %",–,–,7 %,O • 2.007,03.03.–06.03.,,
INSA,05.03.2023,30 %,20 %,16 %,7 %,5 %,15 %,–,–,7 %,TOM • 1.203,27.02.–03.03.,,
INSA,27.02.2023,"29,5 %","20,5 %","15,5 %","7,5 %","4,5 %","15,5 %",–,–,7 %,O • 2.010,24.02.–27.02.,,
INSA,25.02.2023,29 %,21 %,16 %,7 %,5 %,15 %,–,–,7 %,TOM • 1.200,20.02.–24.02.,,
INSA,20.02.2023,29 %,"21,5 %","15,5 %",7 %,5 %,"15,5 %",–,–,"6,5 %",O • 2.006,17.02.–20.02.,,
INSA,18.02.2023,29 %,21 %,16 %,7 %,5 %,16 %,–,–,6 %,TOM • 1.207,13.02.–17.02.,,
INSA,13.02.2023,28 %,20 %,16 %,"7,5 %",5 %,16 %,–,–,"7,5 %",O • 2.005,10.02.–13.02.,,
INSA,11.02.2023,28 %,20 %,16 %,8 %,5 %,16 %,–,–,7 %,TOM • 1.457,06.02.–10.02.,,
INSA,06.02.2023,27 %,21 %,16 %,8 %,5 %,"15,5 %",–,–,"7,5 %",O • 2.008,03.02.–06.02.,,
INSA,04.02.2023,28 %,21 %,16 %,8 %,5 %,15 %,–,–,7 %,TOM • 1.462,30.01.–03.02.,,
INSA,30.01.2023,"28,5 %","20,5 %",16 %,"7,5 %",5 %,15 %,–,–,"7,5 %",O • 2.007,27.01.–30.01.,,
INSA,28.01.2023,29 %,20 %,16 %,7 %,5 %,15 %,–,–,8 %,TOM • 1.506,24.01.–27.01.,,
INSA,23.01.2023,28 %,"20,5 %","16,5 %","7,5 %","4,5 %",15 %,–,–,8 %,O • 2.009,20.01.–23.01.,,
INSA,21.01.2023,28 %,20 %,16 %,7 %,5 %,15 %,–,–,9 %,TOM • 1.504,16.01.–20.01.,,
INSA,16.01.2023,28 %,21 %,"16,5 %","7,5 %",5 %,15 %,–,–,7 %,O • 2.006,13.01.–16.01.,,
INSA,14.01.2023,27 %,20 %,17 %,8 %,5 %,15 %,–,–,8 %,TOM • 1.202,09.01.–13.01.,,
INSA,09.01.2023,27 %,20 %,"17,5 %","7,5 %",5 %,15 %,–,–,8 %,O • 2.006,06.01.–09.01.,,
INSA,08.01.2023,27 %,20 %,18 %,7 %,5 %,15 %,–,–,8 %,TOM • 1.465,02.01.–06.01.,,
INSA,02.01.2023,27 %,20 %,"17,5 %","7,5 %","4,5 %",15 %,–,–,"8,5 %",O • 2.010,29.12.–02.01.,,
INSA,31.12.2022,26 %,20 %,18 %,7 %,5 %,15 %,–,–,9 %,TOM • 1.205,27.12.–29.12.,,
INSA,24.12.2022,27 %,21 %,17 %,8 %,5 %,14 %,–,–,8 %,TOM • 1.203,19.12.–22.12.,,
INSA,19.12.2022,"27,5 %",21 %,"17,5 %","7,5 %","4,5 %","14,5 %",–,–,"7,5 %",O • 2.005,16.12.–19.12.,,
INSA,17.12.2022,27 %,21 %,18 %,7 %,5 %,15 %,–,–,7 %,TOM • 1.501,12.12.–16.12.,,
INSA,13.12.2022,"28,5 %",20 %,18 %,7 %,"4,5 %","15,5 %",–,–,"6,5 %",O • 2.007,09.12.–12.12.,,
INSA,11.12.2022,28 %,20 %,18 %,7 %,4 %,15 %,–,–,8 %,TOM • 1.502,02.12.–09.12.,,
INSA,06.12.2022,28 %,"20,5 %",17 %,7 %,5 %,"14,5 %",–,–,8 %,O • 2.008,03.12.–05.12.,,
INSA,03.12.2022,28 %,20 %,17 %,7 %,5 %,15 %,–,–,8 %,TOM • 1.502,28.11.–02.12.,,
INSA,28.11.2022,27 %,21 %,"17,5 %",7 %,5 %,15 %,–,–,"7,5 %",O • 2.006,25.11.–28.11.,,
INSA,27.11.2022,27 %,21 %,18 %,7 %,5 %,15 %,–,–,7 %,TOM • 1.501,21.11.–25.11.,,
INSA,21.11.2022,28 %,20 %,17 %,"7,5 %",5 %,15 %,–,–,"7,5 %",O • 2.004,18.11.–21.11.,,
INSA,20.11.2022,28 %,20 %,17 %,7 %,5 %,15 %,–,–,8 %,TOM • 1.314,14.11.–18.11.,,
INSA,14.11.2022,"27,5 %","20,5 %","17,5 %",7 %,"4,5 %",15 %,–,–,8 %,O • 2.010,11.11.–14.11.,,
INSA,13.11.2022,28 %,21 %,18 %,7 %,4 %,15 %,–,–,7 %,TOM • 1.255,08.11.–11.11.,,
INSA,07.11.2022,27 %,21 %,"17,5 %",8 %,"4,5 %","14,5 %",–,–,"7,5 %",O • 2.007,04.11.–07.11.,,
INSA,06.11.2022,27%,21 %,17 %,8 %,5 %,15 %,–,–,7 %,TOM • 1.286,01.11.–04.11.,,
INSA,01.11.2022,26 %,"20,5 %",18 %,9 %,"4,5 %",15 %,–,–,7 %,O • 2.009,28.10.–31.10.,,
INSA,30.10.2022,26 %,20 %,18 %,9 %,5 %,15 %,–,–,7 %,TOM • 1.230,24.10.–28.10.,,
INSA,25.10.2022,"26,5 %","20,5 %","17,5 %","8,5 %","4,5 %",15 %,–,–,"7,5 %",O • 2.007,21.10.–24.10.,,
INSA,23.10.2022,27 %,20 %,18 %,8 %,5 %,15 %,–,–,7 %,TOM • 1.503,17.10.–21.10.,,
INSA,17.10.2022,"27,5 %","19,5 %","18,5 %","7,5 %","4,5 %","15,5 %",–,–,7 %,O • 2.000,14.10.–17.10.,,
INSA,16.10.2022,28 %,19 %,18 %,8 %,5 %,15 %,–,–,7 %,TOM • 1.327,10.10.–14.10.,,
INSA,10.10.2022,"27,5 %","19,5 %",19 %,"7,5 %",5 %,15 %,–,–,"6,5 %",O • 2.005,07.10.–10.10.,,
INSA,08.10.2022,27 %,19 %,19 %,8 %,5 %,15 %,–,–,7 %,TOM • 1.315,04.10.–07.10.,,
INSA,04.10.2022,"27,5 %",19 %,"18,5 %",8 %,"5,5 %",15 %,–,–,"6,5 %",O • 2.008,29.09.–04.10.,,
INSA,01.10.2022,28 %,19 %,18 %,8 %,6 %,15 %,–,–,6 %,TOM • 1.210,26.09.–30.09.,,
INSA,26.09.2022,"27,5 %",18 %,"19,5 %",8 %,"5,5 %",15 %,–,–,"6,5 %",O • 2.102,23.09.–26.09.,,
INSA,24.09.2022,28 %,19 %,19 %,8 %,5 %,14 %,–,–,7 %,TOM • 1.255,19.09.–23.09.,,
INSA,20.09.2022,"28,5 %","18,5 %",19 %,"7,5 %","5,5 %",14 %,–,–,7 %,O • 2.080,16.09.–19.09.,,
INSA,17.09.2022,28 %,19 %,19 %,7 %,6 %,13 %,–,–,8 %,TOM • 1.476,12.09.–16.09.,,
INSA,12.09.2022,28 %,18 %,20 %,8 %,"5,5 %","13,5 %",–,–,7 %,O • 2.039,09.09.–12.09.,,
INSA,10.09.2022,27 %,19 %,20 %,8 %,5 %,13 %,–,–,8 %,TOM • 1.443,05.09.–09.09.,,
INSA,06.09.2022,28 %,18 %,"20,5 %","7,5 %","5,5 %","13,5 %",–,–,7 %,O • 2.004,02.09.–05.09.,,
INSA,03.09.2022,28 %,19 %,20 %,8 %,5 %,13 %,–,–,7 %,TOM • 1.203,29.08.–02.09.,,
INSA,29.08.2022,"27,5 %",19 %,"20,5 %",8 %,"5,5 %",13 %,–,–,"6,5 %",O • 2.138,26.08.–29.08.,,
INSA,27.08.2022,28 %,20 %,21 %,8 %,5 %,12 %,–,–,6 %,TOM • 1.204,22.08.–26.08.,,
INSA,22.08.2022,28 %,"18,5 %",21 %,"7,5 %","5,5 %",13 %,–,–,"6,5 %",O • 2.091,19.08.–22.08.,,
INSA,20.08.2022,28 %,19 %,21 %,8 %,5 %,12 %,–,–,7 %,TOM • 1.427,15.08.–19.08.,,
INSA,15.08.2022,28 %,19 %,22 %,8 %,5 %,12 %,–,–,6 %,O • 2.146,12.08.–15.08.,,
INSA,13.08.2022,27 %,19 %,22 %,9 %,5 %,12 %,–,–,6 %,TOM • 1.502,05.08.–12.08.,,
INSA,08.08.2022,27 %,18 %,"21,5 %",8 %,"5,5 %","12,5 %",–,–,"7,5 %",O • 2.099,05.08.–08.08.,,
INSA,06.08.2022,27 %,19 %,21 %,9 %,5 %,12 %,–,–,7 %,TOM • 1.701,01.08.–05.08.,,
INSA,01.08.2022,"26,5 %","18,5 %",22 %,8 %,5 %,12 %,–,–,8 %,O • 2.144,29.07.–01.08.,,
INSA,30.07.2022,26 %,19 %,22 %,9 %,5 %,12 %,–,–,7 %,TOM • 1.202,25.07.–29.07.,,
INSA,25.07.2022,"26,5 %","18,5 %",22 %,8 %,5 %,12 %,–,–,8 %,O • 2.043,22.07.–25.07.,,
INSA,23.07.2022,27 %,18 %,23 %,8 %,5 %,12 %,–,–,7 %,TOM • 1.501,18.07.–22.07.,,
INSA,18.07.2022,"26,5 %","18,5 %",22 %,8 %,"4,5 %",12 %,–,–,"8,5 %",O • 2.062,15.07.–18.07.,,
INSA,16.07.2022,26 %,19 %,22 %,8 %,5 %,11 %,–,–,9 %,TOM • 1.277,11.07.–15.07.,,
INSA,12.07.2022,27 %,20 %,21 %,"8,5 %","4,5 %",11 %,–,–,8 %,O • 2.044,08.07.–11.07.,,
INSA,10.07.2022,28 %,19 %,22 %,8 %,4 %,10 %,–,–,9 %,TOM • 1.202,04.07.–08.07.,,
INSA,04.07.2022,28 %,19 %,21 %,"9,5 %",4 %,11 %,–,–,"7,5 %",O • 2.066,01.07.–04.07.,,
INSA,02.07.2022,27 %,20 %,22 %,9 %,4 %,11 %,–,–,7 %,TOM • 1.253,27.06.–01.07.,,
INSA,27.06.2022,27 %,20 %,"21,5 %",9 %,4 %,"10,5 %",–,–,8 %,O • 2.101,24.06.–27.06.,,
INSA,25.06.2022,26 %,20 %,22 %,9 %,4 %,11 %,–,–,8 %,TOM • 1.414,20.06.–24.06.,,
INSA,20.06.2022,28 %,"19,5 %",21 %,"9,5 %",4 %,10 %,–,–,8 %,O • 2.063,17.06.–20.06.,,
INSA,19.06.2022,27 %,20 %,21 %,9 %,4 %,10 %,–,–,9 %,TOM • 1.501,13.06.–17.06.,,
INSA,13.06.2022,"27,5 %",20 %,21 %,"9,5 %","3,5 %","10,5 %",–,–,8 %,O • 2.082,10.06.–13.06.,,
INSA,11.06.2022,27 %,21 %,21 %,9 %,4 %,10 %,–,–,8 %,TOM • 1.203,07.06.–10.06.,,
INSA,07.06.2022,27 %,20 %,"21,5 %","9,5 %","3,5 %","10,5 %",–,–,8 %,O • 2.055,03.06.–07.06.,,
INSA,04.06.2022,27 %,22 %,20 %,9 %,4 %,9 %,–,–,9 %,TOM • 1.501,30.05.–03.06.,,
INSA,30.05.2022,27 %,22 %,"20,5 %","8,5 %","3,5 %",10 %,–,–,"8,5 %",O • 2.056,27.05.–30.05.,,
INSA,28.05.2022,27 %,23 %,19 %,9 %,4 %,9 %,–,–,9 %,TOM • 1.337,23.05.–27.05.,,
INSA,23.05.2022,"28,5 %",22 %,20 %,"8,5 %",3 %,"10,5 %",–,–,"7,5 %",O • 2.100,20.05.–23.05.,,
INSA,21.05.2022,28 %,21 %,19 %,10 %,3 %,10 %,–,–,9 %,TOM • 1.214,16.05.–20.05.,,
INSA,16.05.2022,28 %,"21,5 %","20,5 %",9 %,3 %,11 %,–,–,7 %,O • 2.147,13.05.–16.05.,,
INSA,14.05.2022,27 %,22 %,18 %,10 %,4 %,10 %,–,–,9 %,TOM • 1.501,09.05.–13.05.,,
INSA,09.05.2022,"27,5 %","22,5 %",19 %,10 %,"3,5 %","10,5 %",–,–,7 %,O • 2.086,06.05.–09.05.,,
INSA,07.05.2022,27 %,23 %,18 %,11 %,3 %,10 %,–,–,8 %,TOM • 1.501,02.05.–06.05.,,
INSA,02.05.2022,27 %,23 %,19 %,"9,5 %","4,5 %","10,5 %",–,–,"6,5 %",O • 2.146,29.04.–02.05.,,
INSA,01.05.2022,26 %,23 %,18 %,10 %,4 %,11 %,–,–,8 %,TOM • 1.202,25.04.–29.04.,,
INSA,25.04.2022,"26,5 %",24 %,18 %,9 %,"4,5 %","11,5 %",–,–,"6,5 %",O • 2.056,22.04.–25.04.,,
INSA,23.04.2022,26 %,24 %,18 %,9 %,5 %,11 %,–,–,7 %,TOM • 1.296,19.04.–22.04.,,
INSA,19.04.2022,26 %,"23,5 %",19 %,9 %,"4,5 %",11 %,–,–,7 %,O • 2.073,15.04.–18.04.,,
INSA,16.04.2022,26 %,25 %,17 %,10 %,5 %,10 %,–,–,7 %,TOM • 1.402,11.04.–14.04.,,
INSA,11.04.2022,27 %,25 %,"17,5 %",9 %,"4,5 %",11 %,–,–,6 %,O • 2.061,08.04.–11.04.,,
INSA,09.04.2022,26 %,25 %,16 %,10 %,4 %,11 %,–,–,8 %,TOM • 1.503,04.04.–08.04.,,
INSA,04.04.2022,26 %,25 %,"17,5 %","10,5 %","4,5 %","10,5 %",–,–,6 %,O • 2.063,01.04.–04.04.,,
INSA,02.04.2022,26 %,26 %,16 %,10 %,4 %,11 %,–,–,7 %,TOM • 1.501,25.03.–01.04.,,
INSA,29.03.2022,26 %,25 %,"16,5 %",10 %,"5,5 %","10,5 %",–,–,"6,5 %",O • 2.070,25.03.–28.03.,,
INSA,26.03.2022,26 %,26 %,16 %,10 %,5 %,11 %,–,–,6 %,TOM • 1.205,21.03.–25.03.,,
INSA,21.03.2022,"26,5 %","24,5 %","16,5 %",11 %,"4,5 %",11 %,–,–,6 %,O • 2.122,18.03.–21.03.,,
INSA,19.03.2022,26 %,26 %,16 %,10 %,5 %,10 %,–,–,7 %,TOM • 1.198,14.03.–18.03.,,
INSA,14.03.2022,"25,5 %",25 %,"15,5 %","10,5 %",5 %,"10,5 %",–,–,8 %,O • 2.073,11.03.–14.03.,,
INSA,12.03.2022,24 %,26 %,16 %,10 %,6 %,10 %,–,–,8 %,TOM • 1.201,07.03.–11.03.,,
INSA,07.03.2022,"24,5 %",25 %,"15,5 %",11 %,6 %,"10,5 %",–,–,"7,5 %",O • 2.103,04.03.–07.03.,,
INSA,05.03.2022,25 %,25 %,15 %,11 %,6 %,11 %,–,–,7 %,TOM • 1.185,28.02.–04.03.,,
INSA,01.03.2022,27 %,23 %,"15,5 %",11 %,"6,5 %","10,5 %",–,–,"6,5 %",O • 2.067,25.02.–28.02.,,
INSA,27.02.2022,26 %,23 %,15 %,11 %,7 %,12 %,–,–,6 %,TOM • 1.405,21.02.–25.02.,,
INSA,21.02.2022,27 %,23 %,"14,5 %","12,5 %",6 %,11 %,–,–,6 %,O • 1.539,18.02.–21.02.,,
INSA,19.02.2022,27 %,22 %,15 %,11 %,7 %,12 %,–,–,6 %,TOM • 1.303,14.02.–18.02.,,
INSA,14.02.2022,26 %,"22,5 %",15 %,12 %,6 %,12 %,–,–,"6,5 %",O • 2.141,11.02.–14.02.,,
INSA,12.02.2022,26 %,22 %,16 %,11 %,6 %,12 %,–,–,7 %,TOM • 1.504,07.02.–11.02.,,
INSA,07.02.2022,26 %,23 %,15 %,12 %,7 %,11 %,–,–,6 %,O • 2.067,04.02.–07.02.,,
INSA,05.02.2022,27 %,22 %,16 %,11 %,6 %,11 %,–,–,7 %,TOM • 1.202,01.02.–04.02.,,
INSA,31.01.2022,25 %,24 %,15 %,"12,5 %","6,5 %",10 %,–,–,7 %,O • 2.147,28.01.–31.01.,,
INSA,29.01.2022,24 %,26 %,16 %,11 %,6 %,11 %,–,–,6 %,TOM • 1.383,24.01.–28.01.,,
INSA,24.01.2022,24 %,26 %,15 %,"11,5 %",6 %,11 %,–,–,"6,5 %",O • 2.146,21.01.–24.01.,,
INSA,22.01.2022,23 %,26 %,16 %,12 %,6 %,12 %,–,–,5 %,TOM • 1.204,17.01.–21.01.,,
INSA,17.01.2022,"22,5 %",26 %,"15,5 %",12 %,6 %,12 %,–,–,6 %,O • 2.130,14.01.–17.01.,,
INSA,15.01.2022,23 %,27 %,16 %,11 %,5 %,12 %,–,–,6 %,TOM • 1.504,10.01.–14.01.,,
INSA,10.01.2022,23 %,"26,5 %",15 %,12 %,5 %,12 %,–,–,"6,5 %",O • 2.107,07.01.–10.01.,,
INSA,08.01.2022,23 %,27 %,16 %,12 %,5 %,11 %,–,–,6 %,TOM • 1.504,03.01.–08.01.,,
INSA,03.01.2022,23 %,"26,5 %","15,5 %",11 %,6 %,"11,5 %",–,–,"6,5 %",O • 2.060,30.12.–03.01.,,
INSA,01.01.2022,24 %,27 %,16 %,10 %,5 %,11 %,–,–,7 %,TOM • 1.201,27.12.–30.12.,,
INSA,26.12.2021,23 %,28 %,15 %,11 %,5 %,11 %,–,–,7 %,TOM • 1.195,20.12.–23.12.,,
INSA,20.12.2021,"21,5 %","27,5 %","14,5 %",13 %,"5,5 %","11,5 %",–,–,"6,5 %",O • 2.075,17.12.–20.12.,,
INSA,18.12.2021,23 %,27 %,14 %,12 %,5 %,12 %,–,–,7 %,TOM • 1.501,13.12.–18.12.,,
INSA,13.12.2021,22 %,27 %,"14,5 %",13 %,"5,5 %","11,5 %",–,–,"6,5 %",O • 2.221,10.12.–13.12.,,
INSA,11.12.2021,22 %,26 %,15 %,13 %,5 %,11 %,–,–,8 %,TOM • 1.480,06.12.–10.12.,,
INSA,06.12.2021,22 %,26 %,15 %,"13,5 %","5,5 %","11,5 %",–,–,"6,5 %",O • 2.119,03.12.–06.12.,,
INSA,04.12.2021,21 %,26 %,15 %,13 %,5 %,12 %,–,–,8 %,TOM • 1.348,29.11.–03.12.,,
INSA,29.11.2021,21 %,25 %,16 %,14 %,"5,5 %",11 %,–,–,"7,5 %",O • 2.129,26.11.–29.11.,,
INSA,27.11.2021,21 %,26 %,15 %,13 %,6 %,12 %,–,–,7 %,TOM • 1.403,22.11.–26.11.,,
INSA,22.11.2021,22 %,26 %,14 %,14 %,"5,5 %",11 %,–,–,"7,5 %",O • 2.096,19.11.–22.11.,,
INSA,20.11.2021,21 %,26 %,15 %,13 %,5 %,12 %,–,–,8 %,TOM • 1.501,15.11.–19.11.,,
INSA,15.11.2021,21 %,27 %,15 %,13 %,"5,5 %","11,5 %",–,–,7 %,O • 2.091,12.11.–15.11.,,
INSA,13.11.2021,22 %,26 %,15 %,13 %,5 %,11 %,–,–,8 %,TOM • 1.202,08.11.–12.11.,,
INSA,08.11.2021,"20,5 %","26,5 %",16 %,"13,5 %","5,5 %","10,5 %",–,–,"7,5 %",O • 2.112,05.11.–08.11.,,
INSA,06.11.2021,21 %,27 %,15 %,14 %,5 %,11 %,–,–,7 %,TOM • 1.212,01.11.–05.11.,,
INSA,02.11.2021,20 %,27 %,16 %,"13,5 %",5 %,"11,5 %",–,–,7 %,O • 2.140,29.10.–01.11.,,
INSA,30.10.2021,21 %,27 %,16 %,13 %,5 %,11 %,–,–,7 %,TOM • 1.503,25.10.–29.10.,,
INSA,25.10.2021,20 %,28 %,16 %,14 %,5 %,11 %,–,–,6 %,O • 2.105,22.10.–25.10.,,
INSA,23.10.2021,20 %,27 %,17 %,14 %,4 %,11 %,–,–,7 %,TOM • 1.205,18.10.–22.10.,,
INSA,18.10.2021,"18,5 %",28 %,16 %,15 %,5 %,"11,5 %",–,–,6 %,O • 2.140,15.10.–18.10.,,
INSA,16.10.2021,19 %,28 %,16 %,13 %,4 %,11 %,–,–,9 %,TOM • 1.195,11.10.–15.10.,,
INSA,11.10.2021,"19,5 %","28,5 %",16 %,"14,5 %",4 %,11 %,–,–,"6,5 %",O • 2.101,08.10.–11.10.,,
INSA,09.10.2021,20 %,28 %,15 %,14 %,5 %,10 %,–,–,8 %,TOM • 1.509,04.10.–08.10.,,
INSA,04.10.2021,21 %,28 %,"15,5 %","13,5 %","4,5 %",10 %,–,–,"7,5 %",O • 2.000,01.10.–04.10.,,
INSA,02.10.2021,21 %,28 %,16 %,12 %,5 %,10 %,–,–,8 %,TOM • 1.254,27.09.–01.10.,,
INSA,20.09.2021,22 %,25 %,15 %,12 %,"6,5 %",11 %,–,,"8,5 %",O • 2.054,17.09.–20.09.,,
INSA,18.09.2021,21 %,26 %,15 %,12 %,6 %,11 %,3 %,,6 %,TOM • 1.502,13.09.–17.09.,,
INSA,13.09.2021,"20,5 %",26 %,15 %,"12,5 %","6,5 %","11,5 %",–,,8 %,O • 2.062,10.09.–13.09.,,
INSA,11.09.2021,20 %,26 %,15 %,13 %,6 %,11 %,–,,9 %,TOM • 1.152,06.09.–10.09.,,
INSA,06.09.2021,"20,5 %",26 %,"15,5 %","12,5 %","6,5 %",11 %,3 %,,5 %,O • 2.052,03.09.–06.09.,,
INSA,04.09.2021,20 %,25 %,16 %,13 %,7 %,12 %,–,,7 %,TOM • 1.427,30.08.–03.09.,,
INSA,30.08.2021,20 %,25 %,"16,5 %","13,5 %",7 %,11 %,–,,7 %,O • 2.015,27.08.–30.08.,,
INSA,28.08.2021,21 %,24 %,17 %,13 %,6 %,11 %,–,,8 %,TOM • 1.247,23.08.–27.08.,,
INSA,23.08.2021,23 %,23 %,17 %,13 %,7 %,11 %,–,,6 %,O • 2.119,20.08.–23.08.,,
INSA,21.08.2021,22 %,22 %,17 %,13 %,7 %,12 %,–,,7 %,TOM • 1.352,16.08.–20.08.,,
INSA,16.08.2021,25 %,20 %,"17,5 %","12,5 %","6,5 %",11 %,–,,"7,5 %",O • 2.080,13.08.–16.08.,,
INSA,14.08.2021,25 %,20 %,18 %,12 %,7 %,11 %,–,,7 %,TOM • 1.450,09.08.–13.08.,,
INSA,09.08.2021,"25,5 %","17,5 %","17,5 %","12,5 %","6,5 %","11,5 %","3,5 %",,"5,5 %",O • 2.118,06.08.–09.08.,,
INSA,07.08.2021,26 %,18 %,18 %,12 %,7 %,11 %,–,,8 %,TOM • 2.002,02.08.–06.08.,,
INSA,02.08.2021,"27,5 %",18 %,18 %,13 %,7 %,11 %,–,,"5,5 %",O • 2.080,30.07.–02.08.,,
INSA,31.07.2021,27 %,17 %,18 %,13 %,6 %,11 %,–,,8 %,TOM • 1.196,26.07.–30.07.,,
INSA,26.07.2021,27 %,"17,5 %","17,5 %",13 %,6 %,12 %,–,,7 %,O • 2.007,23.07.–26.07.,,
INSA,24.07.2021,27 %,17 %,18 %,13 %,7 %,11 %,–,,7 %,TOM • 1.316,19.07.–23.07.,,
INSA,19.07.2021,29 %,"16,5 %",18 %,12 %,6 %,"11,5 %",–,,7 %,O • 2.064,16.07.–19.07.,,
INSA,17.07.2021,28 %,17 %,18 %,12 %,7 %,11 %,–,,7 %,TOM • 1.354,12.07.–16.07.,,
INSA,12.07.2021,28 %,17 %,17 %,"12,5 %",7 %,11 %,–,,"7,5 %",O • 2.087,09.07.–12.07.,,
INSA,10.07.2021,28 %,17 %,17 %,12 %,8 %,11 %,–,,7 %,TOM • 1.352,05.07.–09.07.,,
INSA,06.07.2021,29 %,"16,5 %",18 %,"12,5 %",7 %,10 %,–,,7 %,O • 2.056,02.07.–05.07.,,
INSA,04.07.2021,28 %,17 %,18 %,12 %,7 %,10 %,–,,8 %,TOM • 1.352,28.06.–02.07.,,
INSA,28.06.2021,"29,5 %",16 %,18 %,13 %,"7,5 %",11 %,–,,5 %,O • 2.060,25.06.–28.06.,,
INSA,27.06.2021,28 %,17 %,19 %,12 %,7 %,11 %,–,,6 %,TOM • 1.203,21.06.–25.06.,,
INSA,21.06.2021,"28,5 %","15,5 %",19 %,14 %,7 %,"10,5 %",–,,"5,5 %",O • 2.082,18.06.–21.06.,,
INSA,20.06.2021,28 %,16 %,20 %,13 %,6 %,11 %,–,,6 %,TOM • 1.502,14.06.–18.06.,,
INSA,14.06.2021,"27,5 %","16,5 %","19,5 %","13,5 %",6 %,11 %,–,,6 %,O • 2.038,11.06.–14.06.,,
INSA,12.06.2021,27 %,16 %,20 %,13 %,6 %,11 %,–,,7 %,TOM • 1.401,07.06.–11.06.,,
INSA,07.06.2021,"26,5 %","15,5 %","20,5 %","13,5 %",7 %,11 %,–,,6 %,O • 2.015,04.06.–07.06.,,
INSA,06.06.2021,26 %,17 %,21 %,12 %,6 %,12 %,–,,6 %,TOM • 1.380,31.05.–04.06.,,
INSA,31.05.2021,"25,5 %","15,5 %","21,5 %","13,5 %","6,5 %",11 %,–,,"6,5 %",O • 2.040,28.05.–31.05.,,
INSA,29.05.2021,25 %,16 %,22 %,13 %,7 %,12 %,–,,5 %,TOM • 1.301,25.05.–28.05.,,
INSA,25.05.2021,26 %,16 %,22 %,"12,5 %","6,5 %","11,5 %",–,,"5,5 %",O • 2.128,21.05.–25.05.,,
INSA,23.05.2021,24 %,17 %,23 %,13 %,6 %,12 %,–,,5 %,TOM • 1.405,17.05.–21.05.,,
INSA,17.05.2021,"25,5 %",16 %,23 %,"12,5 %","6,5 %",11 %,–,,"5,5 %",O • 2.023,14.05.–17.05.,,
INSA,16.05.2021,25 %,16 %,24 %,11 %,7 %,12 %,–,,5 %,TOM • 1.350,10.05.–14.05.,,
INSA,10.05.2021,"25,5 %",15 %,"23,5 %",12 %,"7,5 %",11 %,–,,"5,5 %",O • 2.055,07.05.–10.05.,,
INSA,03.05.2021,24 %,15 %,24 %,12 %,7 %,12 %,–,,6 %,O • 2.075,30.04.–03.05.,,
INSA,26.04.2021,23 %,16 %,23 %,12 %,8 %,12 %,–,,6 %,O • 2.082,23.04.–26.04.,,
INSA,23.04.2021,24 %,17 %,23 %,12 %,8 %,11 %,–,,5 %,O • 1.000,23.04.,,
INSA,20.04.2021,27 %,16 %,22 %,11 %,7 %,12 %,–,,5 %,O • 1.000,20.04.,,
INSA,20.04.2021,28 %,16 %,21 %,11 %,7 %,12 %,–,,5 %,O • 3.057,16.04.–19.04.,,
INSA,16.04.2021,28 %,18 %,20 %,10 %,8 %,12 %,–,,4 %,O • 1.007,15.04.,,
INSA,12.04.2021,"27,5 %",17 %,"20,5 %",10 %,7 %,12 %,–,,6 %,O • 3.174,09.04.–12.04.,,
INSA,05.04.2021,27 %,17 %,21 %,10 %,7 %,12 %,–,,6 %,O • 3.020,30.03.–01.04.,,
INSA,29.03.2021,26 %,18 %,21 %,"10,5 %",7 %,11 %,–,,"6,5 %",O • 3.049,26.03.–29.03.,,
INSA,22.03.2021,28 %,18 %,20 %,"10,5 %",7 %,11 %,–,,"5,5 %",O • 3.104,19.03.–22.03.,,
INSA,20.03.2021,28 %,18 %,20 %,10 %,8 %,11 %,–,,5 %,O • 1.042,19.03.,,
INSA,15.03.2021,"29,5 %",17 %,17 %,"10,5 %",8 %,"11,5 %",–,,"6,5 %",O • 2.068,12.03.–15.03.,,
INSA,08.03.2021,30 %,17 %,17 %,"10,5 %",9 %,"11,5 %",–,,5 %,O • 2.049,05.03.–08.03.,,
INSA,02.03.2021,"32,5 %",17 %,17 %,10 %,8 %,11 %,–,,"4,5 %",O • 2.032,26.02.–01.03.,,
INSA,23.02.2021,"33,5 %",16 %,17 %,9 %,8 %,11 %,–,,"5,5 %",O • 2.075,19.02.–22.02.,,
INSA,15.02.2021,"33,5 %",17 %,17 %,9 %,9 %,"10,5 %",–,,4 %,O • 2.051,12.02.–15.02.,,
INSA,08.02.2021,"34,5 %",16 %,"17,5 %",9 %,"8,5 %","10,5 %",–,,4 %,O • 2.107,05.02.–08.02.,,
INSA,02.02.2021,"36,5 %",15 %,17 %,8 %,"7,5 %",11 %,–,,5 %,O • 2.044,29.01.–01.02.,,
INSA,26.01.2021,35 %,16 %,17 %,8 %,8 %,10 %,–,,6 %,O • 2.038,22.01.–25.01.,,
INSA,18.01.2021,35 %,15 %,17 %,9 %,8 %,11 %,–,,5 %,O • 1.835,17.01.–18.01.,,
INSA,12.01.2021,36 %,15 %,18 %,"7,5 %",8 %,10 %,–,,"5,5 %",O • 2.042,08.01.–11.01.,,
INSA,05.01.2021,36 %,15 %,18 %,"7,5 %","7,5 %",11 %,–,,5 %,O • 2.072,01.01.–04.01.,,
INSA,05.01.2021,36 %,15 %,18 %,"7,5 %","7,5 %",11 %,–,,5 %,O • 2.072,01.01.–04.01.,,
INSA,22.12.2020,35 %,16 %,"16,5 %",8 %,"7,5 %",11 %,–,,6 %,O • 2.055,18.12.–21.12.,,
INSA,15.12.2020,36 %,17 %,17 %,7 %,"7,5 %",10 %,–,,"5,5 %",O • 2.002,11.12.–14.12.,,
INSA,08.12.2020,"35,5 %","15,5 %","17,5 %",8 %,"7,5 %",10 %,–,,6 %,O • 2.057,04.12.–07.12.,,
INSA,30.11.2020,"35,5 %","15,5 %","17,5 %","7,5 %",7 %,11 %,–,,6 %,O • 2.046,27.11.–30.11.,,
INSA,24.11.2020,36 %,"15,5 %","17,5 %",7 %,7 %,11 %,–,,6 %,O • 2.063,20.11.–23.11.,,
INSA,17.11.2020,"36,5 %","15,5 %","17,5 %",7 %,"7,5 %",11 %,–,,5 %,O • 2.077,13.11.–16.11.,,
INSA,10.11.2020,"34,5 %","15,5 %","17,5 %",7 %,"7,5 %",12 %,–,,6 %,O • 2.030,06.11.–09.11.,,
INSA,03.11.2020,"34,5 %","15,5 %",18 %,"6,5 %","8,5 %",11 %,–,,6 %,O • 2.035,30.10.–02.11.,,
INSA,27.10.2020,"35,5 %","14,5 %","17,5 %","6,5 %","7,5 %",12 %,–,,"6,5 %",O • 2.069,23.10.–26.10.,,
INSA,20.10.2020,35 %,"14,5 %",18 %,"7,5 %",8 %,"11,5 %",–,,"5,5 %",O • 2.074,16.10.–19.10.,,
INSA,13.10.2020,35 %,"14,5 %","18,5 %",7 %,8 %,11 %,–,,6 %,O • 2.084,09.10.–12.10.,,
INSA,06.10.2020,36 %,"14,5 %","18,5 %",6 %,7 %,"11,5 %",–,,"6,5 %",O • 2.058,02.10.–05.10.,,
INSA,29.09.2020,35 %,"15,5 %",19 %,"6,5 %","6,5 %","11,5 %",–,,6 %,O • 2.065,25.09.–28.09.,,
INSA,22.09.2020,35 %,"15,5 %","17,5 %","6,5 %","7,5 %",12 %,–,,6 %,O • 2.067,18.09.–21.09.,,
INSA,15.09.2020,"35,5 %",16 %,17 %,7 %,"7,5 %","11,5 %",–,,"5,5 %",O • 2.036,11.09.–14.09.,,
INSA,08.09.2020,35 %,16 %,18 %,"6,5 %",8 %,11 %,–,,"5,5 %",O • 2.068,04.09.–07.09.,,
INSA,01.09.2020,"36,5 %",16 %,"17,5 %",6 %,"7,5 %",11 %,–,,"5,5 %",O • 2.068,28.08.–31.08.,,
INSA,25.08.2020,"35,5 %",17 %,16 %,"6,5 %",9 %,11 %,–,,5 %,O • 2.067,21.08.–24.08.,,
INSA,18.08.2020,36 %,18 %,16 %,6 %,8 %,11 %,–,,5 %,O • 2.101,14.08.–17.08.,,
INSA,12.08.2020,36 %,18 %,15 %,7 %,9 %,11 %,–,,4 %,O • 1.012,11.08.,,
INSA,11.08.2020,"36,5 %",16 %,16 %,"6,5 %","8,5 %",11 %,–,,"5,5 %",O • 2.036,07.08.–10.08.,,
INSA,04.08.2020,"36,5 %",15 %,"16,5 %","6,5 %","8,5 %",11 %,–,,6 %,O • 2.090,31.07.–03.08.,,
INSA,28.07.2020,"36,5 %",15 %,16 %,7 %,8 %,11 %,–,,"6,5 %",O • 2.039,24.07.–27.07.,,
INSA,21.07.2020,"36,5 %",16 %,16 %,"7,5 %","7,5 %",10 %,–,,"6,5 %",O • 2.049,17.07.–20.07.,,
INSA,14.07.2020,37 %,"14,5 %","16,5 %",7 %,"8,5 %",11 %,–,,"5,5 %",O • 2.051,10.07.–13.07.,,
INSA,07.07.2020,36 %,15 %,17 %,7 %,8 %,11 %,–,,6 %,O • 2.040,03.07.–06.07.,,
INSA,30.06.2020,"36,5 %",16 %,17 %,7 %,8 %,"10,5 %",–,,5 %,O • 2.051,26.06.–29.06.,,
INSA,22.06.2020,"36,5 %",15 %,"18,5 %",6 %,"8,5 %",10 %,–,,"5,5 %",O • 2.058,19.06.–22.06.,,
INSA,15.06.2020,37 %,15 %,18 %,7 %,8 %,10 %,–,,5 %,O • 2.069,12.06.–15.06.,,
INSA,09.06.2020,38 %,14 %,"17,5 %","6,5 %","8,5 %",10 %,–,,"5,5 %",O • 2.051,05.06.–08.06.,,
INSA,02.06.2020,"38,5 %",14 %,18 %,"5,5 %",8 %,10 %,–,,6 %,O • 2.047,29.05.–02.06.,,
INSA,25.05.2020,37 %,15 %,18 %,6 %,8 %,"9,5 %",–,,"6,5 %",O • 2.062,22.05.–25.05.,,
INSA,18.05.2020,37 %,14 %,18 %,6 %,"7,5 %","10,5 %",–,,7 %,O • 2.092,15.05.–18.05.,,
INSA,12.05.2020,"37,5 %",14 %,"16,5 %","6,5 %","7,5 %",11 %,–,,7 %,O • 2.061,08.05.–11.05.,,
INSA,04.05.2020,"37,5 %",15 %,17 %,6 %,"7,5 %",11 %,–,,6 %,O • 2.101,01.05.–04.05.,,
INSA,28.04.2020,38 %,"15,5 %",16 %,7 %,7 %,"10,5 %",–,,6 %,O • 2.071,24.04.–27.04.,,
INSA,21.04.2020,"38,5 %",15 %,16 %,7 %,"7,5 %","10,5 %",–,,"5,5 %",O • 2.054,17.04.–20.04.,,
INSA,14.04.2020,"37,5 %",16 %,16 %,7 %,"7,5 %","10,5 %",–,,"5,5 %",O • 2.108,09.04.–14.04.,,
INSA,06.04.2020,38 %,16 %,18 %,"5,5 %",7 %,10 %,–,,"5,5 %",O • 2.062,03.04.–06.04.,,
INSA,31.03.2020,35 %,15 %,18 %,"6,5 %","7,5 %",12 %,–,,6 %,O • 2.061,27.03.–30.03.,,
INSA,23.03.2020,"33,5 %",15 %,20 %,"6,5 %",7 %,12 %,–,,6 %,O • 2.070,20.03.–23.03.,,
INSA,16.03.2020,"28,5 %","14,5 %",23 %,"6,5 %","9,5 %",13 %,–,,5 %,O • 2.049,13.03.–16.03.,,
INSA,09.03.2020,"26,5 %","15,5 %",22 %,"6,5 %","9,5 %",14 %,–,,6 %,O • 2.050,06.03.–09.03.,,
INSA,03.03.2020,"26,5 %",16 %,23 %,6 %,10 %,"13,5 %",–,,5 %,O • 2.061,28.02.–02.03.,,
INSA,25.02.2020,"26,5 %","14,5 %",22 %,7 %,"10,5 %",13 %,–,,"6,5 %",O • 2.033,21.02.–24.02.,,
INSA,18.02.2020,"26,5 %","14,5 %","20,5 %","7,5 %","9,5 %",15 %,–,,"6,5 %",O • 2.065,14.02.–17.02.,,
INSA,11.02.2020,"27,5 %","12,5 %",22 %,8 %,10 %,14 %,–,,6 %,O • 2.086,07.02.–10.02.,,
INSA,03.02.2020,28 %,13 %,22 %,9 %,8 %,14 %,–,,6 %,O • 2.059,31.01.–03.02.,,
INSA,27.01.2020,27 %,14 %,"20,5 %",9 %,"8,5 %",15 %,–,,6 %,O • 2.081,24.01.–27.01.,,
INSA,21.01.2020,"27,5 %",13 %,21 %,"8,5 %","9,5 %",15 %,–,,"5,5 %",O • 2.122,17.01.–20.01.,,
INSA,14.01.2020,27 %,"12,5 %",21 %,"9,5 %",9 %,15 %,–,,6 %,O • 2.040,10.01.–13.01.,,
INSA,06.01.2020,29 %,13 %,"21,5 %",9 %,"8,5 %",14 %,–,,5 %,O • 2.048,03.01.–06.01.,,
INSA,24.12.2019,28 %,13 %,21 %,10 %,8 %,15 %,–,,5 %,O • 2.034,20.12.–23.12.,,
INSA,16.12.2019,27 %,13 %,21 %,"8,5 %","9,5 %",15 %,–,,6 %,O • 2.020,13.12.–16.12.,,
INSA,09.12.2019,28 %,14 %,"20,5 %","8,5 %","8,5 %",15 %,–,,"5,5 %",O • 2.052,06.12.–09.12.,,
INSA,02.12.2019,"26,5 %","13,5 %","21,5 %","8,5 %",9 %,15 %,–,,6 %,O • 2.060,29.11.–02.12.,,
INSA,26.11.2019,"26,5 %","14,5 %",22 %,"8,5 %","9,5 %",14 %,–,,5 %,O • 2.069,22.11.–25.11.,,
INSA,18.11.2019,25 %,"15,5 %",21 %,"8,5 %",10 %,15 %,–,,5 %,O • 4.115,15.11.–18.11.,,
INSA,12.11.2019,"25,5 %","15,5 %","20,5 %",8 %,"9,5 %",15 %,–,,6 %,O • 2.096,08.11.–11.11.,,
INSA,04.11.2019,"25,5 %","13,5 %",21 %,8 %,10 %,16 %,–,,6 %,O • 2.047,01.11.–04.11.,,
INSA,29.10.2019,26 %,"13,5 %",23 %,"7,5 %",9 %,"15,5 %",–,,"5,5 %",O • 2.042,25.10.–28.10.,,
INSA,22.10.2019,27 %,"13,5 %","22,5 %","7,5 %",9 %,15 %,–,,"5,5 %",O • 2.041,18.10.–21.10.,,
INSA,15.10.2019,28 %,14 %,"21,5 %","7,5 %",8 %,15 %,–,,6 %,O • 2.052,11.10.–14.10.,,
INSA,08.10.2019,27 %,13 %,21 %,"8,5 %",9 %,16 %,–,,"5,5 %",O • 2.059,04.10.–07.10.,,
INSA,30.09.2019,"26,5 %",13 %,22 %,8 %,8 %,16 %,–,,"6,5 %",O • 2.058,27.09.–30.09.,,
INSA,23.09.2019,26 %,14 %,22 %,8 %,8 %,16 %,–,,6 %,O • 2.052,20.09.–23.09.,,
INSA,16.09.2019,"26,5 %","13,5 %","22,5 %","7,5 %","7,5 %",16 %,–,,"6,5 %",O • 2.053,13.09.–16.09.,,
INSA,10.09.2019,27 %,"13,5 %",22 %,8 %,"7,5 %","15,5 %",–,,"6,5 %",O • 2.033,06.09.–09.09.,,
INSA,02.09.2019,26 %,"14,5 %","23,5 %","8,5 %",7 %,15 %,–,,"5,5 %",O • 2.017,30.08.–02.09.,,
INSA,26.08.2019,26 %,13 %,24 %,8 %,8 %,15 %,–,,6 %,O • 2.058,23.08.–26.08.,,
INSA,20.08.2019,"26,5 %",13 %,"24,5 %",9 %,8 %,"14,5 %",–,,"4,5 %",O • 2.056,16.08.–19.08.,,
INSA,13.08.2019,"27,5 %",12 %,"23,5 %",9 %,8 %,"14,5 %",–,,"5,5 %",O • 2.060,09.08.–11.08.,,
INSA,05.08.2019,"27,5 %","11,5 %","23,5 %",9 %,9 %,15 %,–,,"4,5 %",O • 2.049,02.08.–05.08.,,
INSA,30.07.2019,27 %,"12,5 %","24,5 %",9 %,8 %,"14,5 %",–,,"4,5 %",O • 2.036,26.07.–29.07.,,
INSA,22.07.2019,"28,5 %","12,5 %","22,5 %",8 %,8 %,"14,5 %",–,,6 %,O • 2.081,19.07.–22.07.,,
INSA,15.07.2019,26 %,14 %,23 %,9 %,9 %,14 %,–,,5 %,O • 2.043,12.07.–15.07.,,
INSA,09.07.2019,27 %,"13,5 %",24 %,8 %,"8,5 %",14 %,–,,5 %,O • 2.069,05.07.–08.07.,,
INSA,01.07.2019,27 %,13 %,24 %,8 %,8 %,14 %,–,,6 %,O • 2.053,28.06.–01.07.,,
INSA,25.06.2019,"25,5 %","12,5 %","25,5 %","8,5 %",9 %,"13,5 %",–,,"5,5 %",O • 2.078,21.06.–24.06.,,
INSA,18.06.2019,25 %,13 %,25 %,9 %,9 %,"13,5 %",–,,"5,5 %",O • 2.060,14.06.–17.06.,,
INSA,11.06.2019,24 %,13 %,"26,5 %",9 %,"7,5 %","13,5 %",–,,"6,5 %",O • 2.074,07.06.–10.06.,,
INSA,03.06.2019,26 %,14 %,25 %,8 %,8 %,13 %,–,,6 %,O • 1.000,03.06.,,
INSA,28.05.2019,"27,5 %","15,5 %",19 %,"9,5 %",9 %,"13,5 %",–,,6 %,O • 2.039,24.05.–27.05.,,
INSA,21.05.2019,28 %,"15,5 %","18,5 %",10 %,9 %,14 %,–,,5 %,O • 2.074,17.05.–20.05.,,
INSA,13.05.2019,"28,5 %",16 %,19 %,"9,5 %",9 %,14 %,–,,4 %,O • 2.044,10.05.–13.05.,,
INSA,07.05.2019,"28,5 %",16 %,20 %,9 %,"8,5 %",14 %,–,,4 %,O • 2.089,03.05.–06.05.,,
INSA,29.04.2019,28 %,16 %,19 %,10 %,9 %,14 %,–,,4 %,O • 2.005,26.04.–29.04.,,
INSA,23.04.2019,30 %,16 %,17 %,10 %,10 %,14 %,–,,3 %,O • 1.005,18.04.–21.04.,,
INSA,15.04.2019,"30,5 %","15,5 %",18 %,9 %,9 %,14 %,–,,4 %,O • 2.013,12.04.–15.04.,,
INSA,09.04.2019,29 %,"15,5 %",19 %,10 %,"8,5 %",14 %,–,,4 %,O • 2.040,05.04.–08.04.,,
INSA,01.04.2019,"29,5 %","16,5 %","17,5 %",10 %,"8,5 %","13,5 %",–,,"4,5 %",O • 4.000,28.03.–01.04.,,
INSA,26.03.2019,"30,5 %","15,5 %","17,5 %",9 %,9 %,"13,5 %",–,,5 %,O • 2.012,22.03.–25.03.,,
INSA,18.03.2019,"29,5 %",16 %,"17,5 %",9 %,9 %,"14,5 %",–,,"4,5 %",O • 2.030,15.03.–18.03.,,
INSA,12.03.2019,"30,5 %",15 %,"17,5 %",10 %,9 %,"14,5 %",–,,"3,5 %",O • 2.005,08.03.–11.03.,,
INSA,03.03.2019,29 %,17 %,"15,5 %",10 %,10 %,"14,5 %",–,,4 %,O • 4.000,27.02.–01.03.,,
INSA,26.02.2019,"29,5 %",18 %,"15,5 %","9,5 %",9 %,14 %,–,,"4,5 %",O • 2.048,22.02.–25.02.,,
INSA,18.02.2019,30 %,18 %,15 %,9 %,"9,5 %",14 %,–,,"4,5 %",O • 2.046,15.02.–18.02.,,
INSA,11.02.2019,"29,5 %","15,5 %","18,5 %","8,5 %","10,5 %",14 %,–,,"3,5 %",O • 2.051,08.02.–11.02.,,
INSA,05.02.2019,30 %,"14,5 %","18,5 %","8,5 %","10,5 %",14 %,–,,4 %,O • 2.034,01.02.–04.02.,,
INSA,28.01.2019,30 %,15 %,18 %,9 %,10 %,14 %,–,,4 %,O • 2.056,25.01.–28.01.,,
INSA,21.01.2019,31 %,"13,5 %","19,5 %","9,5 %","9,5 %",13 %,–,,4 %,O • 2.044,18.01.–21.01.,,
INSA,14.01.2019,29 %,"14,5 %",18 %,"9,5 %","10,5 %","14,5 %",–,,4 %,O • 2.028,11.01.–14.01.,,
INSA,08.01.2019,30 %,15 %,17 %,10 %,10 %,15 %,–,,3 %,O • 2.056,05.01.–07.01.,,
INSA,04.01.2019,29 %,15 %,18 %,10 %,10 %,14 %,–,,4 %,O • 1.026,02.01.–03.01.,,
INSA,22.12.2018,29 %,14 %,19 %,9 %,9 %,15 %,–,,5 %,O • 1.029,20.12.–21.12.,,
INSA,18.12.2018,29 %,15 %,18 %,"9,5 %","9,5 %",15 %,–,,4 %,O • 2.077,14.12.–17.12.,,
INSA,10.12.2018,29 %,15 %,17 %,10 %,10 %,15 %,–,,4 %,O • 2.047,08.12.–10.12.,,
INSA,03.12.2018,"27,5 %","13,5 %",18 %,"9,5 %",11 %,16 %,–,,"4,5 %",O • 2.069,30.11.–03.12.,,
INSA,26.11.2018,"27,5 %",14 %,19 %,"8,5 %",10 %,16 %,–,,5 %,O • 2.062,23.11.–26.11.,,
INSA,19.11.2018,"25,5 %","14,5 %",20 %,"9,5 %",10 %,"15,5 %",–,,5 %,O • 2.047,16.11.–19.11.,,
INSA,12.11.2018,"25,5 %",14 %,20 %,9 %,10 %,"16,5 %",–,,5 %,O • 2.070,09.11.–12.11.,,
INSA,05.11.2018,"24,5 %","13,5 %",19 %,10 %,11 %,"16,5 %",–,,"5,5 %",O • 3.183,02.11.–05.11.,,
INSA,29.10.2018,25 %,14 %,20 %,"9,5 %",11 %,"16,5 %",–,,4 %,O • 2.052,26.10.–29.10.,,
INSA,23.10.2018,26 %,15 %,19 %,9 %,"10,5 %",17 %,–,,"3,5 %",O • 2.061,19.10.–22.10.,,
INSA,16.10.2018,"26,5 %",15 %,17 %,"9,5 %","10,5 %",18 %,–,,"3,5 %",O • 2.061,12.10.–15.10.,,
INSA,09.10.2018,26 %,16 %,15 %,10 %,11 %,18 %,–,,4 %,O • 2.054,05.10.–08.10.,,
INSA,01.10.2018,26 %,16 %,"14,5 %",10 %,"11,5 %","18,5 %",–,,"3,5 %",O • 2.041,28.09.–01.10.,,
INSA,24.09.2018,27 %,16 %,"14,5 %",10 %,"11,5 %",18 %,–,,3 %,O • 2.051,21.09.–24.09.,,
INSA,21.09.2018,"27,5 %","16,5 %","14,5 %",10 %,11 %,"17,5 %",–,,3 %,O • 1.040,19.09.,,
INSA,17.09.2018,"28,5 %",17 %,13 %,9 %,"10,5 %","17,5 %",–,,"4,5 %",O • 2.054,14.09.–17.09.,,
INSA,11.09.2018,28 %,17 %,"13,5 %",9 %,"10,5 %","17,5 %",–,,"4,5 %",O • 2.042,07.09.–10.09.,,
INSA,03.09.2018,"28,5 %",16 %,"13,5 %","9,5 %",10 %,17 %,–,,"5,5 %",O • 2.069,31.08.–03.09.,,
INSA,28.08.2018,28 %,"16,5 %","13,5 %",10 %,"10,5 %","16,5 %",–,,5 %,O • 2.079,24.08.–27.08.,,
INSA,21.08.2018,28 %,"16,5 %","13,5 %",10 %,12 %,16 %,–,,4 %,O • 3.129,16.08.–20.08.,,
INSA,14.08.2018,29 %,"17,5 %","12,5 %","9,5 %",11 %,17 %,–,,"3,5 %",O • 2.034,10.08.–13.08.,,
INSA,07.08.2018,30 %,17 %,"12,5 %","8,5 %",11 %,17 %,–,,4 %,O • 2.096,03.08.–06.08.,,
INSA,31.07.2018,29 %,18 %,12 %,9 %,"10,5 %","17,5 %",–,,4 %,O • 2.074,27.07.–30.07.,,
INSA,24.07.2018,29 %,18 %,12 %,9 %,"10,5 %","17,5 %",–,,4 %,O • 2.056,20.07.–23.07.,,
INSA,16.07.2018,29 %,17 %,13 %,"9,5 %",10 %,"17,5 %",–,,4 %,O • 2.084,13.07.–16.07.,,
INSA,09.07.2018,29 %,17 %,12 %,"9,5 %",11 %,"17,5 %",–,,4 %,O • 2.061,06.07.–09.07.,,
INSA,03.07.2018,29 %,19 %,12 %,9 %,11 %,"16,5 %",–,,"3,5 %",O • 2.089,29.06.–02.07.,,
INSA,26.06.2018,29 %,"19,5 %",11 %,9 %,11 %,16 %,–,,"4,5 %",O • 2.036,22.06.–25.06.,,
INSA,19.06.2018,29 %,19 %,11 %,8 %,12 %,16 %,–,,5 %,O • 2.060,15.06.–18.06.,,
INSA,12.06.2018,31 %,17 %,11 %,8 %,12 %,16 %,–,,5 %,O • 2.038,08.06.–11.06.,,
INSA,04.06.2018,32 %,17 %,11 %,8 %,"11,5 %",16 %,–,,"4,5 %",O • 2.067,01.06.–04.06.,,
INSA,29.05.2018,32 %,17 %,"11,5 %",8 %,12 %,"15,5 %",–,,4 %,O • 2.062,25.05.–28.05.,,
INSA,23.05.2018,"32,5 %","16,5 %","11,5 %",8 %,11 %,"15,5 %",–,,5 %,O • 2.044,18.05.–22.05.,,
INSA,14.05.2018,"32,5 %",17 %,"11,5 %",8 %,11 %,"15,5 %",–,,"4,5 %",O • 2.098,11.05.–14.05.,,
INSA,08.05.2018,"32,5 %",17 %,"11,5 %","8,5 %","10,5 %","15,5 %",–,,"4,5 %",O • 2.065,04.05.–07.05.,,
INSA,30.04.2018,33 %,17 %,"11,5 %",9 %,"10,5 %","15,5 %",–,,"3,5 %",O • 2.097,27.04.–30.04.,,
INSA,24.04.2018,"31,5 %",18 %,12 %,"9,5 %","10,5 %","15,5 %",–,,3 %,O • 2.091,20.04.–23.04.,,
INSA,17.04.2018,"31,5 %","18,5 %","11,5 %",9 %,11 %,15 %,–,,"3,5 %",O • 2.054,13.04.–16.04.,,
INSA,10.04.2018,"31,5 %","17,5 %","11,5 %",9 %,12 %,"15,5 %",–,,3 %,O • 2.048,06.04.–09.04.,,
INSA,03.04.2018,32 %,18 %,10 %,10 %,12 %,15 %,–,,3 %,O • 1.074,29.03.–31.03.,,
INSA,26.03.2018,"32,5 %",17 %,"10,5 %",10 %,12 %,15 %,–,,3 %,O • 2.051,23.03.–26.03.,,
INSA,20.03.2018,32 %,"17,5 %","10,5 %",10 %,12 %,15 %,–,,3 %,O • 2.066,16.03.–19.03.,,
INSA,13.03.2018,32 %,"17,5 %",11 %,"9,5 %",12 %,15 %,–,,3 %,O • 2.033,09.03.–12.03.,,
INSA,05.03.2018,33 %,15 %,12 %,10 %,12 %,15 %,–,,3 %,O • 1.052,05.03.,,
INSA,26.02.2018,"32,5 %","15,5 %",12 %,9 %,12 %,16 %,–,,3 %,O • 1.063,23.02.–26.02.,,
INSA,19.02.2018,32 %,"15,5 %",13 %,9 %,11 %,16 %,–,,"3,5 %",O • 2.040,16.02.–19.02.,,
INSA,12.02.2018,"29,5 %","16,5 %",13 %,"10,5 %","11,5 %",15 %,–,,4 %,O • 2.608,09.02.–12.02.,,
INSA,05.02.2018,"30,5 %",17 %,"12,5 %",10 %,11 %,15 %,–,,4 %,O • 2.034,02.02.–05.02.,,
INSA,29.01.2018,"33,5 %","17,5 %",11 %,9 %,11 %,14 %,–,,4 %,O • 2.073,26.01.–29.01.,,
INSA,23.01.2018,"31,5 %",18 %,10 %,10 %,11 %,14 %,–,,"5,5 %",O • 1.169,22.01.,,
INSA,15.01.2018,"31,5 %","18,5 %",10 %,"9,5 %","11,5 %",14 %,–,,5 %,O • 2.000,12.01.–15.01.,,
INSA,08.01.2018,"31,5 %","19,5 %",10 %,10 %,11 %,"13,5 %",–,,"4,5 %",O • 2.028,05.01.–08.01.,,
INSA,02.01.2018,"32,5 %","19,5 %",10 %,10 %,11 %,13 %,–,,4 %,O • 2.012,29.12.–02.01.,,
INSA,23.12.2017,33 %,"20,5 %","9,5 %","10,5 %",10 %,13 %,–,,"3,5 %",O • 2.203,21.12.–22.12.,,
INSA,19.12.2017,31 %,21 %,10 %,9 %,11 %,14 %,–,,4 %,O • 2.031,15.12.–18.12.,,
INSA,12.12.2017,31 %,22 %,"10,5 %",9 %,"10,5 %","13,5 %",–,,"3,5 %",O • 2.013,08.12.–11.12.,,
INSA,05.12.2017,31 %,22 %,10 %,10 %,11 %,13 %,–,,3 %,O • 2.063,01.12.–04.12.,,
INSA,27.11.2017,32 %,22 %,10 %,10 %,10 %,13 %,–,,3 %,O • 2.003,24.11.–27.11.,,
INSA,23.11.2017,32 %,21 %,10 %,12 %,10 %,12 %,–,,3 %,O • 1.069,21.11.–22.11.,,
INSA,21.11.2017,30 %,21 %,10 %,11 %,11 %,14 %,–,,3 %,O • 1.034,20.11.,,
INSA,21.11.2017,31 %,21 %,"9,5 %",10 %,"11,5 %",14 %,–,,3 %,O • 2.027,17.11.–19.11.,,
INSA,14.11.2017,32 %,20 %,9 %,"10,5 %","10,5 %","13,5 %",–,,"4,5 %",O • 2.049,10.11.–13.11.,,
INSA,07.11.2017,31 %,22 %,"8,5 %","10,5 %","10,5 %","13,5 %",–,,4 %,O • 2.023,03.11.–06.11.,,
INSA,30.10.2017,31 %,21 %,10 %,11 %,10 %,13 %,–,,4 %,O • 1.024,27.10.–28.10.,,
INSA,24.10.2017,33 %,21 %,9 %,10 %,10 %,13 %,–,,4 %,O • 1.002,23.10.–23.10.,,
INSA,16.10.2017,32 %,"21,5 %","9,5 %",10 %,9 %,13 %,–,,5 %,O • 2.011,13.10.–16.10.,,
INSA,10.10.2017,32 %,22 %,9 %,11 %,9 %,13 %,–,,4 %,O • 2.015,06.10.–09.10.,,
INSA,01.10.2017,31 %,21 %,10 %,12 %,9 %,13 %,–,,4 %,O • 1.071,27.09.–28.09.,,
INSA,22.09.2017,34 %,21 %,8 %,9 %,11 %,13 %,–,,4 %,O • 2.000,21.09.–22.09.,–,
INSA,18.09.2017,36 %,22 %,7 %,9 %,11 %,11 %,–,,4 %,O • 2.042,15.09.–18.09.,–,
INSA,11.09.2017,"36,5 %","23,5 %",6 %,9 %,"10,5 %",11 %,–,,"3,5 %",O • 2.054,08.09.–11.09.,–,
INSA,04.09.2017,"36,5 %","23,5 %","6,5 %","8,5 %",10 %,"10,5 %",–,,"4,5 %",O • 2.048,01.09.–04.09.,–,
INSA,29.08.2017,37 %,24 %,"6,5 %",8 %,10 %,10 %,–,,"4,5 %",O • 2.034,25.08.–28.08.,–,
INSA,22.08.2017,38 %,24 %,7 %,9 %,9 %,10 %,–,,3 %,O • 2.036,18.08.–21.08.,–,
INSA,15.08.2017,37 %,25 %,7 %,9 %,9 %,10 %,–,,3 %,O • 2.025,11.08.–14.08.,–,
INSA,07.08.2017,37 %,25 %,"6,5 %",9 %,"10,5 %",9 %,–,,3 %,O • 2.046,04.08.–07.08.,–,
INSA,01.08.2017,37 %,"24,5 %",7 %,9 %,10 %,"9,5 %",–,,3 %,O • 2.046,28.07.–31.07.,–,
INSA,25.07.2017,"37,5 %",25 %,"6,5 %","8,5 %","10,5 %",9 %,–,,3 %,O • 2.009,21.07.–24.07.,–,
INSA,18.07.2017,36 %,25 %,"6,5 %","8,5 %","9,5 %",10 %,–,,"4,5 %",O • 2.026,14.07.–17.07.,–,
INSA,10.07.2017,36 %,25 %,"6,5 %",9 %,"9,5 %","9,5 %",–,,"4,5 %",O • 2.009,07.07.–10.07.,–,
INSA,03.07.2017,"36,5 %",25 %,"6,5 %",9 %,"10,5 %",9 %,–,,"3,5 %",O • 2.044,30.06.–03.07.,–,
INSA,27.06.2017,37 %,26 %,"6,5 %",9 %,10 %,"8,5 %",–,,3 %,O • 2.056,23.06.–26.06.,–,
INSA,20.06.2017,"36,5 %",25 %,"6,5 %",9 %,11 %,9 %,–,,3 %,O • 2.040,16.06.–19.06.,–,
INSA,12.06.2017,"37,5 %","23,5 %","6,5 %",9 %,11 %,9 %,–,,"3,5 %",O • 2.051,09.06.–12.06.,–,
INSA,06.06.2017,38 %,23 %,7 %,9 %,11 %,8 %,–,,4 %,O • 2.037,02.06.–06.06.,–,
INSA,29.05.2017,"35,5 %",26 %,6 %,10 %,10 %,9 %,–,,"3,5 %",O • 2.053,26.05.–29.05.,–,
INSA,22.05.2017,"36,5 %",26 %,6 %,"9,5 %",10 %,8 %,–,,4 %,O • 2.042,19.05.–22.05.,–,
INSA,16.05.2017,36 %,27 %,6 %,8 %,9 %,10 %,–,,4 %,O • 2.037,12.05.–15.05.,–,
INSA,09.05.2017,35 %,27 %,7 %,7 %,10 %,10 %,–,,4 %,O • 2.067,05.05.–08.05.,–,
INSA,02.05.2017,34 %,"28,5 %","6,5 %",7 %,"10,5 %",9 %,–,,"4,5 %",O • 2.035,28.04.–02.05.,–,
INSA,25.04.2017,34 %,30 %,"6,5 %","6,5 %","9,5 %",10 %,–,,"3,5 %",O • 2.041,21.04.–24.04.,–,
INSA,19.04.2017,34 %,"30,5 %",6 %,"6,5 %",9 %,10 %,–,,4 %,O • 2.038,14.04.–18.04.,–,
INSA,10.04.2017,33 %,"31,5 %","6,5 %","6,5 %","8,5 %",10 %,–,,4 %,O • 2.030,07.04.–10.04.,–,
INSA,03.04.2017,32 %,"32,5 %","6,5 %","6,5 %",9 %,9 %,–,,"4,5 %",O • 2.033,31.03.–03.04.,–,
INSA,27.03.2017,32 %,32 %,"6,5 %",6 %,"8,5 %",11 %,–,,4 %,O • 2.034,24.03.–27.03.,–,
INSA,20.03.2017,31 %,32 %,"6,5 %","6,5 %","8,5 %","11,5 %",–,,4 %,O • 1.933,17.03.–20.03.,–,
INSA,13.03.2017,31 %,31 %,"6,5 %",7 %,"8,5 %","11,5 %",–,,"4,5 %",O • 2.051,10.03.–13.03.,–,
INSA,07.03.2017,"30,5 %","31,5 %","6,5 %","7,5 %","8,5 %",11 %,–,,"4,5 %",O • 2.022,03.03.–06.03.,–,
INSA,28.02.2017,"30,5 %",32 %,"6,5 %",7 %,8 %,11 %,–,,5 %,O • 2.004,24.02.–27.02.,–,
INSA,21.02.2017,"31,5 %",30 %,"6,5 %","5,5 %","9,5 %",11 %,–,,6 %,O • 2.030,17.02.–20.02.,–,
INSA,13.02.2017,30 %,31 %,7 %,5 %,10 %,12 %,–,,5 %,O • 2.028,10.02.–13.02.,–,
INSA,06.02.2017,30 %,31 %,7 %,6 %,10 %,12 %,–,,4 %,O • 2.042,03.02.–06.02.,–,
INSA,02.02.2017,Zur telefonischen Umfrage (CATI) von INSA,Zur telefonischen Umfrage (CATI) von INSA,Zur telefonischen Umfrage (CATI) von INSA,Zur telefonischen Umfrage (CATI) von INSA,Zur telefonischen Umfrage (CATI) von INSA,Zur telefonischen Umfrage (CATI) von INSA,Zur telefonischen Umfrage (CATI) von INSA,,Zur telefonischen Umfrage (CATI) von INSA,Zur telefonischen Umfrage (CATI) von INSA,31.01.–01.02.,Zur telefonischen Umfrage (CATI) von INSA,
INSA,30.01.2017,"32,5 %",26 %,"7,5 %","6,5 %","10,5 %",13 %,–,,4 %,O • 2.088,27.01.–30.01.,–,
INSA,23.01.2017,"32,5 %",21 %,"8,5 %","7,5 %",11 %,"14,5 %",–,,5 %,O • 1.992,20.01.–23.01.,–,
INSA,17.01.2017,"33,5 %",21 %,"8,5 %","7,5 %",11 %,"13,5 %",–,,5 %,O • 2.031,13.01.–16.01.,–,
INSA,09.01.2017,32 %,21 %,9 %,7 %,11 %,15 %,–,,5 %,O • 2.054,06.01.–09.01.,–,
INSA,03.01.2017,32 %,21 %,10 %,6 %,"11,5 %",15 %,–,,"4,5 %",O • 2.099,30.12.–02.01.,–,
INSA,23.12.2016,"31,5 %","20,5 %",10 %,6 %,"11,5 %","15,5 %",–,,5 %,O • 2.083,21.12.–23.12.,–,
INSA,20.12.2016,33 %,"21,5 %",10 %,"6,5 %","11,5 %",13 %,–,,"4,5 %",O • 2.116,16.12.–19.12.,–,
INSA,13.12.2016,32 %,"21,5 %","11,5 %","5,5 %",12 %,13 %,–,,"4,5 %",O • 1.455,09.12.–12.12.,–,
INSA,06.12.2016,32 %,"22,5 %","10,5 %",5 %,"11,5 %",14 %,–,,"4,5 %",O • 2.080,02.12.–05.12.,–,
INSA,28.11.2016,"32,5 %",22 %,10 %,"5,5 %","11,5 %","13,5 %",–,,5 %,O • 2.097,25.11.–28.11.,–,
INSA,22.11.2016,"31,5 %",22 %,"10,5 %","5,5 %","10,5 %",15 %,–,,5 %,O • 2.030,18.11.–21.11.,–,
INSA,14.11.2016,30 %,"22,5 %","10,5 %","6,5 %","11,5 %","14,5 %",–,,"4,5 %",O • 2.037,11.11.–14.11.,–,
INSA,08.11.2016,"30,5 %",22 %,11 %,7 %,"10,5 %","13,5 %",–,,"5,5 %",O • 2.045,04.11.–07.11.,–,
INSA,02.11.2016,"30,5 %","22,5 %",11 %,"6,5 %","11,5 %",13 %,–,,5 %,O • 2.037,28.10.–02.11.,–,
INSA,25.10.2016,"30,5 %","22,5 %","11,5 %",6 %,"11,5 %",14 %,–,,4 %,O • 2.043,21.10.–24.10.,–,
INSA,18.10.2016,"29,5 %","21,5 %",12 %,"6,5 %","12,5 %","13,5 %",–,,"4,5 %",O • 2.077,14.10.–17.10.,–,
INSA,10.10.2016,"29,5 %",22 %,11 %,"6,5 %",12 %,15 %,–,,4 %,O • 2.085,07.10.–10.10.,–,
INSA,05.10.2016,30 %,21 %,"11,5 %",7 %,"11,5 %",15 %,–,,4 %,O • 2.049,30.09.–03.10.,–,
INSA,27.09.2016,30 %,21 %,10 %,7 %,11 %,"15,5 %",–,,"5,5 %",O • 2.048,23.09.–26.09.,–,
INSA,19.09.2016,30 %,22 %,11 %,7 %,10 %,15 %,–,,5 %,O • 2.069,16.09.–19.09.,–,
INSA,13.09.2016,"30,5 %","21,5 %",11 %,7 %,10 %,15 %,–,,5 %,O • 2.035,09.09.–12.09.,–,
INSA,05.09.2016,"30,5 %","21,5 %","11,5 %","6,5 %","9,5 %",15 %,–,,"5,5 %",O • 2.071,02.09.–05.09.,–,
INSA,30.08.2016,"30,5 %",21 %,"11,5 %",7 %,"10,5 %","14,5 %",–,,5 %,O • 2.013,26.08.–29.08.,–,
INSA,23.08.2016,31 %,21 %,"11,5 %","6,5 %","10,5 %",14 %,–,,"5,5 %",O • 2.020,19.08.–22.08.,–,
INSA,16.08.2016,31 %,"20,5 %",11 %,7 %,"11,5 %","13,5 %",–,,"5,5 %",O • 2.046,12.08.–15.08.,–,
INSA,09.08.2016,"31,5 %",21 %,"11,5 %","6,5 %","11,5 %",13 %,–,,5 %,O • 2.056,05.08.–08.08.,–,
INSA,02.08.2016,"31,5 %",21 %,11 %,"6,5 %",11 %,13 %,–,,6 %,O • 1.973,30.07.–01.08.,–,
INSA,26.07.2016,"31,5 %","21,5 %",12 %,"6,5 %","11,5 %",12 %,–,,5 %,O • 2.049,22.07.–25.07.,–,
INSA,19.07.2016,32 %,21 %,12 %,7 %,"11,5 %",11 %,–,,"5,5 %",O • 2.038,15.07.–18.07.,–,
INSA,11.07.2016,31 %,"20,5 %",12 %,"7,5 %",11 %,"12,5 %",–,,"5,5 %",O • 2.034,08.07.–11.07.,–,
INSA,04.07.2016,30 %,21 %,12 %,8 %,10 %,"14,5 %",–,,"4,5 %",O • 2.001,01.07.–04.07.,–,
INSA,27.06.2016,30 %,19 %,13 %,8 %,11 %,14 %,–,,5 %,O • 2.054,24.06.–27.06.,–,
INSA,20.06.2016,31 %,20 %,13 %,7 %,11 %,13 %,–,,5 %,O • 2.017,17.06.–20.06.,–,
INSA,13.06.2016,30 %,"19,5 %",12 %,8 %,11 %,14 %,–,,"5,5 %",O • 2.047,10.06.–13.06.,–,
INSA,06.06.2016,30 %,19 %,13 %,8 %,"10,5 %",14 %,–,,"5,5 %",O • 2.032,03.06.–06.06.,–,
INSA,31.05.2016,30 %,19 %,13 %,8 %,"9,5 %",15 %,–,,"5,5 %",O • 2.053,25.05.–30.05.,–,
INSA,23.05.2016,"30,5 %","19,5 %",13 %,7 %,10 %,15 %,–,,5 %,O • 2.022,20.05.–23.05.,–,
INSA,17.05.2016,"30,5 %","19,5 %",13 %,"7,5 %","10,5 %",15 %,–,,4 %,O • 1.947,13.05.–17.05.,–,
INSA,09.05.2016,"30,5 %","19,5 %",13 %,8 %,10 %,15 %,–,,4 %,O • 2.048,04.05.–09.05.,–,
INSA,02.05.2016,32 %,"19,5 %",13 %,8 %,10 %,"13,5 %",–,,4 %,O • 2.036,29.04.–02.05.,–,
INSA,25.04.2016,31 %,"19,5 %",14 %,8 %,10 %,"13,5 %",–,,4 %,O • 2.054,22.04.–25.04.,–,
INSA,18.04.2016,"31,5 %","19,5 %",13 %,7 %,"9,5 %","13,5 %",–,,6 %,O • 2.010,16.04.–18.04.,–,
INSA,11.04.2016,"31,5 %","19,5 %","13,5 %","7,5 %","9,5 %","12,5 %",–,,6 %,O • 1.997,08.04.–11.04.,–,
INSA,04.04.2016,32 %,20 %,"12,5 %","7,5 %",9 %,13 %,–,,6 %,O • 2.036,01.04.–04.04.,–,
INSA,29.03.2016,32 %,20 %,"12,5 %",6 %,11 %,13 %,–,,"5,5 %",O • 1.873,24.03.–29.03.,–,
INSA,21.03.2016,33 %,22 %,11 %,7 %,"10,5 %",12 %,–,,"4,5 %",O • 2.022,18.03.–21.03.,–,
INSA,14.03.2016,32 %,22 %,10 %,"6,5 %",11 %,13 %,–,,"5,5 %",O • 2.004,11.03.–14.03.,–,
INSA,08.03.2016,"32,5 %",23 %,11 %,"6,5 %",10 %,"11,5 %",–,,"5,5 %",O • 2.011,04.03.–07.03.,–,
INSA,29.02.2016,"32,5 %",23 %,11 %,"6,5 %",11 %,"11,5 %",–,,"4,5 %",O • 2.007,26.02.–29.02.,–,
INSA,22.02.2016,"32,5 %","22,5 %","10,5 %","6,5 %",10 %,"12,5 %",–,,"5,5 %",O • 2.001,19.02.–22.02.,–,
INSA,15.02.2016,"32,5 %","22,5 %",11 %,7 %,"9,5 %","12,5 %",–,,5 %,O • 2.014,12.02.–15.02.,–,
INSA,09.02.2016,"32,5 %",22 %,11 %,6 %,"10,5 %",12 %,–,,6 %,O • 2.054,05.02.–09.02.,–,
INSA,01.02.2016,33 %,23 %,10 %,6 %,10 %,"12,5 %",–,,"5,5 %",O • 2.007,29.01.–01.02.,–,
INSA,25.01.2016,"32,5 %",23 %,10 %,6 %,9 %,13 %,–,,"6,5 %",O • 2.047,22.01.–25.01.,–,
INSA,18.01.2016,"32,5 %","22,5 %","9,5 %","6,5 %",10 %,"12,5 %",–,,"6,5 %",O • 2.051,15.01.–18.01.,–,
INSA,11.01.2016,35 %,"21,5 %",10 %,6 %,10 %,"11,5 %",–,,6 %,O • 2.039,08.01.–11.01.,–,
INSA,04.01.2016,36 %,"22,5 %",10 %,5 %,10 %,"9,5 %",–,,7 %,O • 2.022,30.12.–04.01.,–,
INSA,21.12.2015,"35,5 %",23 %,"9,5 %",6 %,11 %,"9,5 %",–,,"5,5 %",O • 2.066,18.12.–21.12.,–,
INSA,14.12.2015,35 %,"23,5 %",9 %,"5,5 %",10 %,10 %,–,,7 %,O • 2.030,11.12.–14.12.,–,
INSA,08.12.2015,35 %,"23,5 %","9,5 %",6 %,"9,5 %",10 %,–,,"6,5 %",O • 2.012,04.12.–07.12.,–,
INSA,30.11.2015,"34,5 %","23,5 %","9,5 %","5,5 %","9,5 %","10,5 %",–,,7 %,O • 2.016,27.11.–30.11.,–,
INSA,23.11.2015,"34,5 %",23 %,9 %,6 %,"10,5 %",10 %,–,,7 %,O • 2.025,20.11.–23.11.,–,
INSA,16.11.2015,35 %,"23,5 %",10 %,5 %,10 %,"10,5 %",–,,6 %,O • 2.057,13.11.–16.11.,–,
INSA,09.11.2015,34 %,24 %,10 %,6 %,11 %,10 %,–,,5 %,O • 2.017,06.11.–09.11.,–,
INSA,02.11.2015,"35,5 %","24,5 %",10 %,"5,5 %",10 %,8 %,–,,"6,5 %",O • 2.173,30.10.–02.11.,–,
INSA,27.10.2015,35 %,"24,5 %",11 %,"4,5 %","9,5 %","8,5 %",–,,7 %,O • 2.196,23.10.–26.10.,–,
INSA,19.10.2015,37 %,25 %,"9,5 %",5 %,"9,5 %","7,5 %",–,,"6,5 %",O • 2.173,16.10.–19.10.,–,
INSA,12.10.2015,38 %,"24,5 %",10 %,5 %,9 %,"6,5 %",–,,7 %,O • 2.190,09.10.–12.10.,–,
INSA,06.10.2015,39 %,24 %,"9,5 %",5 %,10 %,6 %,–,,"6,5 %",O • 2.183,02.10.–05.10.,–,
INSA,28.09.2015,"38,5 %","23,5 %","10,5 %",4 %,"10,5 %",6 %,–,,7 %,O • 2.201,25.09.–28.09.,–,
INSA,21.09.2015,"39,5 %","24,5 %","9,5 %",4 %,10 %,6 %,–,,"6,5 %",O • 2.187,18.09.–21.09.,–,
INSA,14.09.2015,40 %,24 %,10 %,4 %,"9,5 %","5,5 %",–,,7 %,O • 2.172,11.09.–14.09.,–,
INSA,08.09.2015,"41,5 %",24 %,"10,5 %",4 %,"9,5 %",5 %,–,,"5,5 %",O • 2.151,04.09.–07.09.,–,
INSA,31.08.2015,"41,5 %","23,5 %",10 %,4 %,"9,5 %","4,5 %",–,,7 %,O • 2.169,28.08.–31.08.,–,
INSA,26.08.2015,42 %,"23,5 %","10,5 %",4 %,"9,5 %","3,5 %",–,,7 %,O • 2.169,21.08.–24.08.,–,
INSA,17.08.2015,41 %,"24,5 %",11 %,"4,5 %",9 %,4 %,–,,6 %,O • 2.178,14.08.–17.08.,–,
INSA,11.08.2015,"42,5 %",23 %,"10,5 %","4,5 %",9 %,4 %,–,,"6,5 %",O • 2.161,07.08.–10.08.,–,
INSA,03.08.2015,43 %,"24,5 %",10 %,4 %,"9,5 %",3 %,–,,6 %,O • 2.166,31.07.–03.08.,–,
INSA,28.07.2015,"41,5 %","25,5 %","9,5 %",4 %,"9,5 %",3 %,–,,7 %,O • 2.167,24.07.–27.07.,–,
INSA,20.07.2015,42 %,25 %,"9,5 %",4 %,"9,5 %",3 %,–,,"5,5 %",O • 2.187,17.07.–20.07.,"1,5 %",
INSA,13.07.2015,42 %,"25,5 %","9,5 %",4 %,"9,5 %","3,5 %",–,,6 %,O • 2.178,10.07.–13.07.,–,
INSA,07.07.2015,43 %,24 %,10 %,4 %,9 %,4 %,–,,5 %,O • 2.189,03.07.–06.07.,1 %,
INSA,30.06.2015,"39,5 %","24,5 %","9,5 %",5 %,"9,5 %","4,5 %",–,,"5,5 %",O • 2.187,26.06.–29.06.,2 %,
INSA,23.06.2015,40 %,25 %,10 %,4 %,"9,5 %","4,5 %",–,,7 %,O • 2.179,19.06.–22.06.,–,
INSA,15.06.2015,41 %,24 %,"9,5 %","4,5 %","10,5 %","4,5 %",–,,6 %,O • 2.177,12.06.–15.06.,–,
INSA,10.06.2015,40 %,24 %,10 %,5 %,10 %,5 %,–,,6 %,O • 2.189,05.06.–08.06.,–,
INSA,01.06.2015,41 %,25 %,10 %,5 %,"8,5 %",5 %,–,,"5,5 %",O • 2.168,29.05.–01.06.,–,
INSA,27.05.2015,41 %,"24,5 %","9,5 %",5 %,"9,5 %","5,5 %",–,,5 %,O • 2.163,22.05.–25.05.,–,
INSA,19.05.2015,"40,5 %",24 %,10 %,"4,5 %","9,5 %","5,5 %",–,,6 %,O • 2.175,15.05.–18.05.,–,
INSA,13.05.2015,"41,5 %","24,5 %",9 %,3 %,"9,5 %",6 %,–,,"6,5 %",O • 2.149,08.05.–11.05.,–,
INSA,04.05.2015,41 %,25 %,"9,5 %",3 %,"9,5 %",6 %,–,,4 %,O • 2.148,01.05.–04.05.,2 %,
INSA,27.04.2015,"40,5 %",25 %,11 %,3 %,"8,5 %",6 %,–,,"4,5 %",O • 2.169,24.04.–27.04.,"1,5 %",
INSA,21.04.2015,41 %,"24,5 %",10 %,"3,5 %",9 %,"6,5 %",–,,"5,5 %",O • 2.174,17.04.–20.04.,–,
INSA,14.04.2015,41 %,"23,5 %",10 %,3 %,"9,5 %","6,5 %",–,,"6,5 %",O • 2.161,10.04.–13.04.,–,
INSA,09.04.2015,42 %,24 %,9 %,3 %,9 %,"6,5 %",–,,"6,5 %",O • 2.174,03.04.–07.04.,–,
INSA,31.03.2015,43 %,"23,5 %",10 %,3 %,9 %,6 %,–,,"5,5 %",O • 1.978,27.03.–30.03.,–,
INSA,24.03.2015,41 %,24 %,"9,5 %",4 %,9 %,"6,5 %",–,,6 %,O • 2.012,20.03.–23.03.,–,
INSA,17.03.2015,41 %,"22,5 %","9,5 %","3,5 %",10 %,"7,5 %",–,,6 %,O • 1.998,13.03.–16.03.,–,
INSA,11.03.2015,41 %,"24,5 %","9,5 %",3 %,9 %,"7,5 %",–,,"5,5 %",O • 1.997,06.03.–09.03.,–,
INSA,02.03.2015,41 %,24 %,"9,5 %",3 %,9 %,"7,5 %",–,,6 %,O • 2.019,27.02.–02.03.,–,
INSA,24.02.2015,41 %,"24,5 %","9,5 %",3 %,"8,5 %","7,5 %",–,,6 %,O • 1.992,20.02.–23.02.,–,
INSA,18.02.2015,42 %,24 %,10 %,3 %,"8,5 %",7 %,–,,"5,5 %",O • 2.011,13.02.–17.02.,–,
INSA,10.02.2015,"40,5 %",25 %,"10,5 %",3 %,"8,5 %","7,5 %",–,,5 %,O • 2.005,06.02.–09.02.,–,
INSA,02.02.2015,41 %,25 %,10 %,"2,5 %",9 %,7 %,–,,"5,5 %",O • 2.013,30.01.–02.02.,–,
INSA,26.01.2015,42 %,24 %,10 %,3 %,"8,5 %",7 %,–,,"5,5 %",O • 2.005,23.01.–26.01.,–,
INSA,20.01.2015,42 %,23 %,10 %,"3,5 %",9 %,7 %,–,,4 %,O • 2.019,16.01.–19.01.,"1,5 %",
INSA,15.01.2015,43 %,23 %,10 %,"2,5 %",9 %,"7,5 %",–,,"3,5 %",O • 2.058,09.01.–12.01.,"1,5 %",
INSA,06.01.2015,"42,5 %",24 %,9 %,2 %,"9,5 %","7,5 %",–,,"5,5 %",O • 2.036,02.01.–05.01.,–,
INSA,16.12.2014,"41,5 %","24,5 %","9,5 %",2 %,10 %,"7,5 %",–,,5 %,O • 2.017,12.12.–15.12.,–,
INSA,11.12.2014,41 %,24 %,"9,5 %",2 %,"9,5 %",8 %,–,,6 %,O • 2.046,05.12.–08.12.,–,
INSA,02.12.2014,"41,5 %",23 %,9 %,2 %,10 %,"8,5 %",–,,6 %,O • 2.047,28.11.–01.12.,–,
INSA,24.11.2014,41 %,24 %,9 %,"2,5 %","10,5 %","7,5 %",–,,"5,5 %",O • 1.979,21.11.–24.11.,–,
INSA,17.11.2014,40 %,25 %,10 %,"2,5 %",10 %,7 %,–,,"5,5 %",O • 2.017,14.11.–17.11.,–,
INSA,11.11.2014,41 %,"24,5 %",10 %,"3,5 %",9 %,8 %,–,,4 %,O • 2.028,07.11.–10.11.,–,
INSA,05.11.2014,41 %,25 %,9 %,"2,5 %",9 %,8 %,–,,4 %,O • 2.020,03.11.–05.11.,"1,5 %",
INSA,28.10.2014,41 %,24 %,10 %,2 %,9 %,8 %,–,,"4,5 %",O • 2.003,24.10.–27.10.,"1,5 %",
INSA,21.10.2014,"40,5 %","24,5 %",9 %,"2,5 %",9 %,8 %,–,,5 %,O • 2.005,17.10.–20.10.,"1,5 %",
INSA,13.10.2014,40 %,24 %,10 %,2 %,9 %,9 %,–,,6 %,O • 2.043,10.10.–13.10.,–,
INSA,07.10.2014,39 %,24 %,11 %,3 %,8 %,8 %,–,,7 %,O • 2.030,03.10.–06.10.,–,
INSA,29.09.2014,"38,5 %",25 %,11 %,3 %,"9,5 %","8,5 %",–,,"4,5 %",O • 2.037,26.09.–29.09.,–,
INSA,24.09.2014,"39,5 %",24 %,10 %,3 %,9 %,8 %,–,,"6,5 %",O • 2.019,19.09.–22.09.,–,
INSA,16.09.2014,39 %,25 %,10 %,"3,5 %","9,5 %",7 %,–,,6 %,O • 2.020,12.09.–15.09.,–,
INSA,10.09.2014,"39,5 %",23 %,11 %,"3,5 %",9 %,6 %,–,,6 %,O • 2.030,05.09.–08.09.,2 %,
INSA,02.09.2014,40 %,25 %,10 %,3 %,10 %,6 %,–,,6 %,O • 2.036,29.08.–01.09.,–,
INSA,27.08.2014,42 %,25 %,10 %,"3,5 %","9,5 %",5 %,–,,5 %,O • 1.998,22.08.–25.08.,–,
INSA,20.08.2014,41 %,26 %,10 %,"3,5 %",9 %,5 %,–,,"5,5 %",O • 2.005,15.08.–18.08.,–,
INSA,13.08.2014,42 %,26 %,"9,5 %",3 %,9 %,"5,5 %",–,,5 %,O • 2.006,08.08.–11.08.,–,
INSA,05.08.2014,41 %,25 %,"9,5 %",3 %,"9,5 %","4,5 %",–,,"5,5 %",O • 2.032,01.08.–04.08.,2 %,
INSA,29.07.2014,40 %,"24,5 %","10,5 %","3,5 %",9 %,5 %,–,,6 %,O • 2.014,25.07.–28.07.,"1,5 %",
INSA,23.07.2014,41 %,24 %,10 %,"3,5 %",9 %,6 %,–,,5 %,O • 2.044,18.07.–21.07.,"1,5 %",
INSA,14.07.2014,40 %,24 %,11 %,"3,5 %",9 %,6 %,–,,5 %,O • 2.018,11.07.–14.07.,"1,5 %",
INSA,08.07.2014,40 %,25 %,10 %,4 %,9 %,"5,5 %",–,,4 %,O • 2.033,04.07.–07.07.,"2,5 %",
INSA,30.06.2014,41 %,24 %,10 %,"3,5 %",9 %,6 %,–,,"4,5 %",O • 2.044,27.06.–30.06.,2 %,
INSA,23.06.2014,"40,5 %",24 %,11 %,3 %,9 %,6 %,–,,"4,5 %",O • 2.020,20.06.–23.06.,2 %,
INSA,16.06.2014,"39,5 %",25 %,11 %,4 %,"8,5 %",6 %,–,,"4,5 %",O • 1.993,13.06.–16.06.,"1,5 %",
INSA,11.06.2014,39 %,"24,5 %",11 %,"4,5 %",9 %,"6,5 %",–,,"3,5 %",O • 2.036,06.06.–10.06.,2 %,
INSA,03.06.2014,38 %,26 %,11 %,"3,5 %",9 %,6 %,–,,4 %,O • 2.014,30.05.–02.06.,"2,5 %",
INSA,27.05.2014,39 %,26 %,10 %,4 %,9 %,6 %,–,,4 %,O • 2.009,23.05.–26.05.,2 %,
INSA,19.05.2014,40 %,25 %,10 %,4 %,9 %,5 %,–,,5 %,O • 2.009,16.05.–19.05.,2 %,
INSA,13.05.2014,40 %,"23,5 %",11 %,4 %,10 %,"5,5 %",–,,4 %,O • 2.033,09.05.–12.05.,2 %,
INSA,05.05.2014,41 %,25 %,11 %,3 %,9 %,5 %,–,,4 %,O • 2.082,02.05.–05.05.,2 %,
INSA,29.04.2014,"41,5 %",24 %,10 %,"4,5 %",9 %,"5,5 %",–,,"3,5 %",O • 2.093,25.04.–28.04.,2 %,
INSA,23.04.2014,41 %,"24,5 %","10,5 %","4,5 %",9 %,5 %,–,,"3,5 %",O • 2.089,18.04.–21.04.,2 %,
INSA,14.04.2014,"40,5 %","23,5 %",10 %,5 %,10 %,"5,5 %",–,,"3,5 %",O • 2.080,11.04.–14.04.,2 %,
INSA,08.04.2014,41 %,24 %,10 %,4 %,10 %,6 %,–,,3 %,O • 2.085,04.04.–07.04.,2 %,
INSA,01.04.2014,41 %,"24,5 %",11 %,3 %,9 %,5 %,–,,"4,5 %",O • 2.087,28.03.–31.03.,2 %,
INSA,26.03.2014,41 %,25 %,10 %,4 %,10 %,5 %,–,,3 %,O • 2.088,21.03.–24.03.,2 %,
INSA,19.03.2014,"40,5 %","24,5 %",10 %,4 %,10 %,5 %,–,,4 %,O • 2.102,14.03.–17.03.,2 %,
INSA,11.03.2014,41 %,"25,5 %",10 %,4 %,"8,5 %","5,5 %",–,,"3,5 %",O • 2.085,07.03.–10.03.,2 %,
INSA,04.03.2014,41 %,"24,5 %",11 %,4 %,"9,5 %",5 %,–,,3 %,O • 2.043,28.02.–03.03.,2 %,
INSA,25.02.2014,"40,5 %","25,5 %",10 %,4 %,9 %,"5,5 %",–,,3 %,O • 2.100,21.02.–24.02.,"2,5 %",
INSA,17.02.2014,41 %,25 %,10 %,4 %,10 %,5 %,–,,"2,5 %",O • 2.080,14.02.–17.02.,"2,5 %",
INSA,11.02.2014,41 %,26 %,9 %,4 %,"9,5 %",5 %,–,,"3,5 %",O • 2.102,07.02.–10.02.,2 %,
INSA,03.02.2014,"41,5 %",25 %,"9,5 %",4 %,9 %,5 %,–,,"3,5 %",O • 2.110,31.01.–03.02.,"2,5 %",
INSA,27.01.2014,41 %,"26,5 %","9,5 %","4,5 %","8,5 %",4 %,–,,"3,5 %",O • 2.079,24.01.–27.01.,"2,5 %",
INSA,22.01.2014,41 %,26 %,"9,5 %","4,5 %",9 %,4 %,–,,6 %,O • 2.096,17.01.–20.01.,–,
INSA,13.01.2014,41 %,26 %,10 %,4 %,"9,5 %",4 %,–,,"5,5 %",O • 2.083,10.01.–13.01.,–,
INSA,06.01.2014,"41,5 %",25 %,9 %,4 %,10 %,5 %,–,,"5,5 %",O • 2.067,03.01.–06.01.,–,
INSA,17.12.2013,42 %,27 %,9 %,4 %,9 %,4 %,–,,5 %,O • 2.100,13.12.–16.12.,–,
INSA,09.12.2013,42 %,25 %,10 %,4 %,"9,5 %","4,5 %",–,,5 %,O • 2.090,06.12.–09.12.,–,
INSA,03.12.2013,"42,5 %",24 %,11 %,"3,5 %","9,5 %",4 %,–,,"5,5 %",O • 2.093,29.11.–02.12.,–,
INSA,27.11.2013,"40,5 %","25,5 %","10,5 %",4 %,9 %,4 %,–,,"6,5 %",O • 2.095,22.11.–25.11.,–,
INSA,20.11.2013,41 %,25 %,10 %,4 %,"9,5 %","4,5 %",–,,6 %,O • 2.093,15.11.–18.11.,–,
INSA,12.11.2013,42 %,25 %,11 %,4 %,"8,5 %","4,5 %",–,,5 %,O • 2.099,06.11.–11.11.,–,
INSA,06.11.2013,42 %,26 %,"10,5 %","3,5 %",9 %,4 %,–,,5 %,O • 2.086,01.11.–04.11.,–,
INSA,30.10.2013,42 %,"26,5 %",10 %,"3,5 %",9 %,"4,5 %",–,,"4,5 %",O • 2.097,25.10.–28.10.,–,
INSA,21.10.2013,43 %,26 %,10 %,"3,5 %","8,5 %",4 %,–,,5 %,O • 2.117,18.10.–21.10.,–,
INSA,15.10.2013,42 %,26 %,9 %,4 %,9 %,6 %,–,,4 %,O • 1.998,11.10.–14.10.,–,
INSA,10.10.2013,43 %,25 %,9 %,4 %,9 %,5 %,1 %,,2 %,O • 2.030,08.10.–09.10.,2 %,
INSA,19.09.2013,38 %,28 %,8 %,6 %,9 %,5 %,1 %,,3 %,O • 2.248,15.09.–18.09.,2 %,
INSA,15.09.2013,38 %,27 %,11 %,4 %,8 %,4 %,?,,?,O • 2.132,??.09.–??.09.,3 %,
INSA,09.09.2013,39 %,28 %,11 %,4 %,8 %,3 %,1 %,,3 %,O • 2.132,06.09.–09.09.,3 %,
INSA,02.09.2013,39 %,26 %,13 %,5 %,8 %,3 %,1 %,,2 %,O • 2.135,30.08.–02.09.,3 %,
INSA,26.08.2013,39 %,25 %,14 %,6 %,7 %,3 %,2 %,,1 %,O • 2.128,23.08.–26.08.,3 %,
INSA,20.08.2013,38 %,26 %,15 %,5 %,8 %,3 %,1 %,,1 %,O • 2.122,16.08.–19.08.,3 %,
INSA,13.08.2013,39 %,26 %,14 %,5 %,8 %,3 %,1 %,,2 %,O • 2.121,09.08.–12.08.,2 %,
INSA,05.08.2013,39 %,26 %,14 %,5 %,8 %,2 %,1 %,,3 %,O • 2.131,02.08.–05.08.,2 %,
INSA,30.07.2013,39 %,26 %,15 %,4 %,7 %,3 %,1 %,,3 %,O • 2.128,26.07.–29.07.,2 %,
INSA,23.07.2013,38 %,26 %,15 %,5 %,7 %,3 %,1 %,,3 %,O • 2.132,19.07.–22.07.,2 %,
INSA,16.07.2013,38 %,26 %,15 %,5 %,8 %,3 %,1 %,,2 %,O • 2.122,12.07.–15.07.,2 %,
INSA,09.07.2013,39 %,26 %,14 %,5 %,7 %,3 %,1 %,,3 %,O • 2.125,05.07.–08.07.,2 %,
INSA,01.07.2013,40 %,25 %,15 %,4 %,7 %,3 %,2 %,,2 %,O • 2.121,28.06.–01.07.,2 %,
INSA,24.06.2013,39 %,26 %,16 %,4 %,7 %,2 %,1 %,,3 %,O • 2.129,21.06.–24.06.,2 %,
INSA,19.06.2013,40 %,25 %,15 %,4 %,7 %,3 %,1 %,,2 %,O • 2.317,14.06.–17.06.,3 %,
INSA,11.06.2013,39 %,26 %,14 %,5 %,7 %,3 %,1 %,,3 %,O • 2.005,07.06.–11.06.,2 %,
INSA,04.06.2013,39 %,27 %,15 %,4 %,6 %,3 %,1 %,,2 %,O • 2.633,31.05.–03.06.,3 %,
INSA,01.06.2013,39 %,26 %,14 %,4 %,7 %,4 %,1 %,,2 %,O • 1.025,27.05.–29.05.,3 %,
INSA,27.05.2013,39 %,25 %,14 %,4 %,7 %,3 %,2 %,,4 %,O • 2.019,24.05.–27.05.,2 %,
INSA,22.05.2013,38 %,26 %,13 %,5 %,8 %,3 %,2 %,,3 %,O • 2.009,17.05.–20.05.,2 %,
INSA,17.05.2013,37 %,27 %,14 %,4 %,8 %,3 %,2 %,,2 %,O • 1.023,14.05.–15.05.,3 %,
INSA,13.05.2013,37 %,27 %,15 %,4 %,7 %,3 %,1 %,,3 %,O • 2.015,10.05.–13.05.,3 %,
INSA,07.05.2013,37 %,26 %,15 %,5 %,7 %,3 %,1 %,,3 %,O • 2.044,03.05.–06.05.,3 %,
INSA,29.04.2013,38 %,26 %,16 %,5 %,7 %,3 %,1 %,,2 %,O • 2.000,26.04.–29.04.,2 %,
INSA,22.04.2013,38 %,26 %,15 %,5 %,6 %,5 %,1 %,,2 %,O • 2.030,19.04.–22.04.,2 %,
INSA,21.04.2013,39 %,26 %,14 %,5 %,6 %,4 %,1 %,,3 %,O • 1.030,18.04.–19.04.,2 %,
INSA,16.04.2013,39 %,26 %,15 %,5 %,6 %,3 %,1 %,,2 %,O • 2.018,12.04.–15.04.,3 %,
INSA,09.04.2013,39 %,26 %,16 %,5 %,7 %,–,2 %,,3 %,O • 2.018,05.04.–08.04.,2 %,
INSA,25.03.2013,39 %,27 %,14 %,5 %,8 %,–,1 %,,3 %,O • 2.006,22.03.–25.03.,3 %,
INSA,22.03.2013,40 %,27 %,15 %,5 %,7 %,–,1 %,,3 %,O • 2.011,15.03.–18.03.,2 %,
INSA,12.03.2013,40 %,27 %,16 %,5 %,6 %,–,2 %,,2 %,O • 2.022,08.03.–11.03.,2 %,
INSA,04.03.2013,41 %,26 %,15 %,5 %,7 %,–,1 %,,2 %,O • 2.006,01.03.–04.03.,3 %,
INSA,26.02.2013,40 %,28 %,15 %,5 %,7 %,–,1 %,,2 %,O • 2.028,22.02.–25.02.,2 %,
INSA,19.02.2013,40 %,29 %,15 %,5 %,6 %,–,1 %,,2 %,O • 2.023,15.02.–18.02.,2 %,
INSA,12.02.2013,39 %,29 %,15 %,4 %,6 %,–,1 %,,3 %,O • 2.011,08.02.–11.02.,3 %,
Yougov,15.09.2026,18 %,13 %,16 %,5 %,10 %,29 %,–,4 %,5 %,O • 1.787,11.09.–14.09.,,
Yougov,18.08.2026,20 %,12 %,15 %,5 %,12 %,28 %,–,3 %,5 %,O • 1.744,14.08.–17.08.,,
Yougov,14.07.2026,20 %,12 %,14 %,5 %,12 %,27 %,–,4 %,6 %,O • 1.827,10.07.–13.07.,,
Yougov,16.06.2026,20 %,12 %,14 %,5 %,12 %,29 %,–,4 %,5 %,O • 1.793,12.06.–15.06.,,
Yougov,12.05.2026,22 %,13 %,13 %,4 %,11 %,28 %,–,4 %,5 %,O • 1.783,08.05.–11.05.,,
Yougov,15.04.2026,23 %,13 %,14 %,4 %,10 %,27 %,–,4 %,5 %,O • 1.763,10.04.–13.04.,,
Yougov,17.03.2026,26 %,14 %,13 %,3 %,9 %,26 %,–,3 %,6 %,O • 1.851,13.03.–16.03.,,
Yougov,11.02.2026,25 %,16 %,11 %,4 %,10 %,25 %,–,4 %,6 %,O • 1.657,06.02.–09.02.,,
Yougov,14.01.2026,25 %,16 %,12 %,4 %,10 %,25 %,–,3 %,5 %,O • 1.673,09.01.–12.01.,,
Yougov,17.12.2025,26 %,14 %,12 %,4 %,10 %,26 %,–,4 %,5 %,O • 1.743,12.12.–15.12.,,
Yougov,19.11.2025,27 %,14 %,11 %,4 %,11 %,25 %,–,4 %,5 %,O • 2.005,14.11.–17.11.,,
Yougov,15.10.2025,27 %,14 %,11 %,3 %,10 %,26 %,–,4 %,5 %,O • 1.880,10.10.–13.10.,,
Yougov,17.09.2025,26 %,15 %,11 %,4 %,9 %,27 %,–,5 %,4 %,O • 1.649,12.09.–15.09.,,
Yougov,20.08.2025,27 %,14 %,12 %,3 %,10 %,25 %,–,5 %,4 %,O • 1.831,15.08.–18.08.,,
Yougov,16.07.2025,27 %,14 %,11 %,3 %,10 %,25 %,–,5 %,5 %,O • 1.820,11.07.–14.07.,,
Yougov,18.06.2025,28 %,14 %,12 %,3 %,8 %,23 %,–,5 %,5 %,O • 1.912,13.06.–16.06.,,
Yougov,14.05.2025,27 %,15 %,12 %,3 %,9 %,25 %,–,4 %,4 %,O • 1.927,09.05.–12.05.,,
Yougov,30.04.2025,26 %,14 %,12 %,4 %,10 %,26 %,–,5 %,3 %,O • 1.987,25.04.–28.04.,,
Yougov,26.03.2025,26 %,15 %,12 %,3 %,10 %,24 %,–,5 %,4 %,O • 1.890,21.03.–24.03.,,
Yougov,21.02.2025,29 %,16 %,13 %,4 %,8 %,20 %,–,5 %,5 %,O • 1.681,17.02.–20.02.,,
Yougov,17.02.2025,27 %,17 %,12 %,4 %,9 %,20 %,–,5 %,5 %,O • 2.131,14.02.–17.02.,,
Yougov,12.02.2025,29 %,16 %,12 %,4 %,6 %,21 %,–,5 %,6 %,O • 2.083,07.02.–10.02.,,
Yougov,05.02.2025,29 %,18 %,12 %,4 %,6 %,22 %,–,6 %,4 %,O • 2.181,31.01.–04.02.,,
Yougov,29.01.2025,29 %,15 %,13 %,3 %,5 %,23 %,–,6 %,5 %,O • 1.781,24.01.–27.01.,,
Yougov,22.01.2025,28 %,19 %,15 %,4 %,4 %,19 %,–,6 %,6 %,O • 1.858,17.01.–20.01.,,
Yougov,15.01.2025,30 %,18 %,14 %,4 %,4 %,21 %,–,6 %,5 %,O • 1.771,10.01.–14.01.,,
Yougov,08.01.2025,29 %,16 %,14 %,5 %,3 %,21 %,–,6 %,6 %,O • 1.908,03.01.–06.01.,,
Yougov,05.12.2024,30 %,18 %,13 %,4 %,3 %,19 %,1 %,7 %,6 %,O • 1.879,29.11.–03.12.,,
Yougov,14.11.2024,33 %,15 %,12 %,5 %,3 %,19 %,1 %,7 %,6 %,O • 1.805,08.11.–12.11.,,
Yougov,10.10.2024,32 %,16 %,11 %,5 %,3 %,18 %,1 %,8 %,6 %,O • 1.773,04.10.–08.10.,,
Yougov,13.09.2024,32 %,14 %,13 %,4 %,4 %,18 %,1 %,8 %,6 %,O • 1.752,06.09.–10.09.,,
Yougov,16.08.2024,31 %,15 %,12 %,5 %,3 %,19 %,1 %,8 %,6 %,O • 1.998,09.08.–13.08.,,
Yougov,05.07.2024,30 %,14 %,12 %,6 %,3 %,19 %,2 %,9 %,6 %,O • 1.711,28.06.–03.07.,,
Yougov,07.06.2024,29 %,14 %,12 %,4 %,4 %,18 %,2 %,9 %,8 %,O • 1.894,31.05.–05.06.,,
Yougov,10.05.2024,30 %,16 %,14 %,4 %,4 %,19 %,1 %,7 %,5 %,O • 1.749,03.05.–08.05.,,
Yougov,11.04.2024,29 %,14 %,15 %,5 %,4 %,19 %,1 %,7 %,6 %,O • 1.588,05.04.–10.04.,,
Yougov,07.03.2024,29 %,15 %,14 %,4 %,4 %,19 %,1 %,7 %,7 %,O • 1.762,01.03.–05.03.,,
Yougov,08.02.2024,31 %,14 %,12 %,4 %,3 %,20 %,1 %,7 %,6 %,O • 2.018,02.02.–06.02.,,
Yougov,11.01.2024,29 %,15 %,12 %,6 %,5 %,24 %,2 %,–,7 %,O • 1.614,03.01.–08.01.,,
Yougov,08.12.2023,30 %,14 %,14 %,6 %,4 %,23 %,2 %,–,7 %,O • 1.669,01.12.–06.12,,
Yougov,10.11.2023,29 %,15 %,15 %,5 %,5 %,22 %,2 %,–,7 %,O • 1.732,03.11.–07.11,,
Yougov,13.10.2023,29 %,16 %,15 %,5 %,6 %,21 %,2 %,–,5 %,O • 1.842,06.10.–10.10.,,
Yougov,08.09.2023,29 %,16 %,14 %,5 %,5 %,23 %,1 %,–,8 %,O • 1.833,01.09.–06.09.,,
Yougov,04.08.2023,27 %,17 %,14 %,5 %,6 %,23 %,1 %,–,7 %,O • 1.756,25.07.–02.08.,,
Yougov,07.07.2023,27 %,18 %,14 %,6 %,6 %,21 %,1 %,–,6 %,O • 1.694,30.06.–04.07.,,
Yougov,09.06.2023,28 %,19 %,13 %,5 %,6 %,20 %,1 %,–,7 %,O • 1.628,02.06.–07.06.,,
Yougov,12.05.2023,31 %,16 %,16 %,5 %,6 %,17 %,2 %,–,7 %,O • 1.700,05.05.–09.05.,,
Yougov,06.04.2023,30 %,20 %,15 %,6 %,6 %,17 %,1 %,–,6 %,O • 1.522,30.03.–04.04.,,
Yougov,10.03.2023,28 %,20 %,16 %,6 %,7 %,17 %,1 %,–,6 %,O • 1.649,03.03.–07.03.,,
Yougov,10.02.2023,27 %,19 %,16 %,6 %,6 %,17 %,2 %,–,7 %,O • 1.736,03.02.–09.02.,,
Yougov,13.01.2023,27 %,18 %,17 %,8 %,6 %,16 %,1 %,–,6 %,O • 1.561,06.01.–10.01.,,
Yougov,22.12.2022,30 %,19 %,17 %,7 %,5 %,14 %,1 %,–,8 %,O • 1.608,16.12.–21.12.,,
Yougov,11.11.2022,29 %,18 %,20 %,5 %,7 %,16 %,1 %,–,5 %,O • 1.608,04.11.–09.11.,,
Yougov,14.10.2022,29 %,16 %,19 %,6 %,6 %,15 %,2 %,–,7 %,O • 1.617,07.10.–12.10.,,
Yougov,16.09.2022,29 %,16 %,19 %,6 %,7 %,14 %,1 %,–,7 %,O • 1.635,09.09.–13.09.,,
Yougov,12.08.2022,27 %,19 %,21 %,6 %,6 %,14 %,1 %,–,7 %,O • 1.595,05.08.–10.08.,,
Yougov,08.07.2022,28 %,19 %,20 %,7 %,5 %,12 %,1 %,–,8 %,O • 1.655,01.07.–05.07.,,
Yougov,10.06.2022,30 %,18 %,21 %,7 %,6 %,12 %,1 %,–,6 %,O • 1.633,03.06.–07.06.,,
Yougov,12.05.2022,28 %,20 %,19 %,9 %,5 %,10 %,1 %,–,7 %,O • 1.659,06.05.–10.05.,,
Yougov,14.04.2022,26 %,21 %,18 %,9 %,6 %,12 %,1 %,–,7 %,O • 1.643,08.04.–12.04.,,
Yougov,11.03.2022,26 %,23 %,16 %,9 %,6 %,11 %,1 %,–,7 %,O • 1.629,04.03.–08.03.,,
Yougov,21.02.2022,27 %,21 %,17 %,9 %,7 %,11 %,1 %,–,6 %,O • 1.659,10.02.–15.02.,,
Yougov,28.01.2022,26 %,23 %,15 %,8 %,8 %,12 %,2 %,–,7 %,O • 1.602,21.01.–25.01.,,
Yougov,17.12.2021,23 %,27 %,16 %,10 %,6 %,11 %,2 %,–,6 %,O • 1.715,10.12.–14.12.,,
Yougov,26.11.2021,23 %,25 %,16 %,11 %,6 %,12 %,2 %,–,5 %,O • 1.797,19.11.–23.11.,,
Yougov,23.09.2021,21 %,25 %,14 %,11 %,7 %,12 %,2 %,–,7 %,O • 2.364,16.09.–22.09.,,
Yougov,16.09.2021,20 %,25 %,15 %,10 %,8 %,11 %,3 %,–,7 %,O • 1.816,09.09.–14.09.,,
Yougov,10.09.2021,21 %,26 %,15 %,10 %,6 %,12 %,–,–,10 %,O • 1.700,03.09.–07.09.,,
Yougov,03.09.2021,20 %,25 %,15 %,13 %,8 %,12 %,–,–,8 %,O • 1.729,27.08.–31.08.,,
Yougov,27.08.2021,22 %,24 %,16 %,13 %,8 %,11 %,–,–,7 %,O • 1.689,20.08.–24.08.,,
Yougov,30.07.2021,28 %,16 %,16 %,12 %,8 %,12 %,–,–,8 %,O • 1.748,23.07.–26.07.,,
Yougov,02.07.2021,30 %,15 %,19 %,11 %,7 %,11 %,–,–,7 %,O • 1.648,25.06.–28.06.,,
Yougov,27.05.2021,26 %,15 %,22 %,12 %,7 %,11 %,–,–,7 %,O • 1.706,21.05.–24.05.,,
Yougov,30.04.2021,24 %,14 %,25 %,11 %,8 %,11 %,–,–,7 %,O • 1.643,23.04.–26.04.,,
Yougov,01.04.2021,27 %,17 %,21 %,10 %,8 %,11 %,–,–,6 %,O • 1.637,25.03.–29.03.,,
Yougov,26.02.2021,33 %,16 %,18 %,8 %,8 %,11 %,–,–,6 %,O • 1.619,18.02.–22.02.,,
Yougov,04.02.2021,36 %,15 %,18 %,7 %,9 %,10 %,–,–,5 %,O • 1.606,29.01.–01.02.,,
Yougov,06.01.2021,36 %,15 %,18 %,6 %,9 %,10 %,–,–,6 %,O • 1.588,30.12.–05.01.,,
Yougov,26.11.2020,37 %,15 %,18 %,6 %,9 %,10 %,–,–,5 %,O • 1.632,19.11.–23.11.,,
Yougov,30.10.2020,35 %,15 %,18 %,6 %,9 %,12 %,–,–,5 %,O • 1.656,22.10.–26.10.,,
Yougov,25.09.2020,35 %,15 %,18 %,5 %,9 %,12 %,–,–,6 %,O • 1.623,19.09.–21.09.,,
Yougov,28.08.2020,36 %,16 %,18 %,5 %,8 %,11 %,–,–,6 %,O • 1.611,20.08.–24.08.,,
Yougov,06.08.2020,36 %,14 %,18 %,6 %,9 %,11 %,–,–,6 %,O • 1.623,30.07.–04.08.,,
Yougov,26.06.2020,37 %,15 %,17 %,5 %,9 %,11 %,–,–,6 %,O • 1.636,18.06.–22.06.,,
Yougov,28.05.2020,37 %,15 %,16 %,5 %,9 %,11 %,–,–,7 %,O • 1.584,20.05.–26.05.,,
Yougov,30.04.2020,37 %,16 %,16 %,5 %,9 %,11 %,–,–,6 %,O • 1.636,23.04.–27.04.,,
Yougov,03.04.2020,34 %,16 %,18 %,6 %,9 %,12 %,–,–,5 %,O • 1.615,27.03.–30.03.,,
Yougov,06.03.2020,27 %,15 %,21 %,6 %,10 %,14 %,–,–,7 %,O • 1.632,28.02.–02.03.,,
Yougov,18.12.2019,27 %,13 %,21 %,7 %,10 %,15 %,–,–,7 %,O • 1.586,13.12.–17.12.,,
Yougov,27.11.2019,26 %,13 %,22 %,7 %,10 %,15 %,–,–,7 %,O • 1.648,22.11.–26.11.,,
Yougov,06.11.2019,27 %,13 %,22 %,7 %,10 %,14 %,–,–,7 %,O • 1.583,31.10.–05.11.,,
Yougov,03.10.2019,26 %,13 %,22 %,8 %,8 %,15 %,–,–,8 %,O • 1.573,27.09.–01.10.,,
Yougov,11.09.2019,27 %,15 %,22 %,6 %,8 %,14 %,–,–,8 %,O • 1.632,06.09.–10.09.,,
Yougov,31.07.2019,26 %,13 %,24 %,8 %,8 %,14 %,–,–,7 %,O • 1.594,26.07.–29.07.,,
Yougov,03.07.2019,26 %,13 %,25 %,7 %,8 %,13 %,–,–,8 %,O • 1.644,28.06.–02.07.,,
Yougov,23.05.2019,29 %,18 %,18 %,8 %,9 %,12 %,–,–,6 %,O • 1.609,17.05.–21.05.,,
Yougov,03.05.2019,29 %,18 %,17 %,9 %,9 %,13 %,–,–,5 %,O • 1.642,26.04.–29.04.,,
Yougov,28.03.2019,30 %,18 %,17 %,9 %,9 %,12 %,–,–,5 %,O • 1.633,22.03.–26.03.,,
Yougov,27.02.2019,30 %,18 %,17 %,9 %,9 %,13 %,–,–,4 %,O • 1.620,22.02.–26.02.,,
Yougov,31.01.2019,32 %,15 %,18 %,8 %,9 %,14 %,–,–,4 %,O • 1.578,25.01.–29.01.,,
Yougov,28.12.2018,30 %,16 %,18 %,8 %,10 %,14 %,–,–,4 %,O • 1.665,21.12.–27.12.,,
Yougov,28.11.2018,27 %,15 %,21 %,9 %,10 %,14 %,–,–,4 %,O • 1.580,23.11.–27.11.,,
Yougov,07.11.2018,25 %,14 %,21 %,10 %,10 %,16 %,–,–,4 %,O • 1.542,28.10.–04.11.,,
Yougov,27.09.2018,27 %,17 %,14 %,9 %,11 %,18 %,–,–,4 %,O • 1.504,21.09.–25.09.,,
Yougov,30.08.2018,28 %,17 %,13 %,9 %,11 %,17 %,–,–,5 %,O • 1.538,24.08.–28.08.,,
Yougov,25.07.2018,30 %,17 %,12 %,9 %,11 %,17 %,–,–,4 %,O • 1.520,20.07.–24.07.,,
Yougov,27.06.2018,30 %,17 %,12 %,10 %,11 %,16 %,–,–,4 %,O • 1.525,22.06.–26.06.,,
Yougov,30.05.2018,33 %,17 %,11 %,9 %,11 %,16 %,–,–,3 %,O • 1.556,25.05.–29.05.,,
Yougov,25.04.2018,32 %,18 %,12 %,9 %,10 %,15 %,–,–,4 %,O • 1.573,20.04.–24.04.,,
Yougov,28.03.2018,34 %,17 %,11 %,8 %,11 %,15 %,–,–,4 %,O • 1.579,23.03.–27.03.,,
Yougov,28.02.2018,32 %,16 %,12 %,8 %,12 %,16 %,–,–,4 %,O • 1.585,26.02.–28.02.,,
Yougov,25.01.2018,34 %,19 %,10 %,8 %,11 %,14 %,–,–,4 %,O • 1.566,19.01.–23.01.,,
Yougov,28.12.2017,33 %,21 %,10 %,9 %,10 %,13 %,–,–,4 %,O • 1.489,25.12.–27.12.,,
Yougov,29.11.2017,32 %,21 %,10 %,9 %,10 %,13 %,–,–,5 %,O • 1.570,24.11.–28.11.,,
Yougov,21.09.2017,36 %,23 %,7 %,9 %,10 %,10 %,–,–,5 %,O • 1.862,15.09.–19.09.,,
Yougov,13.09.2017,36 %,23 %,8 %,9 %,10 %,10 %,–,–,4 %,O • 1.600,08.09.–12.09.,,
Yougov,06.09.2017,34 %,24 %,7 %,9 %,9 %,11 %,–,–,6 %,O • 1.617,04.09.–06.09.,,
Yougov,30.08.2017,36 %,25 %,7 %,7 %,10 %,10 %,–,–,5 %,O • 1.557,25.08.–29.08.,,
Yougov,24.08.2017,37 %,25 %,7 %,8 %,9 %,9 %,–,–,5 %,O • 1.520,18.08.–22.08.,,
Yougov,16.08.2017,37 %,25 %,7 %,9 %,9 %,9 %,–,–,4 %,O • 1.538,11.08.–15.08.,,
Yougov,10.08.2017,38 %,24 %,6 %,9 %,9 %,9 %,–,–,5 %,O • 1.513,04.08.–08.08.,,
Yougov,03.08.2017,37 %,25 %,7 %,9 %,9 %,8 %,–,–,5 %,O • 2.000,28.07.–01.08.,,
Yougov,27.07.2017,38 %,25 %,7 %,9 %,9 %,8 %,–,–,4 %,O • 2.000,21.07.–25.07.,,
Yougov,12.07.2017,38 %,24 %,8 %,9 %,9 %,8 %,–,–,4 %,O • 1.535,10.07.–12.07.,,
Yougov,29.06.2017,38 %,25 %,8 %,8 %,9 %,8 %,–,–,4 %,O • 2.000,26.06.–28.06.,,
Yougov,23.06.2017,36 %,25 %,8 %,9 %,10 %,7 %,–,–,5 %,O • 1.523,19.06.–22.06.,,
Yougov,02.06.2017,37 %,23 %,8 %,9 %,10 %,9 %,–,–,4 %,O • 2.040,29.05.–31.05.,,
Yougov,19.05.2017,38 %,25 %,7 %,9 %,9 %,9 %,–,–,3 %,O • 2.000,15.05.–17.05.,,
Yougov,12.05.2017,37 %,25 %,7 %,9 %,8 %,9 %,–,–,5 %,O • 2.010,08.05.–11.05.,,
Yougov,05.05.2017,35 %,28 %,7 %,7 %,9 %,9 %,–,–,5 %,O • 1.957,27.04.–02.05.,,
